[Taichi] version 1.7.4, llvm 15.0.4, commit b4b956fd, linux, python 3.9.25
[Taichi] Starting on arch=x64
pos: -0.014225091516791345 0.02063277096928219
Saving Path: ../imgs/traj_opt_fold_13
iter:  0
Begin thicken cloth...
Num Vertices: (64, 3)
Num Faces: (90, 3)
Num Vertex Normals: (64, 3)
Num Face Normals: (90, 3)
Num Vertex UV: (64, 2)

Begin subdivide cloth...
Num Vertices: (128, 3)
Num Faces: (252, 3)
Num Vertex Normals: (128, 3)
Num Face Normals: (252, 3)
Num Vertex UV: (128, 2)

Begin subdivide cloth...
Num Vertices: (758, 3)
Num Faces: (1512, 3)
Num Vertex Normals: (758, 3)
Num Face Normals: (1512, 3)
Num Vertex UV: (758, 2)

Num Vertices: (4538, 3)
Num Faces: (9072, 3)
Num Vertex Normals: (4538, 3)
Num Face Normals: (9072, 3)
Num Vertex UV: (4538, 2)

/root/ThinShellLab/code/engine/sparse_solver.py:103: VisibleDeprecationWarning: This function is deprecated and will be removed in a future release. Use the cupy.from_dlpack() array constructor instead.
  x = from_dlpack(spsolve(H, b).toDlpack())
Begin thicken cloth...
Num Vertices: (64, 3)
Num Faces: (90, 3)
Num Vertex Normals: (64, 3)
Num Face Normals: (90, 3)
Num Vertex UV: (64, 2)

Begin subdivide cloth...
Num Vertices: (128, 3)
Num Faces: (252, 3)
Num Vertex Normals: (128, 3)
Num Face Normals: (252, 3)
Num Vertex UV: (128, 2)

Begin subdivide cloth...
Num Vertices: (758, 3)
Num Faces: (1512, 3)
Num Vertex Normals: (758, 3)
Num Face Normals: (1512, 3)
Num Vertex UV: (758, 2)

Num Vertices: (4538, 3)
Num Faces: (9072, 3)
Num Vertex Normals: (4538, 3)
Num Face Normals: (9072, 3)
Num Vertex UV: (4538, 2)

Begin thicken cloth...
Num Vertices: (64, 3)
Num Faces: (90, 3)
Num Vertex Normals: (64, 3)
Num Face Normals: (90, 3)
Num Vertex UV: (64, 2)

Begin subdivide cloth...
Num Vertices: (128, 3)
Num Faces: (252, 3)
Num Vertex Normals: (128, 3)
Num Face Normals: (252, 3)
Num Vertex UV: (128, 2)

Begin subdivide cloth...
Num Vertices: (758, 3)
Num Faces: (1512, 3)
Num Vertex Normals: (758, 3)
Num Face Normals: (1512, 3)
Num Vertex UV: (758, 2)

Num Vertices: (4538, 3)
Num Faces: (9072, 3)
Num Vertex Normals: (4538, 3)
Num Face Normals: (9072, 3)
Num Vertex UV: (4538, 2)

Begin thicken cloth...
Num Vertices: (64, 3)
Num Faces: (90, 3)
Num Vertex Normals: (64, 3)
Num Face Normals: (90, 3)
Num Vertex UV: (64, 2)

Begin subdivide cloth...
Num Vertices: (128, 3)
Num Faces: (252, 3)
Num Vertex Normals: (128, 3)
Num Face Normals: (252, 3)
Num Vertex UV: (128, 2)

Begin subdivide cloth...
Num Vertices: (758, 3)
Num Faces: (1512, 3)
Num Vertex Normals: (758, 3)
Num Face Normals: (1512, 3)
Num Vertex UV: (758, 2)

Num Vertices: (4538, 3)
Num Faces: (9072, 3)
Num Vertex Normals: (4538, 3)
Num Face Normals: (9072, 3)
Num Vertex UV: (4538, 2)

Begin thicken cloth...
Num Vertices: (64, 3)
Num Faces: (90, 3)
Num Vertex Normals: (64, 3)
Num Face Normals: (90, 3)
Num Vertex UV: (64, 2)

Begin subdivide cloth...
Num Vertices: (128, 3)
Num Faces: (252, 3)
Num Vertex Normals: (128, 3)
Num Face Normals: (252, 3)
Num Vertex UV: (128, 2)

Begin subdivide cloth...
Num Vertices: (758, 3)
Num Faces: (1512, 3)
Num Vertex Normals: (758, 3)
Num Face Normals: (1512, 3)
Num Vertex UV: (758, 2)

Num Vertices: (4538, 3)
Num Faces: (9072, 3)
Num Vertex Normals: (4538, 3)
Num Face Normals: (9072, 3)
Num Vertex UV: (4538, 2)

Begin thicken cloth...
Num Vertices: (64, 3)
Num Faces: (90, 3)
Num Vertex Normals: (64, 3)
Num Face Normals: (90, 3)
Num Vertex UV: (64, 2)

Begin subdivide cloth...
Num Vertices: (128, 3)
Num Faces: (252, 3)
Num Vertex Normals: (128, 3)
Num Face Normals: (252, 3)
Num Vertex UV: (128, 2)

Begin subdivide cloth...
Num Vertices: (758, 3)
Num Faces: (1512, 3)
Num Vertex Normals: (758, 3)
Num Face Normals: (1512, 3)
Num Vertex UV: (758, 2)

Num Vertices: (4538, 3)
Num Faces: (9072, 3)
Num Vertex Normals: (4538, 3)
Num Face Normals: (9072, 3)
Num Vertex UV: (4538, 2)

Begin thicken cloth...
Num Vertices: (64, 3)
Num Faces: (90, 3)
Num Vertex Normals: (64, 3)
Num Face Normals: (90, 3)
Num Vertex UV: (64, 2)

Begin subdivide cloth...
Num Vertices: (128, 3)
Num Faces: (252, 3)
Num Vertex Normals: (128, 3)
Num Face Normals: (252, 3)
Num Vertex UV: (128, 2)

Begin subdivide cloth...
Num Vertices: (758, 3)
Num Faces: (1512, 3)
Num Vertex Normals: (758, 3)
Num Face Normals: (1512, 3)
Num Vertex UV: (758, 2)

Num Vertices: (4538, 3)
Num Faces: (9072, 3)
Num Vertex Normals: (4538, 3)
Num Face Normals: (9072, 3)
Num Vertex UV: (4538, 2)

Begin thicken cloth...
Num Vertices: (64, 3)
Num Faces: (90, 3)
Num Vertex Normals: (64, 3)
Num Face Normals: (90, 3)
Num Vertex UV: (64, 2)

Begin subdivide cloth...
Num Vertices: (128, 3)
Num Faces: (252, 3)
Num Vertex Normals: (128, 3)
Num Face Normals: (252, 3)
Num Vertex UV: (128, 2)

Begin subdivide cloth...
Num Vertices: (758, 3)
Num Faces: (1512, 3)
Num Vertex Normals: (758, 3)
Num Face Normals: (1512, 3)
Num Vertex UV: (758, 2)

Num Vertices: (4538, 3)
Num Faces: (9072, 3)
Num Vertex Normals: (4538, 3)
Num Face Normals: (9072, 3)
Num Vertex UV: (4538, 2)

Begin thicken cloth...
Num Vertices: (64, 3)
Num Faces: (90, 3)
Num Vertex Normals: (64, 3)
Num Face Normals: (90, 3)
Num Vertex UV: (64, 2)

Begin subdivide cloth...
Num Vertices: (128, 3)
Num Faces: (252, 3)
Num Vertex Normals: (128, 3)
Num Face Normals: (252, 3)
Num Vertex UV: (128, 2)

Begin subdivide cloth...
Num Vertices: (758, 3)
Num Faces: (1512, 3)
Num Vertex Normals: (758, 3)
Num Face Normals: (1512, 3)
Num Vertex UV: (758, 2)

Num Vertices: (4538, 3)
Num Faces: (9072, 3)
Num Vertex Normals: (4538, 3)
Num Face Normals: (9072, 3)
Num Vertex UV: (4538, 2)

Begin thicken cloth...
Num Vertices: (64, 3)
Num Faces: (90, 3)
Num Vertex Normals: (64, 3)
Num Face Normals: (90, 3)
Num Vertex UV: (64, 2)

Begin subdivide cloth...
Num Vertices: (128, 3)
Num Faces: (252, 3)
Num Vertex Normals: (128, 3)
Num Face Normals: (252, 3)
Num Vertex UV: (128, 2)

Begin subdivide cloth...
Num Vertices: (758, 3)
Num Faces: (1512, 3)
Num Vertex Normals: (758, 3)
Num Face Normals: (1512, 3)
Num Vertex UV: (758, 2)

Num Vertices: (4538, 3)
Num Faces: (9072, 3)
Num Vertex Normals: (4538, 3)
Num Face Normals: (9072, 3)
Num Vertex UV: (4538, 2)

Begin thicken cloth...
Num Vertices: (64, 3)
Num Faces: (90, 3)
Num Vertex Normals: (64, 3)
Num Face Normals: (90, 3)
Num Vertex UV: (64, 2)

Begin subdivide cloth...
Num Vertices: (128, 3)
Num Faces: (252, 3)
Num Vertex Normals: (128, 3)
Num Face Normals: (252, 3)
Num Vertex UV: (128, 2)

Begin subdivide cloth...
Num Vertices: (758, 3)
Num Faces: (1512, 3)
Num Vertex Normals: (758, 3)
Num Face Normals: (1512, 3)
Num Vertex UV: (758, 2)

Num Vertices: (4538, 3)
Num Faces: (9072, 3)
Num Vertex Normals: (4538, 3)
Num Face Normals: (9072, 3)
Num Vertex UV: (4538, 2)

Begin thicken cloth...
Num Vertices: (64, 3)
Num Faces: (90, 3)
Num Vertex Normals: (64, 3)
Num Face Normals: (90, 3)
Num Vertex UV: (64, 2)

Begin subdivide cloth...
Num Vertices: (128, 3)
Num Faces: (252, 3)
Num Vertex Normals: (128, 3)
Num Face Normals: (252, 3)
Num Vertex UV: (128, 2)

Begin subdivide cloth...
Num Vertices: (758, 3)
Num Faces: (1512, 3)
Num Vertex Normals: (758, 3)
Num Face Normals: (1512, 3)
Num Vertex UV: (758, 2)

Num Vertices: (4538, 3)
Num Faces: (9072, 3)
Num Vertex Normals: (4538, 3)
Num Face Normals: (9072, 3)
Num Vertex UV: (4538, 2)

Begin thicken cloth...
Num Vertices: (64, 3)
Num Faces: (90, 3)
Num Vertex Normals: (64, 3)
Num Face Normals: (90, 3)
Num Vertex UV: (64, 2)

Begin subdivide cloth...
Num Vertices: (128, 3)
Num Faces: (252, 3)
Num Vertex Normals: (128, 3)
Num Face Normals: (252, 3)
Num Vertex UV: (128, 2)

Begin subdivide cloth...
Num Vertices: (758, 3)
Num Faces: (1512, 3)
Num Vertex Normals: (758, 3)
Num Face Normals: (1512, 3)
Num Vertex UV: (758, 2)

Num Vertices: (4538, 3)
Num Faces: (9072, 3)
Num Vertex Normals: (4538, 3)
Num Face Normals: (9072, 3)
Num Vertex UV: (4538, 2)

Begin thicken cloth...
Num Vertices: (64, 3)
Num Faces: (90, 3)
Num Vertex Normals: (64, 3)
Num Face Normals: (90, 3)
Num Vertex UV: (64, 2)

Begin subdivide cloth...
Num Vertices: (128, 3)
Num Faces: (252, 3)
Num Vertex Normals: (128, 3)
Num Face Normals: (252, 3)
Num Vertex UV: (128, 2)

Begin subdivide cloth...
Num Vertices: (758, 3)
Num Faces: (1512, 3)
Num Vertex Normals: (758, 3)
Num Face Normals: (1512, 3)
Num Vertex UV: (758, 2)

Num Vertices: (4538, 3)
Num Faces: (9072, 3)
Num Vertex Normals: (4538, 3)
Num Face Normals: (9072, 3)
Num Vertex UV: (4538, 2)

Begin thicken cloth...
Num Vertices: (64, 3)
Num Faces: (90, 3)
Num Vertex Normals: (64, 3)
Num Face Normals: (90, 3)
Num Vertex UV: (64, 2)

Begin subdivide cloth...
Num Vertices: (128, 3)
Num Faces: (252, 3)
Num Vertex Normals: (128, 3)
Num Face Normals: (252, 3)
Num Vertex UV: (128, 2)

Begin subdivide cloth...
Num Vertices: (758, 3)
Num Faces: (1512, 3)
Num Vertex Normals: (758, 3)
Num Face Normals: (1512, 3)
Num Vertex UV: (758, 2)

Num Vertices: (4538, 3)
Num Faces: (9072, 3)
Num Vertex Normals: (4538, 3)
Num Face Normals: (9072, 3)
Num Vertex UV: (4538, 2)

Begin thicken cloth...
Num Vertices: (64, 3)
Num Faces: (90, 3)
Num Vertex Normals: (64, 3)
Num Face Normals: (90, 3)
Num Vertex UV: (64, 2)

Begin subdivide cloth...
Num Vertices: (128, 3)
Num Faces: (252, 3)
Num Vertex Normals: (128, 3)
Num Face Normals: (252, 3)
Num Vertex UV: (128, 2)

Begin subdivide cloth...
Num Vertices: (758, 3)
Num Faces: (1512, 3)
Num Vertex Normals: (758, 3)
Num Face Normals: (1512, 3)
Num Vertex UV: (758, 2)

Num Vertices: (4538, 3)
Num Faces: (9072, 3)
Num Vertex Normals: (4538, 3)
Num Face Normals: (9072, 3)
Num Vertex UV: (4538, 2)

Begin thicken cloth...
Num Vertices: (64, 3)
Num Faces: (90, 3)
Num Vertex Normals: (64, 3)
Num Face Normals: (90, 3)
Num Vertex UV: (64, 2)

Begin subdivide cloth...
Num Vertices: (128, 3)
Num Faces: (252, 3)
Num Vertex Normals: (128, 3)
Num Face Normals: (252, 3)
Num Vertex UV: (128, 2)

Begin subdivide cloth...
Num Vertices: (758, 3)
Num Faces: (1512, 3)
Num Vertex Normals: (758, 3)
Num Face Normals: (1512, 3)
Num Vertex UV: (758, 2)

Num Vertices: (4538, 3)
Num Faces: (9072, 3)
Num Vertex Normals: (4538, 3)
Num Face Normals: (9072, 3)
Num Vertex UV: (4538, 2)

Begin thicken cloth...
Num Vertices: (64, 3)
Num Faces: (90, 3)
Num Vertex Normals: (64, 3)
Num Face Normals: (90, 3)
Num Vertex UV: (64, 2)

Begin subdivide cloth...
Num Vertices: (128, 3)
Num Faces: (252, 3)
Num Vertex Normals: (128, 3)
Num Face Normals: (252, 3)
Num Vertex UV: (128, 2)

Begin subdivide cloth...
Num Vertices: (758, 3)
Num Faces: (1512, 3)
Num Vertex Normals: (758, 3)
Num Face Normals: (1512, 3)
Num Vertex UV: (758, 2)

Num Vertices: (4538, 3)
Num Faces: (9072, 3)
Num Vertex Normals: (4538, 3)
Num Face Normals: (9072, 3)
Num Vertex UV: (4538, 2)

Begin thicken cloth...
Num Vertices: (64, 3)
Num Faces: (90, 3)
Num Vertex Normals: (64, 3)
Num Face Normals: (90, 3)
Num Vertex UV: (64, 2)

Begin subdivide cloth...
Num Vertices: (128, 3)
Num Faces: (252, 3)
Num Vertex Normals: (128, 3)
Num Face Normals: (252, 3)
Num Vertex UV: (128, 2)

Begin subdivide cloth...
Num Vertices: (758, 3)
Num Faces: (1512, 3)
Num Vertex Normals: (758, 3)
Num Face Normals: (1512, 3)
Num Vertex UV: (758, 2)

Num Vertices: (4538, 3)
Num Faces: (9072, 3)
Num Vertex Normals: (4538, 3)
Num Face Normals: (9072, 3)
Num Vertex UV: (4538, 2)

Begin thicken cloth...
Num Vertices: (64, 3)
Num Faces: (90, 3)
Num Vertex Normals: (64, 3)
Num Face Normals: (90, 3)
Num Vertex UV: (64, 2)

Begin subdivide cloth...
Num Vertices: (128, 3)
Num Faces: (252, 3)
Num Vertex Normals: (128, 3)
Num Face Normals: (252, 3)
Num Vertex UV: (128, 2)

Begin subdivide cloth...
Num Vertices: (758, 3)
Num Faces: (1512, 3)
Num Vertex Normals: (758, 3)
Num Face Normals: (1512, 3)
Num Vertex UV: (758, 2)

Num Vertices: (4538, 3)
Num Faces: (9072, 3)
Num Vertex Normals: (4538, 3)
Num Face Normals: (9072, 3)
Num Vertex UV: (4538, 2)

Begin thicken cloth...
Num Vertices: (64, 3)
Num Faces: (90, 3)
Num Vertex Normals: (64, 3)
Num Face Normals: (90, 3)
Num Vertex UV: (64, 2)

Begin subdivide cloth...
Num Vertices: (128, 3)
Num Faces: (252, 3)
Num Vertex Normals: (128, 3)
Num Face Normals: (252, 3)
Num Vertex UV: (128, 2)

Begin subdivide cloth...
Num Vertices: (758, 3)
Num Faces: (1512, 3)
Num Vertex Normals: (758, 3)
Num Face Normals: (1512, 3)
Num Vertex UV: (758, 2)

Num Vertices: (4538, 3)
Num Faces: (9072, 3)
Num Vertex Normals: (4538, 3)
Num Face Normals: (9072, 3)
Num Vertex UV: (4538, 2)

Begin thicken cloth...
Num Vertices: (64, 3)
Num Faces: (90, 3)
Num Vertex Normals: (64, 3)
Num Face Normals: (90, 3)
Num Vertex UV: (64, 2)

Begin subdivide cloth...
Num Vertices: (128, 3)
Num Faces: (252, 3)
Num Vertex Normals: (128, 3)
Num Face Normals: (252, 3)
Num Vertex UV: (128, 2)

Begin subdivide cloth...
Num Vertices: (758, 3)
Num Faces: (1512, 3)
Num Vertex Normals: (758, 3)
Num Face Normals: (1512, 3)
Num Vertex UV: (758, 2)

Num Vertices: (4538, 3)
Num Faces: (9072, 3)
Num Vertex Normals: (4538, 3)
Num Face Normals: (9072, 3)
Num Vertex UV: (4538, 2)

Begin thicken cloth...
Num Vertices: (64, 3)
Num Faces: (90, 3)
Num Vertex Normals: (64, 3)
Num Face Normals: (90, 3)
Num Vertex UV: (64, 2)

Begin subdivide cloth...
Num Vertices: (128, 3)
Num Faces: (252, 3)
Num Vertex Normals: (128, 3)
Num Face Normals: (252, 3)
Num Vertex UV: (128, 2)

Begin subdivide cloth...
Num Vertices: (758, 3)
Num Faces: (1512, 3)
Num Vertex Normals: (758, 3)
Num Face Normals: (1512, 3)
Num Vertex UV: (758, 2)

Num Vertices: (4538, 3)
Num Faces: (9072, 3)
Num Vertex Normals: (4538, 3)
Num Face Normals: (9072, 3)
Num Vertex UV: (4538, 2)

Begin thicken cloth...
Num Vertices: (64, 3)
Num Faces: (90, 3)
Num Vertex Normals: (64, 3)
Num Face Normals: (90, 3)
Num Vertex UV: (64, 2)

Begin subdivide cloth...
Num Vertices: (128, 3)
Num Faces: (252, 3)
Num Vertex Normals: (128, 3)
Num Face Normals: (252, 3)
Num Vertex UV: (128, 2)

Begin subdivide cloth...
Num Vertices: (758, 3)
Num Faces: (1512, 3)
Num Vertex Normals: (758, 3)
Num Face Normals: (1512, 3)
Num Vertex UV: (758, 2)

Num Vertices: (4538, 3)
Num Faces: (9072, 3)
Num Vertex Normals: (4538, 3)
Num Face Normals: (9072, 3)
Num Vertex UV: (4538, 2)

Begin thicken cloth...
Num Vertices: (64, 3)
Num Faces: (90, 3)
Num Vertex Normals: (64, 3)
Num Face Normals: (90, 3)
Num Vertex UV: (64, 2)

Begin subdivide cloth...
Num Vertices: (128, 3)
Num Faces: (252, 3)
Num Vertex Normals: (128, 3)
Num Face Normals: (252, 3)
Num Vertex UV: (128, 2)

Begin subdivide cloth...
Num Vertices: (758, 3)
Num Faces: (1512, 3)
Num Vertex Normals: (758, 3)
Num Face Normals: (1512, 3)
Num Vertex UV: (758, 2)

Num Vertices: (4538, 3)
Num Faces: (9072, 3)
Num Vertex Normals: (4538, 3)
Num Face Normals: (9072, 3)
Num Vertex UV: (4538, 2)

Begin thicken cloth...
Num Vertices: (64, 3)
Num Faces: (90, 3)
Num Vertex Normals: (64, 3)
Num Face Normals: (90, 3)
Num Vertex UV: (64, 2)

Begin subdivide cloth...
Num Vertices: (128, 3)
Num Faces: (252, 3)
Num Vertex Normals: (128, 3)
Num Face Normals: (252, 3)
Num Vertex UV: (128, 2)

Begin subdivide cloth...
Num Vertices: (758, 3)
Num Faces: (1512, 3)
Num Vertex Normals: (758, 3)
Num Face Normals: (1512, 3)
Num Vertex UV: (758, 2)

Num Vertices: (4538, 3)
Num Faces: (9072, 3)
Num Vertex Normals: (4538, 3)
Num Face Normals: (9072, 3)
Num Vertex UV: (4538, 2)

Begin thicken cloth...
Num Vertices: (64, 3)
Num Faces: (90, 3)
Num Vertex Normals: (64, 3)
Num Face Normals: (90, 3)
Num Vertex UV: (64, 2)

Begin subdivide cloth...
Num Vertices: (128, 3)
Num Faces: (252, 3)
Num Vertex Normals: (128, 3)
Num Face Normals: (252, 3)
Num Vertex UV: (128, 2)

Begin subdivide cloth...
Num Vertices: (758, 3)
Num Faces: (1512, 3)
Num Vertex Normals: (758, 3)
Num Face Normals: (1512, 3)
Num Vertex UV: (758, 2)

Num Vertices: (4538, 3)
Num Faces: (9072, 3)
Num Vertex Normals: (4538, 3)
Num Face Normals: (9072, 3)
Num Vertex UV: (4538, 2)

Begin thicken cloth...
Num Vertices: (64, 3)
Num Faces: (90, 3)
Num Vertex Normals: (64, 3)
Num Face Normals: (90, 3)
Num Vertex UV: (64, 2)

Begin subdivide cloth...
Num Vertices: (128, 3)
Num Faces: (252, 3)
Num Vertex Normals: (128, 3)
Num Face Normals: (252, 3)
Num Vertex UV: (128, 2)

Begin subdivide cloth...
Num Vertices: (758, 3)
Num Faces: (1512, 3)
Num Vertex Normals: (758, 3)
Num Face Normals: (1512, 3)
Num Vertex UV: (758, 2)

Num Vertices: (4538, 3)
Num Faces: (9072, 3)
Num Vertex Normals: (4538, 3)
Num Face Normals: (9072, 3)
Num Vertex UV: (4538, 2)

Begin thicken cloth...
Num Vertices: (64, 3)
Num Faces: (90, 3)
Num Vertex Normals: (64, 3)
Num Face Normals: (90, 3)
Num Vertex UV: (64, 2)

Begin subdivide cloth...
Num Vertices: (128, 3)
Num Faces: (252, 3)
Num Vertex Normals: (128, 3)
Num Face Normals: (252, 3)
Num Vertex UV: (128, 2)

Begin subdivide cloth...
Num Vertices: (758, 3)
Num Faces: (1512, 3)
Num Vertex Normals: (758, 3)
Num Face Normals: (1512, 3)
Num Vertex UV: (758, 2)

Num Vertices: (4538, 3)
Num Faces: (9072, 3)
Num Vertex Normals: (4538, 3)
Num Face Normals: (9072, 3)
Num Vertex UV: (4538, 2)

Begin thicken cloth...
Num Vertices: (64, 3)
Num Faces: (90, 3)
Num Vertex Normals: (64, 3)
Num Face Normals: (90, 3)
Num Vertex UV: (64, 2)

Begin subdivide cloth...
Num Vertices: (128, 3)
Num Faces: (252, 3)
Num Vertex Normals: (128, 3)
Num Face Normals: (252, 3)
Num Vertex UV: (128, 2)

Begin subdivide cloth...
Num Vertices: (758, 3)
Num Faces: (1512, 3)
Num Vertex Normals: (758, 3)
Num Face Normals: (1512, 3)
Num Vertex UV: (758, 2)

Num Vertices: (4538, 3)
Num Faces: (9072, 3)
Num Vertex Normals: (4538, 3)
Num Face Normals: (9072, 3)
Num Vertex UV: (4538, 2)

Begin thicken cloth...
Num Vertices: (64, 3)
Num Faces: (90, 3)
Num Vertex Normals: (64, 3)
Num Face Normals: (90, 3)
Num Vertex UV: (64, 2)

Begin subdivide cloth...
Num Vertices: (128, 3)
Num Faces: (252, 3)
Num Vertex Normals: (128, 3)
Num Face Normals: (252, 3)
Num Vertex UV: (128, 2)

Begin subdivide cloth...
Num Vertices: (758, 3)
Num Faces: (1512, 3)
Num Vertex Normals: (758, 3)
Num Face Normals: (1512, 3)
Num Vertex UV: (758, 2)

Num Vertices: (4538, 3)
Num Faces: (9072, 3)
Num Vertex Normals: (4538, 3)
Num Face Normals: (9072, 3)
Num Vertex UV: (4538, 2)

Begin thicken cloth...
Num Vertices: (64, 3)
Num Faces: (90, 3)
Num Vertex Normals: (64, 3)
Num Face Normals: (90, 3)
Num Vertex UV: (64, 2)

Begin subdivide cloth...
Num Vertices: (128, 3)
Num Faces: (252, 3)
Num Vertex Normals: (128, 3)
Num Face Normals: (252, 3)
Num Vertex UV: (128, 2)

Begin subdivide cloth...
Num Vertices: (758, 3)
Num Faces: (1512, 3)
Num Vertex Normals: (758, 3)
Num Face Normals: (1512, 3)
Num Vertex UV: (758, 2)

Num Vertices: (4538, 3)
Num Faces: (9072, 3)
Num Vertex Normals: (4538, 3)
Num Face Normals: (9072, 3)
Num Vertex UV: (4538, 2)

Begin thicken cloth...
Num Vertices: (64, 3)
Num Faces: (90, 3)
Num Vertex Normals: (64, 3)
Num Face Normals: (90, 3)
Num Vertex UV: (64, 2)

Begin subdivide cloth...
Num Vertices: (128, 3)
Num Faces: (252, 3)
Num Vertex Normals: (128, 3)
Num Face Normals: (252, 3)
Num Vertex UV: (128, 2)

Begin subdivide cloth...
Num Vertices: (758, 3)
Num Faces: (1512, 3)
Num Vertex Normals: (758, 3)
Num Face Normals: (1512, 3)
Num Vertex UV: (758, 2)

Num Vertices: (4538, 3)
Num Faces: (9072, 3)
Num Vertex Normals: (4538, 3)
Num Face Normals: (9072, 3)
Num Vertex UV: (4538, 2)

Begin thicken cloth...
Num Vertices: (64, 3)
Num Faces: (90, 3)
Num Vertex Normals: (64, 3)
Num Face Normals: (90, 3)
Num Vertex UV: (64, 2)

Begin subdivide cloth...
Num Vertices: (128, 3)
Num Faces: (252, 3)
Num Vertex Normals: (128, 3)
Num Face Normals: (252, 3)
Num Vertex UV: (128, 2)

Begin subdivide cloth...
Num Vertices: (758, 3)
Num Faces: (1512, 3)
Num Vertex Normals: (758, 3)
Num Face Normals: (1512, 3)
Num Vertex UV: (758, 2)

Num Vertices: (4538, 3)
Num Faces: (9072, 3)
Num Vertex Normals: (4538, 3)
Num Face Normals: (9072, 3)
Num Vertex UV: (4538, 2)

Begin thicken cloth...
Num Vertices: (64, 3)
Num Faces: (90, 3)
Num Vertex Normals: (64, 3)
Num Face Normals: (90, 3)
Num Vertex UV: (64, 2)

Begin subdivide cloth...
Num Vertices: (128, 3)
Num Faces: (252, 3)
Num Vertex Normals: (128, 3)
Num Face Normals: (252, 3)
Num Vertex UV: (128, 2)

Begin subdivide cloth...
Num Vertices: (758, 3)
Num Faces: (1512, 3)
Num Vertex Normals: (758, 3)
Num Face Normals: (1512, 3)
Num Vertex UV: (758, 2)

Num Vertices: (4538, 3)
Num Faces: (9072, 3)
Num Vertex Normals: (4538, 3)
Num Face Normals: (9072, 3)
Num Vertex UV: (4538, 2)

Begin thicken cloth...
Num Vertices: (64, 3)
Num Faces: (90, 3)
Num Vertex Normals: (64, 3)
Num Face Normals: (90, 3)
Num Vertex UV: (64, 2)

Begin subdivide cloth...
Num Vertices: (128, 3)
Num Faces: (252, 3)
Num Vertex Normals: (128, 3)
Num Face Normals: (252, 3)
Num Vertex UV: (128, 2)

Begin subdivide cloth...
Num Vertices: (758, 3)
Num Faces: (1512, 3)
Num Vertex Normals: (758, 3)
Num Face Normals: (1512, 3)
Num Vertex UV: (758, 2)

Num Vertices: (4538, 3)
Num Faces: (9072, 3)
Num Vertex Normals: (4538, 3)
Num Face Normals: (9072, 3)
Num Vertex UV: (4538, 2)

Begin thicken cloth...
Num Vertices: (64, 3)
Num Faces: (90, 3)
Num Vertex Normals: (64, 3)
Num Face Normals: (90, 3)
Num Vertex UV: (64, 2)

Begin subdivide cloth...
Num Vertices: (128, 3)
Num Faces: (252, 3)
Num Vertex Normals: (128, 3)
Num Face Normals: (252, 3)
Num Vertex UV: (128, 2)

Begin subdivide cloth...
Num Vertices: (758, 3)
Num Faces: (1512, 3)
Num Vertex Normals: (758, 3)
Num Face Normals: (1512, 3)
Num Vertex UV: (758, 2)

Num Vertices: (4538, 3)
Num Faces: (9072, 3)
Num Vertex Normals: (4538, 3)
Num Face Normals: (9072, 3)
Num Vertex UV: (4538, 2)

Begin thicken cloth...
Num Vertices: (64, 3)
Num Faces: (90, 3)
Num Vertex Normals: (64, 3)
Num Face Normals: (90, 3)
Num Vertex UV: (64, 2)

Begin subdivide cloth...
Num Vertices: (128, 3)
Num Faces: (252, 3)
Num Vertex Normals: (128, 3)
Num Face Normals: (252, 3)
Num Vertex UV: (128, 2)

Begin subdivide cloth...
Num Vertices: (758, 3)
Num Faces: (1512, 3)
Num Vertex Normals: (758, 3)
Num Face Normals: (1512, 3)
Num Vertex UV: (758, 2)

Num Vertices: (4538, 3)
Num Faces: (9072, 3)
Num Vertex Normals: (4538, 3)
Num Face Normals: (9072, 3)
Num Vertex UV: (4538, 2)

Begin thicken cloth...
Num Vertices: (64, 3)
Num Faces: (90, 3)
Num Vertex Normals: (64, 3)
Num Face Normals: (90, 3)
Num Vertex UV: (64, 2)

Begin subdivide cloth...
Num Vertices: (128, 3)
Num Faces: (252, 3)
Num Vertex Normals: (128, 3)
Num Face Normals: (252, 3)
Num Vertex UV: (128, 2)

Begin subdivide cloth...
Num Vertices: (758, 3)
Num Faces: (1512, 3)
Num Vertex Normals: (758, 3)
Num Face Normals: (1512, 3)
Num Vertex UV: (758, 2)

Num Vertices: (4538, 3)
Num Faces: (9072, 3)
Num Vertex Normals: (4538, 3)
Num Face Normals: (9072, 3)
Num Vertex UV: (4538, 2)

Begin thicken cloth...
Num Vertices: (64, 3)
Num Faces: (90, 3)
Num Vertex Normals: (64, 3)
Num Face Normals: (90, 3)
Num Vertex UV: (64, 2)

Begin subdivide cloth...
Num Vertices: (128, 3)
Num Faces: (252, 3)
Num Vertex Normals: (128, 3)
Num Face Normals: (252, 3)
Num Vertex UV: (128, 2)

Begin subdivide cloth...
Num Vertices: (758, 3)
Num Faces: (1512, 3)
Num Vertex Normals: (758, 3)
Num Face Normals: (1512, 3)
Num Vertex UV: (758, 2)

Num Vertices: (4538, 3)
Num Faces: (9072, 3)
Num Vertex Normals: (4538, 3)
Num Face Normals: (9072, 3)
Num Vertex UV: (4538, 2)

Begin thicken cloth...
Num Vertices: (64, 3)
Num Faces: (90, 3)
Num Vertex Normals: (64, 3)
Num Face Normals: (90, 3)
Num Vertex UV: (64, 2)

Begin subdivide cloth...
Num Vertices: (128, 3)
Num Faces: (252, 3)
Num Vertex Normals: (128, 3)
Num Face Normals: (252, 3)
Num Vertex UV: (128, 2)

Begin subdivide cloth...
Num Vertices: (758, 3)
Num Faces: (1512, 3)
Num Vertex Normals: (758, 3)
Num Face Normals: (1512, 3)
Num Vertex UV: (758, 2)

Num Vertices: (4538, 3)
Num Faces: (9072, 3)
Num Vertex Normals: (4538, 3)
Num Face Normals: (9072, 3)
Num Vertex UV: (4538, 2)

Begin thicken cloth...
Num Vertices: (64, 3)
Num Faces: (90, 3)
Num Vertex Normals: (64, 3)
Num Face Normals: (90, 3)
Num Vertex UV: (64, 2)

Begin subdivide cloth...
Num Vertices: (128, 3)
Num Faces: (252, 3)
Num Vertex Normals: (128, 3)
Num Face Normals: (252, 3)
Num Vertex UV: (128, 2)

Begin subdivide cloth...
Num Vertices: (758, 3)
Num Faces: (1512, 3)
Num Vertex Normals: (758, 3)
Num Face Normals: (1512, 3)
Num Vertex UV: (758, 2)

Num Vertices: (4538, 3)
Num Faces: (9072, 3)
Num Vertex Normals: (4538, 3)
Num Face Normals: (9072, 3)
Num Vertex UV: (4538, 2)

Begin thicken cloth...
Num Vertices: (64, 3)
Num Faces: (90, 3)
Num Vertex Normals: (64, 3)
Num Face Normals: (90, 3)
Num Vertex UV: (64, 2)

Begin subdivide cloth...
Num Vertices: (128, 3)
Num Faces: (252, 3)
Num Vertex Normals: (128, 3)
Num Face Normals: (252, 3)
Num Vertex UV: (128, 2)

Begin subdivide cloth...
Num Vertices: (758, 3)
Num Faces: (1512, 3)
Num Vertex Normals: (758, 3)
Num Face Normals: (1512, 3)
Num Vertex UV: (758, 2)

Num Vertices: (4538, 3)
Num Faces: (9072, 3)
Num Vertex Normals: (4538, 3)
Num Face Normals: (9072, 3)
Num Vertex UV: (4538, 2)

Begin thicken cloth...
Num Vertices: (64, 3)
Num Faces: (90, 3)
Num Vertex Normals: (64, 3)
Num Face Normals: (90, 3)
Num Vertex UV: (64, 2)

Begin subdivide cloth...
Num Vertices: (128, 3)
Num Faces: (252, 3)
Num Vertex Normals: (128, 3)
Num Face Normals: (252, 3)
Num Vertex UV: (128, 2)

Begin subdivide cloth...
Num Vertices: (758, 3)
Num Faces: (1512, 3)
Num Vertex Normals: (758, 3)
Num Face Normals: (1512, 3)
Num Vertex UV: (758, 2)

Num Vertices: (4538, 3)
Num Faces: (9072, 3)
Num Vertex Normals: (4538, 3)
Num Face Normals: (9072, 3)
Num Vertex UV: (4538, 2)

Begin thicken cloth...
Num Vertices: (64, 3)
Num Faces: (90, 3)
Num Vertex Normals: (64, 3)
Num Face Normals: (90, 3)
Num Vertex UV: (64, 2)

Begin subdivide cloth...
Num Vertices: (128, 3)
Num Faces: (252, 3)
Num Vertex Normals: (128, 3)
Num Face Normals: (252, 3)
Num Vertex UV: (128, 2)

Begin subdivide cloth...
Num Vertices: (758, 3)
Num Faces: (1512, 3)
Num Vertex Normals: (758, 3)
Num Face Normals: (1512, 3)
Num Vertex UV: (758, 2)

Num Vertices: (4538, 3)
Num Faces: (9072, 3)
Num Vertex Normals: (4538, 3)
Num Face Normals: (9072, 3)
Num Vertex UV: (4538, 2)

Begin thicken cloth...
Num Vertices: (64, 3)
Num Faces: (90, 3)
Num Vertex Normals: (64, 3)
Num Face Normals: (90, 3)
Num Vertex UV: (64, 2)

Begin subdivide cloth...
Num Vertices: (128, 3)
Num Faces: (252, 3)
Num Vertex Normals: (128, 3)
Num Face Normals: (252, 3)
Num Vertex UV: (128, 2)

Begin subdivide cloth...
Num Vertices: (758, 3)
Num Faces: (1512, 3)
Num Vertex Normals: (758, 3)
Num Face Normals: (1512, 3)
Num Vertex UV: (758, 2)

Num Vertices: (4538, 3)
Num Faces: (9072, 3)
Num Vertex Normals: (4538, 3)
Num Face Normals: (9072, 3)
Num Vertex UV: (4538, 2)

Begin thicken cloth...
Num Vertices: (64, 3)
Num Faces: (90, 3)
Num Vertex Normals: (64, 3)
Num Face Normals: (90, 3)
Num Vertex UV: (64, 2)

Begin subdivide cloth...
Num Vertices: (128, 3)
Num Faces: (252, 3)
Num Vertex Normals: (128, 3)
Num Face Normals: (252, 3)
Num Vertex UV: (128, 2)

Begin subdivide cloth...
Num Vertices: (758, 3)
Num Faces: (1512, 3)
Num Vertex Normals: (758, 3)
Num Face Normals: (1512, 3)
Num Vertex UV: (758, 2)

Num Vertices: (4538, 3)
Num Faces: (9072, 3)
Num Vertex Normals: (4538, 3)
Num Face Normals: (9072, 3)
Num Vertex UV: (4538, 2)

Begin thicken cloth...
Num Vertices: (64, 3)
Num Faces: (90, 3)
Num Vertex Normals: (64, 3)
Num Face Normals: (90, 3)
Num Vertex UV: (64, 2)

Begin subdivide cloth...
Num Vertices: (128, 3)
Num Faces: (252, 3)
Num Vertex Normals: (128, 3)
Num Face Normals: (252, 3)
Num Vertex UV: (128, 2)

Begin subdivide cloth...
Num Vertices: (758, 3)
Num Faces: (1512, 3)
Num Vertex Normals: (758, 3)
Num Face Normals: (1512, 3)
Num Vertex UV: (758, 2)

Num Vertices: (4538, 3)
Num Faces: (9072, 3)
Num Vertex Normals: (4538, 3)
Num Face Normals: (9072, 3)
Num Vertex UV: (4538, 2)

Begin thicken cloth...
Num Vertices: (64, 3)
Num Faces: (90, 3)
Num Vertex Normals: (64, 3)
Num Face Normals: (90, 3)
Num Vertex UV: (64, 2)

Begin subdivide cloth...
Num Vertices: (128, 3)
Num Faces: (252, 3)
Num Vertex Normals: (128, 3)
Num Face Normals: (252, 3)
Num Vertex UV: (128, 2)

Begin subdivide cloth...
Num Vertices: (758, 3)
Num Faces: (1512, 3)
Num Vertex Normals: (758, 3)
Num Face Normals: (1512, 3)
Num Vertex UV: (758, 2)

Num Vertices: (4538, 3)
Num Faces: (9072, 3)
Num Vertex Normals: (4538, 3)
Num Face Normals: (9072, 3)
Num Vertex UV: (4538, 2)

Begin thicken cloth...
Num Vertices: (64, 3)
Num Faces: (90, 3)
Num Vertex Normals: (64, 3)
Num Face Normals: (90, 3)
Num Vertex UV: (64, 2)

Begin subdivide cloth...
Num Vertices: (128, 3)
Num Faces: (252, 3)
Num Vertex Normals: (128, 3)
Num Face Normals: (252, 3)
Num Vertex UV: (128, 2)

Begin subdivide cloth...
Num Vertices: (758, 3)
Num Faces: (1512, 3)
Num Vertex Normals: (758, 3)
Num Face Normals: (1512, 3)
Num Vertex UV: (758, 2)

Num Vertices: (4538, 3)
Num Faces: (9072, 3)
Num Vertex Normals: (4538, 3)
Num Face Normals: (9072, 3)
Num Vertex UV: (4538, 2)

tot_time: 157.16471433639526
total_reward: [-0.15910344207836458]
Export to file: ../imgs/traj_opt_fold_13/scene_0.luisa
Export finished.
Export to file: ../imgs/traj_opt_fold_13/scene_1.luisa
Export finished.
Export to file: ../imgs/traj_opt_fold_13/scene_2.luisa
Export finished.
Export to file: ../imgs/traj_opt_fold_13/scene_3.luisa
Export finished.
Export to file: ../imgs/traj_opt_fold_13/scene_4.luisa
Export finished.
Export to file: ../imgs/traj_opt_fold_13/scene_5.luisa
Export finished.
Export to file: ../imgs/traj_opt_fold_13/scene_6.luisa
Export finished.
Export to file: ../imgs/traj_opt_fold_13/scene_7.luisa
Export finished.
Export to file: ../imgs/traj_opt_fold_13/scene_8.luisa
Export finished.
Export to file: ../imgs/traj_opt_fold_13/scene_9.luisa
Export finished.
Export to file: ../imgs/traj_opt_fold_13/scene_10.luisa
Export finished.
Export to file: ../imgs/traj_opt_fold_13/scene_11.luisa
Export finished.
Export to file: ../imgs/traj_opt_fold_13/scene_12.luisa
Export finished.
Export to file: ../imgs/traj_opt_fold_13/scene_13.luisa
Export finished.
Export to file: ../imgs/traj_opt_fold_13/scene_14.luisa
Export finished.
Export to file: ../imgs/traj_opt_fold_13/scene_15.luisa
Export finished.
Export to file: ../imgs/traj_opt_fold_13/scene_16.luisa
Export finished.
Export to file: ../imgs/traj_opt_fold_13/scene_17.luisa
Export finished.
Export to file: ../imgs/traj_opt_fold_13/scene_18.luisa
Export finished.
Export to file: ../imgs/traj_opt_fold_13/scene_19.luisa
Export finished.
Export to file: ../imgs/traj_opt_fold_13/scene_20.luisa
Export finished.
Export to file: ../imgs/traj_opt_fold_13/scene_21.luisa
Export finished.
Export to file: ../imgs/traj_opt_fold_13/scene_22.luisa
Export finished.
Export to file: ../imgs/traj_opt_fold_13/scene_23.luisa
Export finished.
Export to file: ../imgs/traj_opt_fold_13/scene_24.luisa
Export finished.
Export to file: ../imgs/traj_opt_fold_13/scene_25.luisa
Export finished.
Export to file: ../imgs/traj_opt_fold_13/scene_26.luisa
Export finished.
Export to file: ../imgs/traj_opt_fold_13/scene_27.luisa
Export finished.
Export to file: ../imgs/traj_opt_fold_13/scene_28.luisa
Export finished.
Export to file: ../imgs/traj_opt_fold_13/scene_29.luisa
Export finished.
Export to file: ../imgs/traj_opt_fold_13/scene_30.luisa
Export finished.
Export to file: ../imgs/traj_opt_fold_13/scene_31.luisa
Export finished.
Export to file: ../imgs/traj_opt_fold_13/scene_32.luisa
Export finished.
Export to file: ../imgs/traj_opt_fold_13/scene_33.luisa
Export finished.
Export to file: ../imgs/traj_opt_fold_13/scene_34.luisa
Export finished.
Export to file: ../imgs/traj_opt_fold_13/scene_35.luisa
Export finished.
Export to file: ../imgs/traj_opt_fold_13/scene_36.luisa
Export finished.
Export to file: ../imgs/traj_opt_fold_13/scene_37.luisa
Export finished.
Export to file: ../imgs/traj_opt_fold_13/scene_38.luisa
Export finished.
Export to file: ../imgs/traj_opt_fold_13/scene_39.luisa
Export finished.
Export to file: ../imgs/traj_opt_fold_13/scene_40.luisa
Export finished.
Export to file: ../imgs/traj_opt_fold_13/scene_41.luisa
Export finished.
Export to file: ../imgs/traj_opt_fold_13/scene_42.luisa
Export finished.
Export to file: ../imgs/traj_opt_fold_13/scene_43.luisa
Export finished.
Export to file: ../imgs/traj_opt_fold_13/scene_44.luisa
Export finished.
Export to file: ../imgs/traj_opt_fold_13/scene_45.luisa
Export finished.
Export to file: ../imgs/traj_opt_fold_13/scene_46.luisa
Export finished.
Export to file: ../imgs/traj_opt_fold_13/scene_47.luisa
Export finished.
Export to file: ../imgs/traj_opt_fold_13/scene_48.luisa
Export finished.
Export to file: ../imgs/traj_opt_fold_13/scene_49.luisa
Export finished.
done grad
iter:  1
tot_time: 24.64908003807068
total_reward: [-0.15910344207836458, -0.14884595554406954]
done grad
iter:  2
tot_time: 24.917632341384888
total_reward: [-0.15910344207836458, -0.14884595554406954, -0.14601392415974201]
done grad
iter:  3
tot_time: 24.302801847457886
total_reward: [-0.15910344207836458, -0.14884595554406954, -0.14601392415974201, -0.12811571794749121]
done grad
iter:  4
tot_time: 24.977513313293457
total_reward: [-0.15910344207836458, -0.14884595554406954, -0.14601392415974201, -0.12811571794749121, -0.12405471617665831]
done grad
iter:  5
tot_time: 24.996657371520996
total_reward: [-0.15910344207836458, -0.14884595554406954, -0.14601392415974201, -0.12811571794749121, -0.12405471617665831, -0.11827410738985789]
done grad
iter:  6
tot_time: 25.052277088165283
total_reward: [-0.15910344207836458, -0.14884595554406954, -0.14601392415974201, -0.12811571794749121, -0.12405471617665831, -0.11827410738985789, -0.11225241602530911]
done grad
iter:  7
tot_time: 25.497500896453857
total_reward: [-0.15910344207836458, -0.14884595554406954, -0.14601392415974201, -0.12811571794749121, -0.12405471617665831, -0.11827410738985789, -0.11225241602530911, -0.10619230303075211]
done grad
iter:  8
tot_time: 25.75939178466797
total_reward: [-0.15910344207836458, -0.14884595554406954, -0.14601392415974201, -0.12811571794749121, -0.12405471617665831, -0.11827410738985789, -0.11225241602530911, -0.10619230303075211, -0.10160793132580981]
done grad
iter:  9
tot_time: 25.320496797561646
total_reward: [-0.15910344207836458, -0.14884595554406954, -0.14601392415974201, -0.12811571794749121, -0.12405471617665831, -0.11827410738985789, -0.11225241602530911, -0.10619230303075211, -0.10160793132580981, -0.09834609693597618]
done grad
iter:  10
tot_time: 25.328036785125732
total_reward: [-0.15910344207836458, -0.14884595554406954, -0.14601392415974201, -0.12811571794749121, -0.12405471617665831, -0.11827410738985789, -0.11225241602530911, -0.10619230303075211, -0.10160793132580981, -0.09834609693597618, -0.0954645482983496]
done grad
iter:  11
tot_time: 25.619317770004272
total_reward: [-0.15910344207836458, -0.14884595554406954, -0.14601392415974201, -0.12811571794749121, -0.12405471617665831, -0.11827410738985789, -0.11225241602530911, -0.10619230303075211, -0.10160793132580981, -0.09834609693597618, -0.0954645482983496, -0.09221321255464043]
done grad
iter:  12
tot_time: 25.99433207511902
total_reward: [-0.15910344207836458, -0.14884595554406954, -0.14601392415974201, -0.12811571794749121, -0.12405471617665831, -0.11827410738985789, -0.11225241602530911, -0.10619230303075211, -0.10160793132580981, -0.09834609693597618, -0.0954645482983496, -0.09221321255464043, -0.08702851317302773]
done grad
iter:  13
tot_time: 25.852828979492188
total_reward: [-0.15910344207836458, -0.14884595554406954, -0.14601392415974201, -0.12811571794749121, -0.12405471617665831, -0.11827410738985789, -0.11225241602530911, -0.10619230303075211, -0.10160793132580981, -0.09834609693597618, -0.0954645482983496, -0.09221321255464043, -0.08702851317302773, -0.06871585219395926]
done grad
iter:  14
tot_time: 25.792118310928345
total_reward: [-0.15910344207836458, -0.14884595554406954, -0.14601392415974201, -0.12811571794749121, -0.12405471617665831, -0.11827410738985789, -0.11225241602530911, -0.10619230303075211, -0.10160793132580981, -0.09834609693597618, -0.0954645482983496, -0.09221321255464043, -0.08702851317302773, -0.06871585219395926, -0.06241711629367952]
done grad
iter:  15
tot_time: 26.153626680374146
total_reward: [-0.15910344207836458, -0.14884595554406954, -0.14601392415974201, -0.12811571794749121, -0.12405471617665831, -0.11827410738985789, -0.11225241602530911, -0.10619230303075211, -0.10160793132580981, -0.09834609693597618, -0.0954645482983496, -0.09221321255464043, -0.08702851317302773, -0.06871585219395926, -0.06241711629367952, -0.05838560932896275]
done grad
iter:  16
tot_time: 25.565449953079224
total_reward: [-0.15910344207836458, -0.14884595554406954, -0.14601392415974201, -0.12811571794749121, -0.12405471617665831, -0.11827410738985789, -0.11225241602530911, -0.10619230303075211, -0.10160793132580981, -0.09834609693597618, -0.0954645482983496, -0.09221321255464043, -0.08702851317302773, -0.06871585219395926, -0.06241711629367952, -0.05838560932896275, -0.05047382274838541]
done grad
iter:  17
tot_time: 26.2698495388031
total_reward: [-0.15910344207836458, -0.14884595554406954, -0.14601392415974201, -0.12811571794749121, -0.12405471617665831, -0.11827410738985789, -0.11225241602530911, -0.10619230303075211, -0.10160793132580981, -0.09834609693597618, -0.0954645482983496, -0.09221321255464043, -0.08702851317302773, -0.06871585219395926, -0.06241711629367952, -0.05838560932896275, -0.05047382274838541, -0.04290019578030879]
done grad
iter:  18
tot_time: 26.810323238372803
total_reward: [-0.15910344207836458, -0.14884595554406954, -0.14601392415974201, -0.12811571794749121, -0.12405471617665831, -0.11827410738985789, -0.11225241602530911, -0.10619230303075211, -0.10160793132580981, -0.09834609693597618, -0.0954645482983496, -0.09221321255464043, -0.08702851317302773, -0.06871585219395926, -0.06241711629367952, -0.05838560932896275, -0.05047382274838541, -0.04290019578030879, -0.036983750640018576]
done grad
iter:  19
tot_time: 26.59506845474243
total_reward: [-0.15910344207836458, -0.14884595554406954, -0.14601392415974201, -0.12811571794749121, -0.12405471617665831, -0.11827410738985789, -0.11225241602530911, -0.10619230303075211, -0.10160793132580981, -0.09834609693597618, -0.0954645482983496, -0.09221321255464043, -0.08702851317302773, -0.06871585219395926, -0.06241711629367952, -0.05838560932896275, -0.05047382274838541, -0.04290019578030879, -0.036983750640018576, -0.03641529989694803]
done grad
iter:  20
tot_time: 26.507986783981323
total_reward: [-0.15910344207836458, -0.14884595554406954, -0.14601392415974201, -0.12811571794749121, -0.12405471617665831, -0.11827410738985789, -0.11225241602530911, -0.10619230303075211, -0.10160793132580981, -0.09834609693597618, -0.0954645482983496, -0.09221321255464043, -0.08702851317302773, -0.06871585219395926, -0.06241711629367952, -0.05838560932896275, -0.05047382274838541, -0.04290019578030879, -0.036983750640018576, -0.03641529989694803, -0.03641529989694803]
done grad
iter:  21
tot_time: 26.67313027381897
total_reward: [-0.15910344207836458, -0.14884595554406954, -0.14601392415974201, -0.12811571794749121, -0.12405471617665831, -0.11827410738985789, -0.11225241602530911, -0.10619230303075211, -0.10160793132580981, -0.09834609693597618, -0.0954645482983496, -0.09221321255464043, -0.08702851317302773, -0.06871585219395926, -0.06241711629367952, -0.05838560932896275, -0.05047382274838541, -0.04290019578030879, -0.036983750640018576, -0.03641529989694803, -0.03641529989694803, -0.03641529989694803]
done grad
iter:  22
tot_time: 27.25314164161682
total_reward: [-0.15910344207836458, -0.14884595554406954, -0.14601392415974201, -0.12811571794749121, -0.12405471617665831, -0.11827410738985789, -0.11225241602530911, -0.10619230303075211, -0.10160793132580981, -0.09834609693597618, -0.0954645482983496, -0.09221321255464043, -0.08702851317302773, -0.06871585219395926, -0.06241711629367952, -0.05838560932896275, -0.05047382274838541, -0.04290019578030879, -0.036983750640018576, -0.03641529989694803, -0.03641529989694803, -0.03641529989694803, -0.03641529989694803]
done grad
iter:  23
tot_time: 26.46553635597229
total_reward: [-0.15910344207836458, -0.14884595554406954, -0.14601392415974201, -0.12811571794749121, -0.12405471617665831, -0.11827410738985789, -0.11225241602530911, -0.10619230303075211, -0.10160793132580981, -0.09834609693597618, -0.0954645482983496, -0.09221321255464043, -0.08702851317302773, -0.06871585219395926, -0.06241711629367952, -0.05838560932896275, -0.05047382274838541, -0.04290019578030879, -0.036983750640018576, -0.03641529989694803, -0.03641529989694803, -0.03641529989694803, -0.03641529989694803, -0.03641529989694803]
done grad
iter:  24
tot_time: 26.190746068954468
total_reward: [-0.15910344207836458, -0.14884595554406954, -0.14601392415974201, -0.12811571794749121, -0.12405471617665831, -0.11827410738985789, -0.11225241602530911, -0.10619230303075211, -0.10160793132580981, -0.09834609693597618, -0.0954645482983496, -0.09221321255464043, -0.08702851317302773, -0.06871585219395926, -0.06241711629367952, -0.05838560932896275, -0.05047382274838541, -0.04290019578030879, -0.036983750640018576, -0.03641529989694803, -0.03641529989694803, -0.03641529989694803, -0.03641529989694803, -0.03641529989694803, -0.03641529989694803]
done grad
iter:  25
tot_time: 22.587221145629883
total_reward: [-0.15910344207836458, -0.14884595554406954, -0.14601392415974201, -0.12811571794749121, -0.12405471617665831, -0.11827410738985789, -0.11225241602530911, -0.10619230303075211, -0.10160793132580981, -0.09834609693597618, -0.0954645482983496, -0.09221321255464043, -0.08702851317302773, -0.06871585219395926, -0.06241711629367952, -0.05838560932896275, -0.05047382274838541, -0.04290019578030879, -0.036983750640018576, -0.03641529989694803, -0.03641529989694803, -0.03641529989694803, -0.03641529989694803, -0.03641529989694803, -0.03641529989694803, -0.03641529989694803]
done grad
iter:  26
tot_time: 22.65100884437561
total_reward: [-0.15910344207836458, -0.14884595554406954, -0.14601392415974201, -0.12811571794749121, -0.12405471617665831, -0.11827410738985789, -0.11225241602530911, -0.10619230303075211, -0.10160793132580981, -0.09834609693597618, -0.0954645482983496, -0.09221321255464043, -0.08702851317302773, -0.06871585219395926, -0.06241711629367952, -0.05838560932896275, -0.05047382274838541, -0.04290019578030879, -0.036983750640018576, -0.03641529989694803, -0.03641529989694803, -0.03641529989694803, -0.03641529989694803, -0.03641529989694803, -0.03641529989694803, -0.03641529989694803, -0.03641529989694803]
done grad
iter:  27
tot_time: 22.910393953323364
total_reward: [-0.15910344207836458, -0.14884595554406954, -0.14601392415974201, -0.12811571794749121, -0.12405471617665831, -0.11827410738985789, -0.11225241602530911, -0.10619230303075211, -0.10160793132580981, -0.09834609693597618, -0.0954645482983496, -0.09221321255464043, -0.08702851317302773, -0.06871585219395926, -0.06241711629367952, -0.05838560932896275, -0.05047382274838541, -0.04290019578030879, -0.036983750640018576, -0.03641529989694803, -0.03641529989694803, -0.03641529989694803, -0.03641529989694803, -0.03641529989694803, -0.03641529989694803, -0.03641529989694803, -0.03641529989694803, -0.03641529989694803]
done grad
iter:  28
tot_time: 22.731355905532837
total_reward: [-0.15910344207836458, -0.14884595554406954, -0.14601392415974201, -0.12811571794749121, -0.12405471617665831, -0.11827410738985789, -0.11225241602530911, -0.10619230303075211, -0.10160793132580981, -0.09834609693597618, -0.0954645482983496, -0.09221321255464043, -0.08702851317302773, -0.06871585219395926, -0.06241711629367952, -0.05838560932896275, -0.05047382274838541, -0.04290019578030879, -0.036983750640018576, -0.03641529989694803, -0.03641529989694803, -0.03641529989694803, -0.03641529989694803, -0.03641529989694803, -0.03641529989694803, -0.03641529989694803, -0.03641529989694803, -0.03641529989694803, -0.03641529989694803]
done grad
iter:  29
tot_time: 22.623273849487305
total_reward: [-0.15910344207836458, -0.14884595554406954, -0.14601392415974201, -0.12811571794749121, -0.12405471617665831, -0.11827410738985789, -0.11225241602530911, -0.10619230303075211, -0.10160793132580981, -0.09834609693597618, -0.0954645482983496, -0.09221321255464043, -0.08702851317302773, -0.06871585219395926, -0.06241711629367952, -0.05838560932896275, -0.05047382274838541, -0.04290019578030879, -0.036983750640018576, -0.03641529989694803, -0.03641529989694803, -0.03641529989694803, -0.03641529989694803, -0.03641529989694803, -0.03641529989694803, -0.03641529989694803, -0.03641529989694803, -0.03641529989694803, -0.03641529989694803, -0.03641529989694803]
done grad
iter:  30
tot_time: 23.079959869384766
total_reward: [-0.15910344207836458, -0.14884595554406954, -0.14601392415974201, -0.12811571794749121, -0.12405471617665831, -0.11827410738985789, -0.11225241602530911, -0.10619230303075211, -0.10160793132580981, -0.09834609693597618, -0.0954645482983496, -0.09221321255464043, -0.08702851317302773, -0.06871585219395926, -0.06241711629367952, -0.05838560932896275, -0.05047382274838541, -0.04290019578030879, -0.036983750640018576, -0.03641529989694803, -0.03641529989694803, -0.03641529989694803, -0.03641529989694803, -0.03641529989694803, -0.03641529989694803, -0.03641529989694803, -0.03641529989694803, -0.03641529989694803, -0.03641529989694803, -0.03641529989694803, -0.03641529989694803]
done grad
iter:  31
tot_time: 22.355234146118164
total_reward: [-0.15910344207836458, -0.14884595554406954, -0.14601392415974201, -0.12811571794749121, -0.12405471617665831, -0.11827410738985789, -0.11225241602530911, -0.10619230303075211, -0.10160793132580981, -0.09834609693597618, -0.0954645482983496, -0.09221321255464043, -0.08702851317302773, -0.06871585219395926, -0.06241711629367952, -0.05838560932896275, -0.05047382274838541, -0.04290019578030879, -0.036983750640018576, -0.03641529989694803, -0.03641529989694803, -0.03641529989694803, -0.03641529989694803, -0.03641529989694803, -0.03641529989694803, -0.03641529989694803, -0.03641529989694803, -0.03641529989694803, -0.03641529989694803, -0.03641529989694803, -0.03641529989694803, -0.03641529989694803]
done grad
iter:  32
tot_time: 22.60039782524109
total_reward: [-0.15910344207836458, -0.14884595554406954, -0.14601392415974201, -0.12811571794749121, -0.12405471617665831, -0.11827410738985789, -0.11225241602530911, -0.10619230303075211, -0.10160793132580981, -0.09834609693597618, -0.0954645482983496, -0.09221321255464043, -0.08702851317302773, -0.06871585219395926, -0.06241711629367952, -0.05838560932896275, -0.05047382274838541, -0.04290019578030879, -0.036983750640018576, -0.03641529989694803, -0.03641529989694803, -0.03641529989694803, -0.03641529989694803, -0.03641529989694803, -0.03641529989694803, -0.03641529989694803, -0.03641529989694803, -0.03641529989694803, -0.03641529989694803, -0.03641529989694803, -0.03641529989694803, -0.03641529989694803, -0.03641529989694803]
done grad
iter:  33
tot_time: 23.08686590194702
total_reward: [-0.15910344207836458, -0.14884595554406954, -0.14601392415974201, -0.12811571794749121, -0.12405471617665831, -0.11827410738985789, -0.11225241602530911, -0.10619230303075211, -0.10160793132580981, -0.09834609693597618, -0.0954645482983496, -0.09221321255464043, -0.08702851317302773, -0.06871585219395926, -0.06241711629367952, -0.05838560932896275, -0.05047382274838541, -0.04290019578030879, -0.036983750640018576, -0.03641529989694803, -0.03641529989694803, -0.03641529989694803, -0.03641529989694803, -0.03641529989694803, -0.03641529989694803, -0.03641529989694803, -0.03641529989694803, -0.03641529989694803, -0.03641529989694803, -0.03641529989694803, -0.03641529989694803, -0.03641529989694803, -0.03641529989694803, -0.03641529989694803]
done grad
iter:  34
tot_time: 23.007880926132202
total_reward: [-0.15910344207836458, -0.14884595554406954, -0.14601392415974201, -0.12811571794749121, -0.12405471617665831, -0.11827410738985789, -0.11225241602530911, -0.10619230303075211, -0.10160793132580981, -0.09834609693597618, -0.0954645482983496, -0.09221321255464043, -0.08702851317302773, -0.06871585219395926, -0.06241711629367952, -0.05838560932896275, -0.05047382274838541, -0.04290019578030879, -0.036983750640018576, -0.03641529989694803, -0.03641529989694803, -0.03641529989694803, -0.03641529989694803, -0.03641529989694803, -0.03641529989694803, -0.03641529989694803, -0.03641529989694803, -0.03641529989694803, -0.03641529989694803, -0.03641529989694803, -0.03641529989694803, -0.03641529989694803, -0.03641529989694803, -0.03641529989694803, -0.03641529989694803]
done grad
iter:  35
tot_time: 22.887751817703247
total_reward: [-0.15910344207836458, -0.14884595554406954, -0.14601392415974201, -0.12811571794749121, -0.12405471617665831, -0.11827410738985789, -0.11225241602530911, -0.10619230303075211, -0.10160793132580981, -0.09834609693597618, -0.0954645482983496, -0.09221321255464043, -0.08702851317302773, -0.06871585219395926, -0.06241711629367952, -0.05838560932896275, -0.05047382274838541, -0.04290019578030879, -0.036983750640018576, -0.03641529989694803, -0.03641529989694803, -0.03641529989694803, -0.03641529989694803, -0.03641529989694803, -0.03641529989694803, -0.03641529989694803, -0.03641529989694803, -0.03641529989694803, -0.03641529989694803, -0.03641529989694803, -0.03641529989694803, -0.03641529989694803, -0.03641529989694803, -0.03641529989694803, -0.03641529989694803, -0.03641529989694803]
done grad
iter:  36
tot_time: 22.794140100479126
total_reward: [-0.15910344207836458, -0.14884595554406954, -0.14601392415974201, -0.12811571794749121, -0.12405471617665831, -0.11827410738985789, -0.11225241602530911, -0.10619230303075211, -0.10160793132580981, -0.09834609693597618, -0.0954645482983496, -0.09221321255464043, -0.08702851317302773, -0.06871585219395926, -0.06241711629367952, -0.05838560932896275, -0.05047382274838541, -0.04290019578030879, -0.036983750640018576, -0.03641529989694803, -0.03641529989694803, -0.03641529989694803, -0.03641529989694803, -0.03641529989694803, -0.03641529989694803, -0.03641529989694803, -0.03641529989694803, -0.03641529989694803, -0.03641529989694803, -0.03641529989694803, -0.03641529989694803, -0.03641529989694803, -0.03641529989694803, -0.03641529989694803, -0.03641529989694803, -0.03641529989694803, -0.03641529989694803]
done grad
iter:  37
tot_time: 23.1936616897583
total_reward: [-0.15910344207836458, -0.14884595554406954, -0.14601392415974201, -0.12811571794749121, -0.12405471617665831, -0.11827410738985789, -0.11225241602530911, -0.10619230303075211, -0.10160793132580981, -0.09834609693597618, -0.0954645482983496, -0.09221321255464043, -0.08702851317302773, -0.06871585219395926, -0.06241711629367952, -0.05838560932896275, -0.05047382274838541, -0.04290019578030879, -0.036983750640018576, -0.03641529989694803, -0.03641529989694803, -0.03641529989694803, -0.03641529989694803, -0.03641529989694803, -0.03641529989694803, -0.03641529989694803, -0.03641529989694803, -0.03641529989694803, -0.03641529989694803, -0.03641529989694803, -0.03641529989694803, -0.03641529989694803, -0.03641529989694803, -0.03641529989694803, -0.03641529989694803, -0.03641529989694803, -0.03641529989694803, -0.03641529989694803]
done grad
iter:  38
tot_time: 22.89290475845337
total_reward: [-0.15910344207836458, -0.14884595554406954, -0.14601392415974201, -0.12811571794749121, -0.12405471617665831, -0.11827410738985789, -0.11225241602530911, -0.10619230303075211, -0.10160793132580981, -0.09834609693597618, -0.0954645482983496, -0.09221321255464043, -0.08702851317302773, -0.06871585219395926, -0.06241711629367952, -0.05838560932896275, -0.05047382274838541, -0.04290019578030879, -0.036983750640018576, -0.03641529989694803, -0.03641529989694803, -0.03641529989694803, -0.03641529989694803, -0.03641529989694803, -0.03641529989694803, -0.03641529989694803, -0.03641529989694803, -0.03641529989694803, -0.03641529989694803, -0.03641529989694803, -0.03641529989694803, -0.03641529989694803, -0.03641529989694803, -0.03641529989694803, -0.03641529989694803, -0.03641529989694803, -0.03641529989694803, -0.03641529989694803, -0.03641529989694803]
done grad
iter:  39
tot_time: 22.995983123779297
total_reward: [-0.15910344207836458, -0.14884595554406954, -0.14601392415974201, -0.12811571794749121, -0.12405471617665831, -0.11827410738985789, -0.11225241602530911, -0.10619230303075211, -0.10160793132580981, -0.09834609693597618, -0.0954645482983496, -0.09221321255464043, -0.08702851317302773, -0.06871585219395926, -0.06241711629367952, -0.05838560932896275, -0.05047382274838541, -0.04290019578030879, -0.036983750640018576, -0.03641529989694803, -0.03641529989694803, -0.03641529989694803, -0.03641529989694803, -0.03641529989694803, -0.03641529989694803, -0.03641529989694803, -0.03641529989694803, -0.03641529989694803, -0.03641529989694803, -0.03641529989694803, -0.03641529989694803, -0.03641529989694803, -0.03641529989694803, -0.03641529989694803, -0.03641529989694803, -0.03641529989694803, -0.03641529989694803, -0.03641529989694803, -0.03641529989694803, -0.03641529989694803]
done grad
iter:  40
tot_time: 22.742267608642578
total_reward: [-0.15910344207836458, -0.14884595554406954, -0.14601392415974201, -0.12811571794749121, -0.12405471617665831, -0.11827410738985789, -0.11225241602530911, -0.10619230303075211, -0.10160793132580981, -0.09834609693597618, -0.0954645482983496, -0.09221321255464043, -0.08702851317302773, -0.06871585219395926, -0.06241711629367952, -0.05838560932896275, -0.05047382274838541, -0.04290019578030879, -0.036983750640018576, -0.03641529989694803, -0.03641529989694803, -0.03641529989694803, -0.03641529989694803, -0.03641529989694803, -0.03641529989694803, -0.03641529989694803, -0.03641529989694803, -0.03641529989694803, -0.03641529989694803, -0.03641529989694803, -0.03641529989694803, -0.03641529989694803, -0.03641529989694803, -0.03641529989694803, -0.03641529989694803, -0.03641529989694803, -0.03641529989694803, -0.03641529989694803, -0.03641529989694803, -0.03641529989694803, -0.03641529989694803]
done grad
iter:  41
tot_time: 23.23680830001831
total_reward: [-0.15910344207836458, -0.14884595554406954, -0.14601392415974201, -0.12811571794749121, -0.12405471617665831, -0.11827410738985789, -0.11225241602530911, -0.10619230303075211, -0.10160793132580981, -0.09834609693597618, -0.0954645482983496, -0.09221321255464043, -0.08702851317302773, -0.06871585219395926, -0.06241711629367952, -0.05838560932896275, -0.05047382274838541, -0.04290019578030879, -0.036983750640018576, -0.03641529989694803, -0.03641529989694803, -0.03641529989694803, -0.03641529989694803, -0.03641529989694803, -0.03641529989694803, -0.03641529989694803, -0.03641529989694803, -0.03641529989694803, -0.03641529989694803, -0.03641529989694803, -0.03641529989694803, -0.03641529989694803, -0.03641529989694803, -0.03641529989694803, -0.03641529989694803, -0.03641529989694803, -0.03641529989694803, -0.03641529989694803, -0.03641529989694803, -0.03641529989694803, -0.03641529989694803, -0.03641529989694803]
done grad
iter:  42
tot_time: 23.16425633430481
total_reward: [-0.15910344207836458, -0.14884595554406954, -0.14601392415974201, -0.12811571794749121, -0.12405471617665831, -0.11827410738985789, -0.11225241602530911, -0.10619230303075211, -0.10160793132580981, -0.09834609693597618, -0.0954645482983496, -0.09221321255464043, -0.08702851317302773, -0.06871585219395926, -0.06241711629367952, -0.05838560932896275, -0.05047382274838541, -0.04290019578030879, -0.036983750640018576, -0.03641529989694803, -0.03641529989694803, -0.03641529989694803, -0.03641529989694803, -0.03641529989694803, -0.03641529989694803, -0.03641529989694803, -0.03641529989694803, -0.03641529989694803, -0.03641529989694803, -0.03641529989694803, -0.03641529989694803, -0.03641529989694803, -0.03641529989694803, -0.03641529989694803, -0.03641529989694803, -0.03641529989694803, -0.03641529989694803, -0.03641529989694803, -0.03641529989694803, -0.03641529989694803, -0.03641529989694803, -0.03641529989694803, -0.03641529989694803]
done grad
iter:  43
tot_time: 23.05968976020813
total_reward: [-0.15910344207836458, -0.14884595554406954, -0.14601392415974201, -0.12811571794749121, -0.12405471617665831, -0.11827410738985789, -0.11225241602530911, -0.10619230303075211, -0.10160793132580981, -0.09834609693597618, -0.0954645482983496, -0.09221321255464043, -0.08702851317302773, -0.06871585219395926, -0.06241711629367952, -0.05838560932896275, -0.05047382274838541, -0.04290019578030879, -0.036983750640018576, -0.03641529989694803, -0.03641529989694803, -0.03641529989694803, -0.03641529989694803, -0.03641529989694803, -0.03641529989694803, -0.03641529989694803, -0.03641529989694803, -0.03641529989694803, -0.03641529989694803, -0.03641529989694803, -0.03641529989694803, -0.03641529989694803, -0.03641529989694803, -0.03641529989694803, -0.03641529989694803, -0.03641529989694803, -0.03641529989694803, -0.03641529989694803, -0.03641529989694803, -0.03641529989694803, -0.03641529989694803, -0.03641529989694803, -0.03641529989694803, -0.03641529989694803]
done grad
iter:  44
tot_time: 23.361830949783325
total_reward: [-0.15910344207836458, -0.14884595554406954, -0.14601392415974201, -0.12811571794749121, -0.12405471617665831, -0.11827410738985789, -0.11225241602530911, -0.10619230303075211, -0.10160793132580981, -0.09834609693597618, -0.0954645482983496, -0.09221321255464043, -0.08702851317302773, -0.06871585219395926, -0.06241711629367952, -0.05838560932896275, -0.05047382274838541, -0.04290019578030879, -0.036983750640018576, -0.03641529989694803, -0.03641529989694803, -0.03641529989694803, -0.03641529989694803, -0.03641529989694803, -0.03641529989694803, -0.03641529989694803, -0.03641529989694803, -0.03641529989694803, -0.03641529989694803, -0.03641529989694803, -0.03641529989694803, -0.03641529989694803, -0.03641529989694803, -0.03641529989694803, -0.03641529989694803, -0.03641529989694803, -0.03641529989694803, -0.03641529989694803, -0.03641529989694803, -0.03641529989694803, -0.03641529989694803, -0.03641529989694803, -0.03641529989694803, -0.03641529989694803, -0.03641529989694803]
done grad
iter:  45
tot_time: 23.156414031982422
total_reward: [-0.15910344207836458, -0.14884595554406954, -0.14601392415974201, -0.12811571794749121, -0.12405471617665831, -0.11827410738985789, -0.11225241602530911, -0.10619230303075211, -0.10160793132580981, -0.09834609693597618, -0.0954645482983496, -0.09221321255464043, -0.08702851317302773, -0.06871585219395926, -0.06241711629367952, -0.05838560932896275, -0.05047382274838541, -0.04290019578030879, -0.036983750640018576, -0.03641529989694803, -0.03641529989694803, -0.03641529989694803, -0.03641529989694803, -0.03641529989694803, -0.03641529989694803, -0.03641529989694803, -0.03641529989694803, -0.03641529989694803, -0.03641529989694803, -0.03641529989694803, -0.03641529989694803, -0.03641529989694803, -0.03641529989694803, -0.03641529989694803, -0.03641529989694803, -0.03641529989694803, -0.03641529989694803, -0.03641529989694803, -0.03641529989694803, -0.03641529989694803, -0.03641529989694803, -0.03641529989694803, -0.03641529989694803, -0.03641529989694803, -0.03641529989694803, -0.03641529989694803]
done grad
iter:  46
tot_time: 23.154383420944214
total_reward: [-0.15910344207836458, -0.14884595554406954, -0.14601392415974201, -0.12811571794749121, -0.12405471617665831, -0.11827410738985789, -0.11225241602530911, -0.10619230303075211, -0.10160793132580981, -0.09834609693597618, -0.0954645482983496, -0.09221321255464043, -0.08702851317302773, -0.06871585219395926, -0.06241711629367952, -0.05838560932896275, -0.05047382274838541, -0.04290019578030879, -0.036983750640018576, -0.03641529989694803, -0.03641529989694803, -0.03641529989694803, -0.03641529989694803, -0.03641529989694803, -0.03641529989694803, -0.03641529989694803, -0.03641529989694803, -0.03641529989694803, -0.03641529989694803, -0.03641529989694803, -0.03641529989694803, -0.03641529989694803, -0.03641529989694803, -0.03641529989694803, -0.03641529989694803, -0.03641529989694803, -0.03641529989694803, -0.03641529989694803, -0.03641529989694803, -0.03641529989694803, -0.03641529989694803, -0.03641529989694803, -0.03641529989694803, -0.03641529989694803, -0.03641529989694803, -0.03641529989694803, -0.03641529989694803]
done grad
iter:  47
tot_time: 23.333343267440796
total_reward: [-0.15910344207836458, -0.14884595554406954, -0.14601392415974201, -0.12811571794749121, -0.12405471617665831, -0.11827410738985789, -0.11225241602530911, -0.10619230303075211, -0.10160793132580981, -0.09834609693597618, -0.0954645482983496, -0.09221321255464043, -0.08702851317302773, -0.06871585219395926, -0.06241711629367952, -0.05838560932896275, -0.05047382274838541, -0.04290019578030879, -0.036983750640018576, -0.03641529989694803, -0.03641529989694803, -0.03641529989694803, -0.03641529989694803, -0.03641529989694803, -0.03641529989694803, -0.03641529989694803, -0.03641529989694803, -0.03641529989694803, -0.03641529989694803, -0.03641529989694803, -0.03641529989694803, -0.03641529989694803, -0.03641529989694803, -0.03641529989694803, -0.03641529989694803, -0.03641529989694803, -0.03641529989694803, -0.03641529989694803, -0.03641529989694803, -0.03641529989694803, -0.03641529989694803, -0.03641529989694803, -0.03641529989694803, -0.03641529989694803, -0.03641529989694803, -0.03641529989694803, -0.03641529989694803, -0.03641529989694803]
done grad
iter:  48
tot_time: 23.101090669631958
total_reward: [-0.15910344207836458, -0.14884595554406954, -0.14601392415974201, -0.12811571794749121, -0.12405471617665831, -0.11827410738985789, -0.11225241602530911, -0.10619230303075211, -0.10160793132580981, -0.09834609693597618, -0.0954645482983496, -0.09221321255464043, -0.08702851317302773, -0.06871585219395926, -0.06241711629367952, -0.05838560932896275, -0.05047382274838541, -0.04290019578030879, -0.036983750640018576, -0.03641529989694803, -0.03641529989694803, -0.03641529989694803, -0.03641529989694803, -0.03641529989694803, -0.03641529989694803, -0.03641529989694803, -0.03641529989694803, -0.03641529989694803, -0.03641529989694803, -0.03641529989694803, -0.03641529989694803, -0.03641529989694803, -0.03641529989694803, -0.03641529989694803, -0.03641529989694803, -0.03641529989694803, -0.03641529989694803, -0.03641529989694803, -0.03641529989694803, -0.03641529989694803, -0.03641529989694803, -0.03641529989694803, -0.03641529989694803, -0.03641529989694803, -0.03641529989694803, -0.03641529989694803, -0.03641529989694803, -0.03641529989694803, -0.03641529989694803]
done grad
iter:  49
tot_time: 23.406152486801147
total_reward: [-0.15910344207836458, -0.14884595554406954, -0.14601392415974201, -0.12811571794749121, -0.12405471617665831, -0.11827410738985789, -0.11225241602530911, -0.10619230303075211, -0.10160793132580981, -0.09834609693597618, -0.0954645482983496, -0.09221321255464043, -0.08702851317302773, -0.06871585219395926, -0.06241711629367952, -0.05838560932896275, -0.05047382274838541, -0.04290019578030879, -0.036983750640018576, -0.03641529989694803, -0.03641529989694803, -0.03641529989694803, -0.03641529989694803, -0.03641529989694803, -0.03641529989694803, -0.03641529989694803, -0.03641529989694803, -0.03641529989694803, -0.03641529989694803, -0.03641529989694803, -0.03641529989694803, -0.03641529989694803, -0.03641529989694803, -0.03641529989694803, -0.03641529989694803, -0.03641529989694803, -0.03641529989694803, -0.03641529989694803, -0.03641529989694803, -0.03641529989694803, -0.03641529989694803, -0.03641529989694803, -0.03641529989694803, -0.03641529989694803, -0.03641529989694803, -0.03641529989694803, -0.03641529989694803, -0.03641529989694803, -0.03641529989694803, -0.03641529989694803]
done grad
iter:  50
tot_time: 23.605457305908203
total_reward: [-0.15910344207836458, -0.14884595554406954, -0.14601392415974201, -0.12811571794749121, -0.12405471617665831, -0.11827410738985789, -0.11225241602530911, -0.10619230303075211, -0.10160793132580981, -0.09834609693597618, -0.0954645482983496, -0.09221321255464043, -0.08702851317302773, -0.06871585219395926, -0.06241711629367952, -0.05838560932896275, -0.05047382274838541, -0.04290019578030879, -0.036983750640018576, -0.03641529989694803, -0.03641529989694803, -0.03641529989694803, -0.03641529989694803, -0.03641529989694803, -0.03641529989694803, -0.03641529989694803, -0.03641529989694803, -0.03641529989694803, -0.03641529989694803, -0.03641529989694803, -0.03641529989694803, -0.03641529989694803, -0.03641529989694803, -0.03641529989694803, -0.03641529989694803, -0.03641529989694803, -0.03641529989694803, -0.03641529989694803, -0.03641529989694803, -0.03641529989694803, -0.03641529989694803, -0.03641529989694803, -0.03641529989694803, -0.03641529989694803, -0.03641529989694803, -0.03641529989694803, -0.03641529989694803, -0.03641529989694803, -0.03641529989694803, -0.03641529989694803, -0.03641529989694803]
done grad
iter:  51
tot_time: 23.318735599517822
total_reward: [-0.15910344207836458, -0.14884595554406954, -0.14601392415974201, -0.12811571794749121, -0.12405471617665831, -0.11827410738985789, -0.11225241602530911, -0.10619230303075211, -0.10160793132580981, -0.09834609693597618, -0.0954645482983496, -0.09221321255464043, -0.08702851317302773, -0.06871585219395926, -0.06241711629367952, -0.05838560932896275, -0.05047382274838541, -0.04290019578030879, -0.036983750640018576, -0.03641529989694803, -0.03641529989694803, -0.03641529989694803, -0.03641529989694803, -0.03641529989694803, -0.03641529989694803, -0.03641529989694803, -0.03641529989694803, -0.03641529989694803, -0.03641529989694803, -0.03641529989694803, -0.03641529989694803, -0.03641529989694803, -0.03641529989694803, -0.03641529989694803, -0.03641529989694803, -0.03641529989694803, -0.03641529989694803, -0.03641529989694803, -0.03641529989694803, -0.03641529989694803, -0.03641529989694803, -0.03641529989694803, -0.03641529989694803, -0.03641529989694803, -0.03641529989694803, -0.03641529989694803, -0.03641529989694803, -0.03641529989694803, -0.03641529989694803, -0.03641529989694803, -0.03641529989694803, -0.03641529989694803]
done grad
iter:  52
tot_time: 23.54737114906311
total_reward: [-0.15910344207836458, -0.14884595554406954, -0.14601392415974201, -0.12811571794749121, -0.12405471617665831, -0.11827410738985789, -0.11225241602530911, -0.10619230303075211, -0.10160793132580981, -0.09834609693597618, -0.0954645482983496, -0.09221321255464043, -0.08702851317302773, -0.06871585219395926, -0.06241711629367952, -0.05838560932896275, -0.05047382274838541, -0.04290019578030879, -0.036983750640018576, -0.03641529989694803, -0.03641529989694803, -0.03641529989694803, -0.03641529989694803, -0.03641529989694803, -0.03641529989694803, -0.03641529989694803, -0.03641529989694803, -0.03641529989694803, -0.03641529989694803, -0.03641529989694803, -0.03641529989694803, -0.03641529989694803, -0.03641529989694803, -0.03641529989694803, -0.03641529989694803, -0.03641529989694803, -0.03641529989694803, -0.03641529989694803, -0.03641529989694803, -0.03641529989694803, -0.03641529989694803, -0.03641529989694803, -0.03641529989694803, -0.03641529989694803, -0.03641529989694803, -0.03641529989694803, -0.03641529989694803, -0.03641529989694803, -0.03641529989694803, -0.03641529989694803, -0.03641529989694803, -0.03641529989694803, -0.03641529989694803]
done grad
iter:  53
tot_time: 23.72016739845276
total_reward: [-0.15910344207836458, -0.14884595554406954, -0.14601392415974201, -0.12811571794749121, -0.12405471617665831, -0.11827410738985789, -0.11225241602530911, -0.10619230303075211, -0.10160793132580981, -0.09834609693597618, -0.0954645482983496, -0.09221321255464043, -0.08702851317302773, -0.06871585219395926, -0.06241711629367952, -0.05838560932896275, -0.05047382274838541, -0.04290019578030879, -0.036983750640018576, -0.03641529989694803, -0.03641529989694803, -0.03641529989694803, -0.03641529989694803, -0.03641529989694803, -0.03641529989694803, -0.03641529989694803, -0.03641529989694803, -0.03641529989694803, -0.03641529989694803, -0.03641529989694803, -0.03641529989694803, -0.03641529989694803, -0.03641529989694803, -0.03641529989694803, -0.03641529989694803, -0.03641529989694803, -0.03641529989694803, -0.03641529989694803, -0.03641529989694803, -0.03641529989694803, -0.03641529989694803, -0.03641529989694803, -0.03641529989694803, -0.03641529989694803, -0.03641529989694803, -0.03641529989694803, -0.03641529989694803, -0.03641529989694803, -0.03641529989694803, -0.03641529989694803, -0.03641529989694803, -0.03641529989694803, -0.03641529989694803, -0.03641529989694803]
done grad
iter:  54
tot_time: 23.819222450256348
total_reward: [-0.15910344207836458, -0.14884595554406954, -0.14601392415974201, -0.12811571794749121, -0.12405471617665831, -0.11827410738985789, -0.11225241602530911, -0.10619230303075211, -0.10160793132580981, -0.09834609693597618, -0.0954645482983496, -0.09221321255464043, -0.08702851317302773, -0.06871585219395926, -0.06241711629367952, -0.05838560932896275, -0.05047382274838541, -0.04290019578030879, -0.036983750640018576, -0.03641529989694803, -0.03641529989694803, -0.03641529989694803, -0.03641529989694803, -0.03641529989694803, -0.03641529989694803, -0.03641529989694803, -0.03641529989694803, -0.03641529989694803, -0.03641529989694803, -0.03641529989694803, -0.03641529989694803, -0.03641529989694803, -0.03641529989694803, -0.03641529989694803, -0.03641529989694803, -0.03641529989694803, -0.03641529989694803, -0.03641529989694803, -0.03641529989694803, -0.03641529989694803, -0.03641529989694803, -0.03641529989694803, -0.03641529989694803, -0.03641529989694803, -0.03641529989694803, -0.03641529989694803, -0.03641529989694803, -0.03641529989694803, -0.03641529989694803, -0.03641529989694803, -0.03641529989694803, -0.03641529989694803, -0.03641529989694803, -0.03641529989694803, -0.03641529989694803]
done grad
iter:  55
tot_time: 23.984134912490845
total_reward: [-0.15910344207836458, -0.14884595554406954, -0.14601392415974201, -0.12811571794749121, -0.12405471617665831, -0.11827410738985789, -0.11225241602530911, -0.10619230303075211, -0.10160793132580981, -0.09834609693597618, -0.0954645482983496, -0.09221321255464043, -0.08702851317302773, -0.06871585219395926, -0.06241711629367952, -0.05838560932896275, -0.05047382274838541, -0.04290019578030879, -0.036983750640018576, -0.03641529989694803, -0.03641529989694803, -0.03641529989694803, -0.03641529989694803, -0.03641529989694803, -0.03641529989694803, -0.03641529989694803, -0.03641529989694803, -0.03641529989694803, -0.03641529989694803, -0.03641529989694803, -0.03641529989694803, -0.03641529989694803, -0.03641529989694803, -0.03641529989694803, -0.03641529989694803, -0.03641529989694803, -0.03641529989694803, -0.03641529989694803, -0.03641529989694803, -0.03641529989694803, -0.03641529989694803, -0.03641529989694803, -0.03641529989694803, -0.03641529989694803, -0.03641529989694803, -0.03641529989694803, -0.03641529989694803, -0.03641529989694803, -0.03641529989694803, -0.03641529989694803, -0.03641529989694803, -0.03641529989694803, -0.03641529989694803, -0.03641529989694803, -0.03641529989694803, -0.038907530165944504]
done grad
iter:  56
tot_time: 24.08949041366577
total_reward: [-0.15910344207836458, -0.14884595554406954, -0.14601392415974201, -0.12811571794749121, -0.12405471617665831, -0.11827410738985789, -0.11225241602530911, -0.10619230303075211, -0.10160793132580981, -0.09834609693597618, -0.0954645482983496, -0.09221321255464043, -0.08702851317302773, -0.06871585219395926, -0.06241711629367952, -0.05838560932896275, -0.05047382274838541, -0.04290019578030879, -0.036983750640018576, -0.03641529989694803, -0.03641529989694803, -0.03641529989694803, -0.03641529989694803, -0.03641529989694803, -0.03641529989694803, -0.03641529989694803, -0.03641529989694803, -0.03641529989694803, -0.03641529989694803, -0.03641529989694803, -0.03641529989694803, -0.03641529989694803, -0.03641529989694803, -0.03641529989694803, -0.03641529989694803, -0.03641529989694803, -0.03641529989694803, -0.03641529989694803, -0.03641529989694803, -0.03641529989694803, -0.03641529989694803, -0.03641529989694803, -0.03641529989694803, -0.03641529989694803, -0.03641529989694803, -0.03641529989694803, -0.03641529989694803, -0.03641529989694803, -0.03641529989694803, -0.03641529989694803, -0.03641529989694803, -0.03641529989694803, -0.03641529989694803, -0.03641529989694803, -0.03641529989694803, -0.038907530165944504, -0.04142589482321801]
done grad
iter:  57
tot_time: 23.77624273300171
total_reward: [-0.15910344207836458, -0.14884595554406954, -0.14601392415974201, -0.12811571794749121, -0.12405471617665831, -0.11827410738985789, -0.11225241602530911, -0.10619230303075211, -0.10160793132580981, -0.09834609693597618, -0.0954645482983496, -0.09221321255464043, -0.08702851317302773, -0.06871585219395926, -0.06241711629367952, -0.05838560932896275, -0.05047382274838541, -0.04290019578030879, -0.036983750640018576, -0.03641529989694803, -0.03641529989694803, -0.03641529989694803, -0.03641529989694803, -0.03641529989694803, -0.03641529989694803, -0.03641529989694803, -0.03641529989694803, -0.03641529989694803, -0.03641529989694803, -0.03641529989694803, -0.03641529989694803, -0.03641529989694803, -0.03641529989694803, -0.03641529989694803, -0.03641529989694803, -0.03641529989694803, -0.03641529989694803, -0.03641529989694803, -0.03641529989694803, -0.03641529989694803, -0.03641529989694803, -0.03641529989694803, -0.03641529989694803, -0.03641529989694803, -0.03641529989694803, -0.03641529989694803, -0.03641529989694803, -0.03641529989694803, -0.03641529989694803, -0.03641529989694803, -0.03641529989694803, -0.03641529989694803, -0.03641529989694803, -0.03641529989694803, -0.03641529989694803, -0.038907530165944504, -0.04142589482321801, -0.043951338300544984]
done grad
iter:  58
tot_time: 23.93018627166748
total_reward: [-0.15910344207836458, -0.14884595554406954, -0.14601392415974201, -0.12811571794749121, -0.12405471617665831, -0.11827410738985789, -0.11225241602530911, -0.10619230303075211, -0.10160793132580981, -0.09834609693597618, -0.0954645482983496, -0.09221321255464043, -0.08702851317302773, -0.06871585219395926, -0.06241711629367952, -0.05838560932896275, -0.05047382274838541, -0.04290019578030879, -0.036983750640018576, -0.03641529989694803, -0.03641529989694803, -0.03641529989694803, -0.03641529989694803, -0.03641529989694803, -0.03641529989694803, -0.03641529989694803, -0.03641529989694803, -0.03641529989694803, -0.03641529989694803, -0.03641529989694803, -0.03641529989694803, -0.03641529989694803, -0.03641529989694803, -0.03641529989694803, -0.03641529989694803, -0.03641529989694803, -0.03641529989694803, -0.03641529989694803, -0.03641529989694803, -0.03641529989694803, -0.03641529989694803, -0.03641529989694803, -0.03641529989694803, -0.03641529989694803, -0.03641529989694803, -0.03641529989694803, -0.03641529989694803, -0.03641529989694803, -0.03641529989694803, -0.03641529989694803, -0.03641529989694803, -0.03641529989694803, -0.03641529989694803, -0.03641529989694803, -0.03641529989694803, -0.038907530165944504, -0.04142589482321801, -0.043951338300544984, -0.0462393040759721]
done grad
iter:  59
tot_time: 23.81516981124878
total_reward: [-0.15910344207836458, -0.14884595554406954, -0.14601392415974201, -0.12811571794749121, -0.12405471617665831, -0.11827410738985789, -0.11225241602530911, -0.10619230303075211, -0.10160793132580981, -0.09834609693597618, -0.0954645482983496, -0.09221321255464043, -0.08702851317302773, -0.06871585219395926, -0.06241711629367952, -0.05838560932896275, -0.05047382274838541, -0.04290019578030879, -0.036983750640018576, -0.03641529989694803, -0.03641529989694803, -0.03641529989694803, -0.03641529989694803, -0.03641529989694803, -0.03641529989694803, -0.03641529989694803, -0.03641529989694803, -0.03641529989694803, -0.03641529989694803, -0.03641529989694803, -0.03641529989694803, -0.03641529989694803, -0.03641529989694803, -0.03641529989694803, -0.03641529989694803, -0.03641529989694803, -0.03641529989694803, -0.03641529989694803, -0.03641529989694803, -0.03641529989694803, -0.03641529989694803, -0.03641529989694803, -0.03641529989694803, -0.03641529989694803, -0.03641529989694803, -0.03641529989694803, -0.03641529989694803, -0.03641529989694803, -0.03641529989694803, -0.03641529989694803, -0.03641529989694803, -0.03641529989694803, -0.03641529989694803, -0.03641529989694803, -0.03641529989694803, -0.038907530165944504, -0.04142589482321801, -0.043951338300544984, -0.0462393040759721, -0.04984407125071577]
done grad
iter:  60
Begin thicken cloth...
Num Vertices: (64, 3)
Num Faces: (90, 3)
Num Vertex Normals: (64, 3)
Num Face Normals: (90, 3)
Num Vertex UV: (64, 2)

Begin subdivide cloth...
Num Vertices: (128, 3)
Num Faces: (252, 3)
Num Vertex Normals: (128, 3)
Num Face Normals: (252, 3)
Num Vertex UV: (128, 2)

Begin subdivide cloth...
Num Vertices: (758, 3)
Num Faces: (1512, 3)
Num Vertex Normals: (758, 3)
Num Face Normals: (1512, 3)
Num Vertex UV: (758, 2)

Num Vertices: (4538, 3)
Num Faces: (9072, 3)
Num Vertex Normals: (4538, 3)
Num Face Normals: (9072, 3)
Num Vertex UV: (4538, 2)

Begin thicken cloth...
Num Vertices: (64, 3)
Num Faces: (90, 3)
Num Vertex Normals: (64, 3)
Num Face Normals: (90, 3)
Num Vertex UV: (64, 2)

Begin subdivide cloth...
Num Vertices: (128, 3)
Num Faces: (252, 3)
Num Vertex Normals: (128, 3)
Num Face Normals: (252, 3)
Num Vertex UV: (128, 2)

Begin subdivide cloth...
Num Vertices: (758, 3)
Num Faces: (1512, 3)
Num Vertex Normals: (758, 3)
Num Face Normals: (1512, 3)
Num Vertex UV: (758, 2)

Num Vertices: (4538, 3)
Num Faces: (9072, 3)
Num Vertex Normals: (4538, 3)
Num Face Normals: (9072, 3)
Num Vertex UV: (4538, 2)

Begin thicken cloth...
Num Vertices: (64, 3)
Num Faces: (90, 3)
Num Vertex Normals: (64, 3)
Num Face Normals: (90, 3)
Num Vertex UV: (64, 2)

Begin subdivide cloth...
Num Vertices: (128, 3)
Num Faces: (252, 3)
Num Vertex Normals: (128, 3)
Num Face Normals: (252, 3)
Num Vertex UV: (128, 2)

Begin subdivide cloth...
Num Vertices: (758, 3)
Num Faces: (1512, 3)
Num Vertex Normals: (758, 3)
Num Face Normals: (1512, 3)
Num Vertex UV: (758, 2)

Num Vertices: (4538, 3)
Num Faces: (9072, 3)
Num Vertex Normals: (4538, 3)
Num Face Normals: (9072, 3)
Num Vertex UV: (4538, 2)

Begin thicken cloth...
Num Vertices: (64, 3)
Num Faces: (90, 3)
Num Vertex Normals: (64, 3)
Num Face Normals: (90, 3)
Num Vertex UV: (64, 2)

Begin subdivide cloth...
Num Vertices: (128, 3)
Num Faces: (252, 3)
Num Vertex Normals: (128, 3)
Num Face Normals: (252, 3)
Num Vertex UV: (128, 2)

Begin subdivide cloth...
Num Vertices: (758, 3)
Num Faces: (1512, 3)
Num Vertex Normals: (758, 3)
Num Face Normals: (1512, 3)
Num Vertex UV: (758, 2)

Num Vertices: (4538, 3)
Num Faces: (9072, 3)
Num Vertex Normals: (4538, 3)
Num Face Normals: (9072, 3)
Num Vertex UV: (4538, 2)

Begin thicken cloth...
Num Vertices: (64, 3)
Num Faces: (90, 3)
Num Vertex Normals: (64, 3)
Num Face Normals: (90, 3)
Num Vertex UV: (64, 2)

Begin subdivide cloth...
Num Vertices: (128, 3)
Num Faces: (252, 3)
Num Vertex Normals: (128, 3)
Num Face Normals: (252, 3)
Num Vertex UV: (128, 2)

Begin subdivide cloth...
Num Vertices: (758, 3)
Num Faces: (1512, 3)
Num Vertex Normals: (758, 3)
Num Face Normals: (1512, 3)
Num Vertex UV: (758, 2)

Num Vertices: (4538, 3)
Num Faces: (9072, 3)
Num Vertex Normals: (4538, 3)
Num Face Normals: (9072, 3)
Num Vertex UV: (4538, 2)

Begin thicken cloth...
Num Vertices: (64, 3)
Num Faces: (90, 3)
Num Vertex Normals: (64, 3)
Num Face Normals: (90, 3)
Num Vertex UV: (64, 2)

Begin subdivide cloth...
Num Vertices: (128, 3)
Num Faces: (252, 3)
Num Vertex Normals: (128, 3)
Num Face Normals: (252, 3)
Num Vertex UV: (128, 2)

Begin subdivide cloth...
Num Vertices: (758, 3)
Num Faces: (1512, 3)
Num Vertex Normals: (758, 3)
Num Face Normals: (1512, 3)
Num Vertex UV: (758, 2)

Num Vertices: (4538, 3)
Num Faces: (9072, 3)
Num Vertex Normals: (4538, 3)
Num Face Normals: (9072, 3)
Num Vertex UV: (4538, 2)

Begin thicken cloth...
Num Vertices: (64, 3)
Num Faces: (90, 3)
Num Vertex Normals: (64, 3)
Num Face Normals: (90, 3)
Num Vertex UV: (64, 2)

Begin subdivide cloth...
Num Vertices: (128, 3)
Num Faces: (252, 3)
Num Vertex Normals: (128, 3)
Num Face Normals: (252, 3)
Num Vertex UV: (128, 2)

Begin subdivide cloth...
Num Vertices: (758, 3)
Num Faces: (1512, 3)
Num Vertex Normals: (758, 3)
Num Face Normals: (1512, 3)
Num Vertex UV: (758, 2)

Num Vertices: (4538, 3)
Num Faces: (9072, 3)
Num Vertex Normals: (4538, 3)
Num Face Normals: (9072, 3)
Num Vertex UV: (4538, 2)

Begin thicken cloth...
Num Vertices: (64, 3)
Num Faces: (90, 3)
Num Vertex Normals: (64, 3)
Num Face Normals: (90, 3)
Num Vertex UV: (64, 2)

Begin subdivide cloth...
Num Vertices: (128, 3)
Num Faces: (252, 3)
Num Vertex Normals: (128, 3)
Num Face Normals: (252, 3)
Num Vertex UV: (128, 2)

Begin subdivide cloth...
Num Vertices: (758, 3)
Num Faces: (1512, 3)
Num Vertex Normals: (758, 3)
Num Face Normals: (1512, 3)
Num Vertex UV: (758, 2)

Num Vertices: (4538, 3)
Num Faces: (9072, 3)
Num Vertex Normals: (4538, 3)
Num Face Normals: (9072, 3)
Num Vertex UV: (4538, 2)

Begin thicken cloth...
Num Vertices: (64, 3)
Num Faces: (90, 3)
Num Vertex Normals: (64, 3)
Num Face Normals: (90, 3)
Num Vertex UV: (64, 2)

Begin subdivide cloth...
Num Vertices: (128, 3)
Num Faces: (252, 3)
Num Vertex Normals: (128, 3)
Num Face Normals: (252, 3)
Num Vertex UV: (128, 2)

Begin subdivide cloth...
Num Vertices: (758, 3)
Num Faces: (1512, 3)
Num Vertex Normals: (758, 3)
Num Face Normals: (1512, 3)
Num Vertex UV: (758, 2)

Num Vertices: (4538, 3)
Num Faces: (9072, 3)
Num Vertex Normals: (4538, 3)
Num Face Normals: (9072, 3)
Num Vertex UV: (4538, 2)

Begin thicken cloth...
Num Vertices: (64, 3)
Num Faces: (90, 3)
Num Vertex Normals: (64, 3)
Num Face Normals: (90, 3)
Num Vertex UV: (64, 2)

Begin subdivide cloth...
Num Vertices: (128, 3)
Num Faces: (252, 3)
Num Vertex Normals: (128, 3)
Num Face Normals: (252, 3)
Num Vertex UV: (128, 2)

Begin subdivide cloth...
Num Vertices: (758, 3)
Num Faces: (1512, 3)
Num Vertex Normals: (758, 3)
Num Face Normals: (1512, 3)
Num Vertex UV: (758, 2)

Num Vertices: (4538, 3)
Num Faces: (9072, 3)
Num Vertex Normals: (4538, 3)
Num Face Normals: (9072, 3)
Num Vertex UV: (4538, 2)

Begin thicken cloth...
Num Vertices: (64, 3)
Num Faces: (90, 3)
Num Vertex Normals: (64, 3)
Num Face Normals: (90, 3)
Num Vertex UV: (64, 2)

Begin subdivide cloth...
Num Vertices: (128, 3)
Num Faces: (252, 3)
Num Vertex Normals: (128, 3)
Num Face Normals: (252, 3)
Num Vertex UV: (128, 2)

Begin subdivide cloth...
Num Vertices: (758, 3)
Num Faces: (1512, 3)
Num Vertex Normals: (758, 3)
Num Face Normals: (1512, 3)
Num Vertex UV: (758, 2)

Num Vertices: (4538, 3)
Num Faces: (9072, 3)
Num Vertex Normals: (4538, 3)
Num Face Normals: (9072, 3)
Num Vertex UV: (4538, 2)

Begin thicken cloth...
Num Vertices: (64, 3)
Num Faces: (90, 3)
Num Vertex Normals: (64, 3)
Num Face Normals: (90, 3)
Num Vertex UV: (64, 2)

Begin subdivide cloth...
Num Vertices: (128, 3)
Num Faces: (252, 3)
Num Vertex Normals: (128, 3)
Num Face Normals: (252, 3)
Num Vertex UV: (128, 2)

Begin subdivide cloth...
Num Vertices: (758, 3)
Num Faces: (1512, 3)
Num Vertex Normals: (758, 3)
Num Face Normals: (1512, 3)
Num Vertex UV: (758, 2)

Num Vertices: (4538, 3)
Num Faces: (9072, 3)
Num Vertex Normals: (4538, 3)
Num Face Normals: (9072, 3)
Num Vertex UV: (4538, 2)

Begin thicken cloth...
Num Vertices: (64, 3)
Num Faces: (90, 3)
Num Vertex Normals: (64, 3)
Num Face Normals: (90, 3)
Num Vertex UV: (64, 2)

Begin subdivide cloth...
Num Vertices: (128, 3)
Num Faces: (252, 3)
Num Vertex Normals: (128, 3)
Num Face Normals: (252, 3)
Num Vertex UV: (128, 2)

Begin subdivide cloth...
Num Vertices: (758, 3)
Num Faces: (1512, 3)
Num Vertex Normals: (758, 3)
Num Face Normals: (1512, 3)
Num Vertex UV: (758, 2)

Num Vertices: (4538, 3)
Num Faces: (9072, 3)
Num Vertex Normals: (4538, 3)
Num Face Normals: (9072, 3)
Num Vertex UV: (4538, 2)

Begin thicken cloth...
Num Vertices: (64, 3)
Num Faces: (90, 3)
Num Vertex Normals: (64, 3)
Num Face Normals: (90, 3)
Num Vertex UV: (64, 2)

Begin subdivide cloth...
Num Vertices: (128, 3)
Num Faces: (252, 3)
Num Vertex Normals: (128, 3)
Num Face Normals: (252, 3)
Num Vertex UV: (128, 2)

Begin subdivide cloth...
Num Vertices: (758, 3)
Num Faces: (1512, 3)
Num Vertex Normals: (758, 3)
Num Face Normals: (1512, 3)
Num Vertex UV: (758, 2)

Num Vertices: (4538, 3)
Num Faces: (9072, 3)
Num Vertex Normals: (4538, 3)
Num Face Normals: (9072, 3)
Num Vertex UV: (4538, 2)

Begin thicken cloth...
Num Vertices: (64, 3)
Num Faces: (90, 3)
Num Vertex Normals: (64, 3)
Num Face Normals: (90, 3)
Num Vertex UV: (64, 2)

Begin subdivide cloth...
Num Vertices: (128, 3)
Num Faces: (252, 3)
Num Vertex Normals: (128, 3)
Num Face Normals: (252, 3)
Num Vertex UV: (128, 2)

Begin subdivide cloth...
Num Vertices: (758, 3)
Num Faces: (1512, 3)
Num Vertex Normals: (758, 3)
Num Face Normals: (1512, 3)
Num Vertex UV: (758, 2)

Num Vertices: (4538, 3)
Num Faces: (9072, 3)
Num Vertex Normals: (4538, 3)
Num Face Normals: (9072, 3)
Num Vertex UV: (4538, 2)

Begin thicken cloth...
Num Vertices: (64, 3)
Num Faces: (90, 3)
Num Vertex Normals: (64, 3)
Num Face Normals: (90, 3)
Num Vertex UV: (64, 2)

Begin subdivide cloth...
Num Vertices: (128, 3)
Num Faces: (252, 3)
Num Vertex Normals: (128, 3)
Num Face Normals: (252, 3)
Num Vertex UV: (128, 2)

Begin subdivide cloth...
Num Vertices: (758, 3)
Num Faces: (1512, 3)
Num Vertex Normals: (758, 3)
Num Face Normals: (1512, 3)
Num Vertex UV: (758, 2)

Num Vertices: (4538, 3)
Num Faces: (9072, 3)
Num Vertex Normals: (4538, 3)
Num Face Normals: (9072, 3)
Num Vertex UV: (4538, 2)

Begin thicken cloth...
Num Vertices: (64, 3)
Num Faces: (90, 3)
Num Vertex Normals: (64, 3)
Num Face Normals: (90, 3)
Num Vertex UV: (64, 2)

Begin subdivide cloth...
Num Vertices: (128, 3)
Num Faces: (252, 3)
Num Vertex Normals: (128, 3)
Num Face Normals: (252, 3)
Num Vertex UV: (128, 2)

Begin subdivide cloth...
Num Vertices: (758, 3)
Num Faces: (1512, 3)
Num Vertex Normals: (758, 3)
Num Face Normals: (1512, 3)
Num Vertex UV: (758, 2)

Num Vertices: (4538, 3)
Num Faces: (9072, 3)
Num Vertex Normals: (4538, 3)
Num Face Normals: (9072, 3)
Num Vertex UV: (4538, 2)

Begin thicken cloth...
Num Vertices: (64, 3)
Num Faces: (90, 3)
Num Vertex Normals: (64, 3)
Num Face Normals: (90, 3)
Num Vertex UV: (64, 2)

Begin subdivide cloth...
Num Vertices: (128, 3)
Num Faces: (252, 3)
Num Vertex Normals: (128, 3)
Num Face Normals: (252, 3)
Num Vertex UV: (128, 2)

Begin subdivide cloth...
Num Vertices: (758, 3)
Num Faces: (1512, 3)
Num Vertex Normals: (758, 3)
Num Face Normals: (1512, 3)
Num Vertex UV: (758, 2)

Num Vertices: (4538, 3)
Num Faces: (9072, 3)
Num Vertex Normals: (4538, 3)
Num Face Normals: (9072, 3)
Num Vertex UV: (4538, 2)

Begin thicken cloth...
Num Vertices: (64, 3)
Num Faces: (90, 3)
Num Vertex Normals: (64, 3)
Num Face Normals: (90, 3)
Num Vertex UV: (64, 2)

Begin subdivide cloth...
Num Vertices: (128, 3)
Num Faces: (252, 3)
Num Vertex Normals: (128, 3)
Num Face Normals: (252, 3)
Num Vertex UV: (128, 2)

Begin subdivide cloth...
Num Vertices: (758, 3)
Num Faces: (1512, 3)
Num Vertex Normals: (758, 3)
Num Face Normals: (1512, 3)
Num Vertex UV: (758, 2)

Num Vertices: (4538, 3)
Num Faces: (9072, 3)
Num Vertex Normals: (4538, 3)
Num Face Normals: (9072, 3)
Num Vertex UV: (4538, 2)

Begin thicken cloth...
Num Vertices: (64, 3)
Num Faces: (90, 3)
Num Vertex Normals: (64, 3)
Num Face Normals: (90, 3)
Num Vertex UV: (64, 2)

Begin subdivide cloth...
Num Vertices: (128, 3)
Num Faces: (252, 3)
Num Vertex Normals: (128, 3)
Num Face Normals: (252, 3)
Num Vertex UV: (128, 2)

Begin subdivide cloth...
Num Vertices: (758, 3)
Num Faces: (1512, 3)
Num Vertex Normals: (758, 3)
Num Face Normals: (1512, 3)
Num Vertex UV: (758, 2)

Num Vertices: (4538, 3)
Num Faces: (9072, 3)
Num Vertex Normals: (4538, 3)
Num Face Normals: (9072, 3)
Num Vertex UV: (4538, 2)

Begin thicken cloth...
Num Vertices: (64, 3)
Num Faces: (90, 3)
Num Vertex Normals: (64, 3)
Num Face Normals: (90, 3)
Num Vertex UV: (64, 2)

Begin subdivide cloth...
Num Vertices: (128, 3)
Num Faces: (252, 3)
Num Vertex Normals: (128, 3)
Num Face Normals: (252, 3)
Num Vertex UV: (128, 2)

Begin subdivide cloth...
Num Vertices: (758, 3)
Num Faces: (1512, 3)
Num Vertex Normals: (758, 3)
Num Face Normals: (1512, 3)
Num Vertex UV: (758, 2)

Num Vertices: (4538, 3)
Num Faces: (9072, 3)
Num Vertex Normals: (4538, 3)
Num Face Normals: (9072, 3)
Num Vertex UV: (4538, 2)

Begin thicken cloth...
Num Vertices: (64, 3)
Num Faces: (90, 3)
Num Vertex Normals: (64, 3)
Num Face Normals: (90, 3)
Num Vertex UV: (64, 2)

Begin subdivide cloth...
Num Vertices: (128, 3)
Num Faces: (252, 3)
Num Vertex Normals: (128, 3)
Num Face Normals: (252, 3)
Num Vertex UV: (128, 2)

Begin subdivide cloth...
Num Vertices: (758, 3)
Num Faces: (1512, 3)
Num Vertex Normals: (758, 3)
Num Face Normals: (1512, 3)
Num Vertex UV: (758, 2)

Num Vertices: (4538, 3)
Num Faces: (9072, 3)
Num Vertex Normals: (4538, 3)
Num Face Normals: (9072, 3)
Num Vertex UV: (4538, 2)

Begin thicken cloth...
Num Vertices: (64, 3)
Num Faces: (90, 3)
Num Vertex Normals: (64, 3)
Num Face Normals: (90, 3)
Num Vertex UV: (64, 2)

Begin subdivide cloth...
Num Vertices: (128, 3)
Num Faces: (252, 3)
Num Vertex Normals: (128, 3)
Num Face Normals: (252, 3)
Num Vertex UV: (128, 2)

Begin subdivide cloth...
Num Vertices: (758, 3)
Num Faces: (1512, 3)
Num Vertex Normals: (758, 3)
Num Face Normals: (1512, 3)
Num Vertex UV: (758, 2)

Num Vertices: (4538, 3)
Num Faces: (9072, 3)
Num Vertex Normals: (4538, 3)
Num Face Normals: (9072, 3)
Num Vertex UV: (4538, 2)

Begin thicken cloth...
Num Vertices: (64, 3)
Num Faces: (90, 3)
Num Vertex Normals: (64, 3)
Num Face Normals: (90, 3)
Num Vertex UV: (64, 2)

Begin subdivide cloth...
Num Vertices: (128, 3)
Num Faces: (252, 3)
Num Vertex Normals: (128, 3)
Num Face Normals: (252, 3)
Num Vertex UV: (128, 2)

Begin subdivide cloth...
Num Vertices: (758, 3)
Num Faces: (1512, 3)
Num Vertex Normals: (758, 3)
Num Face Normals: (1512, 3)
Num Vertex UV: (758, 2)

Num Vertices: (4538, 3)
Num Faces: (9072, 3)
Num Vertex Normals: (4538, 3)
Num Face Normals: (9072, 3)
Num Vertex UV: (4538, 2)

Begin thicken cloth...
Num Vertices: (64, 3)
Num Faces: (90, 3)
Num Vertex Normals: (64, 3)
Num Face Normals: (90, 3)
Num Vertex UV: (64, 2)

Begin subdivide cloth...
Num Vertices: (128, 3)
Num Faces: (252, 3)
Num Vertex Normals: (128, 3)
Num Face Normals: (252, 3)
Num Vertex UV: (128, 2)

Begin subdivide cloth...
Num Vertices: (758, 3)
Num Faces: (1512, 3)
Num Vertex Normals: (758, 3)
Num Face Normals: (1512, 3)
Num Vertex UV: (758, 2)

Num Vertices: (4538, 3)
Num Faces: (9072, 3)
Num Vertex Normals: (4538, 3)
Num Face Normals: (9072, 3)
Num Vertex UV: (4538, 2)

Begin thicken cloth...
Num Vertices: (64, 3)
Num Faces: (90, 3)
Num Vertex Normals: (64, 3)
Num Face Normals: (90, 3)
Num Vertex UV: (64, 2)

Begin subdivide cloth...
Num Vertices: (128, 3)
Num Faces: (252, 3)
Num Vertex Normals: (128, 3)
Num Face Normals: (252, 3)
Num Vertex UV: (128, 2)

Begin subdivide cloth...
Num Vertices: (758, 3)
Num Faces: (1512, 3)
Num Vertex Normals: (758, 3)
Num Face Normals: (1512, 3)
Num Vertex UV: (758, 2)

Num Vertices: (4538, 3)
Num Faces: (9072, 3)
Num Vertex Normals: (4538, 3)
Num Face Normals: (9072, 3)
Num Vertex UV: (4538, 2)

Begin thicken cloth...
Num Vertices: (64, 3)
Num Faces: (90, 3)
Num Vertex Normals: (64, 3)
Num Face Normals: (90, 3)
Num Vertex UV: (64, 2)

Begin subdivide cloth...
Num Vertices: (128, 3)
Num Faces: (252, 3)
Num Vertex Normals: (128, 3)
Num Face Normals: (252, 3)
Num Vertex UV: (128, 2)

Begin subdivide cloth...
Num Vertices: (758, 3)
Num Faces: (1512, 3)
Num Vertex Normals: (758, 3)
Num Face Normals: (1512, 3)
Num Vertex UV: (758, 2)

Num Vertices: (4538, 3)
Num Faces: (9072, 3)
Num Vertex Normals: (4538, 3)
Num Face Normals: (9072, 3)
Num Vertex UV: (4538, 2)

Begin thicken cloth...
Num Vertices: (64, 3)
Num Faces: (90, 3)
Num Vertex Normals: (64, 3)
Num Face Normals: (90, 3)
Num Vertex UV: (64, 2)

Begin subdivide cloth...
Num Vertices: (128, 3)
Num Faces: (252, 3)
Num Vertex Normals: (128, 3)
Num Face Normals: (252, 3)
Num Vertex UV: (128, 2)

Begin subdivide cloth...
Num Vertices: (758, 3)
Num Faces: (1512, 3)
Num Vertex Normals: (758, 3)
Num Face Normals: (1512, 3)
Num Vertex UV: (758, 2)

Num Vertices: (4538, 3)
Num Faces: (9072, 3)
Num Vertex Normals: (4538, 3)
Num Face Normals: (9072, 3)
Num Vertex UV: (4538, 2)

Begin thicken cloth...
Num Vertices: (64, 3)
Num Faces: (90, 3)
Num Vertex Normals: (64, 3)
Num Face Normals: (90, 3)
Num Vertex UV: (64, 2)

Begin subdivide cloth...
Num Vertices: (128, 3)
Num Faces: (252, 3)
Num Vertex Normals: (128, 3)
Num Face Normals: (252, 3)
Num Vertex UV: (128, 2)

Begin subdivide cloth...
Num Vertices: (758, 3)
Num Faces: (1512, 3)
Num Vertex Normals: (758, 3)
Num Face Normals: (1512, 3)
Num Vertex UV: (758, 2)

Num Vertices: (4538, 3)
Num Faces: (9072, 3)
Num Vertex Normals: (4538, 3)
Num Face Normals: (9072, 3)
Num Vertex UV: (4538, 2)

Begin thicken cloth...
Num Vertices: (64, 3)
Num Faces: (90, 3)
Num Vertex Normals: (64, 3)
Num Face Normals: (90, 3)
Num Vertex UV: (64, 2)

Begin subdivide cloth...
Num Vertices: (128, 3)
Num Faces: (252, 3)
Num Vertex Normals: (128, 3)
Num Face Normals: (252, 3)
Num Vertex UV: (128, 2)

Begin subdivide cloth...
Num Vertices: (758, 3)
Num Faces: (1512, 3)
Num Vertex Normals: (758, 3)
Num Face Normals: (1512, 3)
Num Vertex UV: (758, 2)

Num Vertices: (4538, 3)
Num Faces: (9072, 3)
Num Vertex Normals: (4538, 3)
Num Face Normals: (9072, 3)
Num Vertex UV: (4538, 2)

Begin thicken cloth...
Num Vertices: (64, 3)
Num Faces: (90, 3)
Num Vertex Normals: (64, 3)
Num Face Normals: (90, 3)
Num Vertex UV: (64, 2)

Begin subdivide cloth...
Num Vertices: (128, 3)
Num Faces: (252, 3)
Num Vertex Normals: (128, 3)
Num Face Normals: (252, 3)
Num Vertex UV: (128, 2)

Begin subdivide cloth...
Num Vertices: (758, 3)
Num Faces: (1512, 3)
Num Vertex Normals: (758, 3)
Num Face Normals: (1512, 3)
Num Vertex UV: (758, 2)

Num Vertices: (4538, 3)
Num Faces: (9072, 3)
Num Vertex Normals: (4538, 3)
Num Face Normals: (9072, 3)
Num Vertex UV: (4538, 2)

Begin thicken cloth...
Num Vertices: (64, 3)
Num Faces: (90, 3)
Num Vertex Normals: (64, 3)
Num Face Normals: (90, 3)
Num Vertex UV: (64, 2)

Begin subdivide cloth...
Num Vertices: (128, 3)
Num Faces: (252, 3)
Num Vertex Normals: (128, 3)
Num Face Normals: (252, 3)
Num Vertex UV: (128, 2)

Begin subdivide cloth...
Num Vertices: (758, 3)
Num Faces: (1512, 3)
Num Vertex Normals: (758, 3)
Num Face Normals: (1512, 3)
Num Vertex UV: (758, 2)

Num Vertices: (4538, 3)
Num Faces: (9072, 3)
Num Vertex Normals: (4538, 3)
Num Face Normals: (9072, 3)
Num Vertex UV: (4538, 2)

Begin thicken cloth...
Num Vertices: (64, 3)
Num Faces: (90, 3)
Num Vertex Normals: (64, 3)
Num Face Normals: (90, 3)
Num Vertex UV: (64, 2)

Begin subdivide cloth...
Num Vertices: (128, 3)
Num Faces: (252, 3)
Num Vertex Normals: (128, 3)
Num Face Normals: (252, 3)
Num Vertex UV: (128, 2)

Begin subdivide cloth...
Num Vertices: (758, 3)
Num Faces: (1512, 3)
Num Vertex Normals: (758, 3)
Num Face Normals: (1512, 3)
Num Vertex UV: (758, 2)

Num Vertices: (4538, 3)
Num Faces: (9072, 3)
Num Vertex Normals: (4538, 3)
Num Face Normals: (9072, 3)
Num Vertex UV: (4538, 2)

Begin thicken cloth...
Num Vertices: (64, 3)
Num Faces: (90, 3)
Num Vertex Normals: (64, 3)
Num Face Normals: (90, 3)
Num Vertex UV: (64, 2)

Begin subdivide cloth...
Num Vertices: (128, 3)
Num Faces: (252, 3)
Num Vertex Normals: (128, 3)
Num Face Normals: (252, 3)
Num Vertex UV: (128, 2)

Begin subdivide cloth...
Num Vertices: (758, 3)
Num Faces: (1512, 3)
Num Vertex Normals: (758, 3)
Num Face Normals: (1512, 3)
Num Vertex UV: (758, 2)

Num Vertices: (4538, 3)
Num Faces: (9072, 3)
Num Vertex Normals: (4538, 3)
Num Face Normals: (9072, 3)
Num Vertex UV: (4538, 2)

Begin thicken cloth...
Num Vertices: (64, 3)
Num Faces: (90, 3)
Num Vertex Normals: (64, 3)
Num Face Normals: (90, 3)
Num Vertex UV: (64, 2)

Begin subdivide cloth...
Num Vertices: (128, 3)
Num Faces: (252, 3)
Num Vertex Normals: (128, 3)
Num Face Normals: (252, 3)
Num Vertex UV: (128, 2)

Begin subdivide cloth...
Num Vertices: (758, 3)
Num Faces: (1512, 3)
Num Vertex Normals: (758, 3)
Num Face Normals: (1512, 3)
Num Vertex UV: (758, 2)

Num Vertices: (4538, 3)
Num Faces: (9072, 3)
Num Vertex Normals: (4538, 3)
Num Face Normals: (9072, 3)
Num Vertex UV: (4538, 2)

Begin thicken cloth...
Num Vertices: (64, 3)
Num Faces: (90, 3)
Num Vertex Normals: (64, 3)
Num Face Normals: (90, 3)
Num Vertex UV: (64, 2)

Begin subdivide cloth...
Num Vertices: (128, 3)
Num Faces: (252, 3)
Num Vertex Normals: (128, 3)
Num Face Normals: (252, 3)
Num Vertex UV: (128, 2)

Begin subdivide cloth...
Num Vertices: (758, 3)
Num Faces: (1512, 3)
Num Vertex Normals: (758, 3)
Num Face Normals: (1512, 3)
Num Vertex UV: (758, 2)

Num Vertices: (4538, 3)
Num Faces: (9072, 3)
Num Vertex Normals: (4538, 3)
Num Face Normals: (9072, 3)
Num Vertex UV: (4538, 2)

Begin thicken cloth...
Num Vertices: (64, 3)
Num Faces: (90, 3)
Num Vertex Normals: (64, 3)
Num Face Normals: (90, 3)
Num Vertex UV: (64, 2)

Begin subdivide cloth...
Num Vertices: (128, 3)
Num Faces: (252, 3)
Num Vertex Normals: (128, 3)
Num Face Normals: (252, 3)
Num Vertex UV: (128, 2)

Begin subdivide cloth...
Num Vertices: (758, 3)
Num Faces: (1512, 3)
Num Vertex Normals: (758, 3)
Num Face Normals: (1512, 3)
Num Vertex UV: (758, 2)

Num Vertices: (4538, 3)
Num Faces: (9072, 3)
Num Vertex Normals: (4538, 3)
Num Face Normals: (9072, 3)
Num Vertex UV: (4538, 2)

Begin thicken cloth...
Num Vertices: (64, 3)
Num Faces: (90, 3)
Num Vertex Normals: (64, 3)
Num Face Normals: (90, 3)
Num Vertex UV: (64, 2)

Begin subdivide cloth...
Num Vertices: (128, 3)
Num Faces: (252, 3)
Num Vertex Normals: (128, 3)
Num Face Normals: (252, 3)
Num Vertex UV: (128, 2)

Begin subdivide cloth...
Num Vertices: (758, 3)
Num Faces: (1512, 3)
Num Vertex Normals: (758, 3)
Num Face Normals: (1512, 3)
Num Vertex UV: (758, 2)

Num Vertices: (4538, 3)
Num Faces: (9072, 3)
Num Vertex Normals: (4538, 3)
Num Face Normals: (9072, 3)
Num Vertex UV: (4538, 2)

Begin thicken cloth...
Num Vertices: (64, 3)
Num Faces: (90, 3)
Num Vertex Normals: (64, 3)
Num Face Normals: (90, 3)
Num Vertex UV: (64, 2)

Begin subdivide cloth...
Num Vertices: (128, 3)
Num Faces: (252, 3)
Num Vertex Normals: (128, 3)
Num Face Normals: (252, 3)
Num Vertex UV: (128, 2)

Begin subdivide cloth...
Num Vertices: (758, 3)
Num Faces: (1512, 3)
Num Vertex Normals: (758, 3)
Num Face Normals: (1512, 3)
Num Vertex UV: (758, 2)

Num Vertices: (4538, 3)
Num Faces: (9072, 3)
Num Vertex Normals: (4538, 3)
Num Face Normals: (9072, 3)
Num Vertex UV: (4538, 2)

Begin thicken cloth...
Num Vertices: (64, 3)
Num Faces: (90, 3)
Num Vertex Normals: (64, 3)
Num Face Normals: (90, 3)
Num Vertex UV: (64, 2)

Begin subdivide cloth...
Num Vertices: (128, 3)
Num Faces: (252, 3)
Num Vertex Normals: (128, 3)
Num Face Normals: (252, 3)
Num Vertex UV: (128, 2)

Begin subdivide cloth...
Num Vertices: (758, 3)
Num Faces: (1512, 3)
Num Vertex Normals: (758, 3)
Num Face Normals: (1512, 3)
Num Vertex UV: (758, 2)

Num Vertices: (4538, 3)
Num Faces: (9072, 3)
Num Vertex Normals: (4538, 3)
Num Face Normals: (9072, 3)
Num Vertex UV: (4538, 2)

Begin thicken cloth...
Num Vertices: (64, 3)
Num Faces: (90, 3)
Num Vertex Normals: (64, 3)
Num Face Normals: (90, 3)
Num Vertex UV: (64, 2)

Begin subdivide cloth...
Num Vertices: (128, 3)
Num Faces: (252, 3)
Num Vertex Normals: (128, 3)
Num Face Normals: (252, 3)
Num Vertex UV: (128, 2)

Begin subdivide cloth...
Num Vertices: (758, 3)
Num Faces: (1512, 3)
Num Vertex Normals: (758, 3)
Num Face Normals: (1512, 3)
Num Vertex UV: (758, 2)

Num Vertices: (4538, 3)
Num Faces: (9072, 3)
Num Vertex Normals: (4538, 3)
Num Face Normals: (9072, 3)
Num Vertex UV: (4538, 2)

Begin thicken cloth...
Num Vertices: (64, 3)
Num Faces: (90, 3)
Num Vertex Normals: (64, 3)
Num Face Normals: (90, 3)
Num Vertex UV: (64, 2)

Begin subdivide cloth...
Num Vertices: (128, 3)
Num Faces: (252, 3)
Num Vertex Normals: (128, 3)
Num Face Normals: (252, 3)
Num Vertex UV: (128, 2)

Begin subdivide cloth...
Num Vertices: (758, 3)
Num Faces: (1512, 3)
Num Vertex Normals: (758, 3)
Num Face Normals: (1512, 3)
Num Vertex UV: (758, 2)

Num Vertices: (4538, 3)
Num Faces: (9072, 3)
Num Vertex Normals: (4538, 3)
Num Face Normals: (9072, 3)
Num Vertex UV: (4538, 2)

Begin thicken cloth...
Num Vertices: (64, 3)
Num Faces: (90, 3)
Num Vertex Normals: (64, 3)
Num Face Normals: (90, 3)
Num Vertex UV: (64, 2)

Begin subdivide cloth...
Num Vertices: (128, 3)
Num Faces: (252, 3)
Num Vertex Normals: (128, 3)
Num Face Normals: (252, 3)
Num Vertex UV: (128, 2)

Begin subdivide cloth...
Num Vertices: (758, 3)
Num Faces: (1512, 3)
Num Vertex Normals: (758, 3)
Num Face Normals: (1512, 3)
Num Vertex UV: (758, 2)

Num Vertices: (4538, 3)
Num Faces: (9072, 3)
Num Vertex Normals: (4538, 3)
Num Face Normals: (9072, 3)
Num Vertex UV: (4538, 2)

Begin thicken cloth...
Num Vertices: (64, 3)
Num Faces: (90, 3)
Num Vertex Normals: (64, 3)
Num Face Normals: (90, 3)
Num Vertex UV: (64, 2)

Begin subdivide cloth...
Num Vertices: (128, 3)
Num Faces: (252, 3)
Num Vertex Normals: (128, 3)
Num Face Normals: (252, 3)
Num Vertex UV: (128, 2)

Begin subdivide cloth...
Num Vertices: (758, 3)
Num Faces: (1512, 3)
Num Vertex Normals: (758, 3)
Num Face Normals: (1512, 3)
Num Vertex UV: (758, 2)

Num Vertices: (4538, 3)
Num Faces: (9072, 3)
Num Vertex Normals: (4538, 3)
Num Face Normals: (9072, 3)
Num Vertex UV: (4538, 2)

Begin thicken cloth...
Num Vertices: (64, 3)
Num Faces: (90, 3)
Num Vertex Normals: (64, 3)
Num Face Normals: (90, 3)
Num Vertex UV: (64, 2)

Begin subdivide cloth...
Num Vertices: (128, 3)
Num Faces: (252, 3)
Num Vertex Normals: (128, 3)
Num Face Normals: (252, 3)
Num Vertex UV: (128, 2)

Begin subdivide cloth...
Num Vertices: (758, 3)
Num Faces: (1512, 3)
Num Vertex Normals: (758, 3)
Num Face Normals: (1512, 3)
Num Vertex UV: (758, 2)

Num Vertices: (4538, 3)
Num Faces: (9072, 3)
Num Vertex Normals: (4538, 3)
Num Face Normals: (9072, 3)
Num Vertex UV: (4538, 2)

Begin thicken cloth...
Num Vertices: (64, 3)
Num Faces: (90, 3)
Num Vertex Normals: (64, 3)
Num Face Normals: (90, 3)
Num Vertex UV: (64, 2)

Begin subdivide cloth...
Num Vertices: (128, 3)
Num Faces: (252, 3)
Num Vertex Normals: (128, 3)
Num Face Normals: (252, 3)
Num Vertex UV: (128, 2)

Begin subdivide cloth...
Num Vertices: (758, 3)
Num Faces: (1512, 3)
Num Vertex Normals: (758, 3)
Num Face Normals: (1512, 3)
Num Vertex UV: (758, 2)

Num Vertices: (4538, 3)
Num Faces: (9072, 3)
Num Vertex Normals: (4538, 3)
Num Face Normals: (9072, 3)
Num Vertex UV: (4538, 2)

Begin thicken cloth...
Num Vertices: (64, 3)
Num Faces: (90, 3)
Num Vertex Normals: (64, 3)
Num Face Normals: (90, 3)
Num Vertex UV: (64, 2)

Begin subdivide cloth...
Num Vertices: (128, 3)
Num Faces: (252, 3)
Num Vertex Normals: (128, 3)
Num Face Normals: (252, 3)
Num Vertex UV: (128, 2)

Begin subdivide cloth...
Num Vertices: (758, 3)
Num Faces: (1512, 3)
Num Vertex Normals: (758, 3)
Num Face Normals: (1512, 3)
Num Vertex UV: (758, 2)

Num Vertices: (4538, 3)
Num Faces: (9072, 3)
Num Vertex Normals: (4538, 3)
Num Face Normals: (9072, 3)
Num Vertex UV: (4538, 2)

Begin thicken cloth...
Num Vertices: (64, 3)
Num Faces: (90, 3)
Num Vertex Normals: (64, 3)
Num Face Normals: (90, 3)
Num Vertex UV: (64, 2)

Begin subdivide cloth...
Num Vertices: (128, 3)
Num Faces: (252, 3)
Num Vertex Normals: (128, 3)
Num Face Normals: (252, 3)
Num Vertex UV: (128, 2)

Begin subdivide cloth...
Num Vertices: (758, 3)
Num Faces: (1512, 3)
Num Vertex Normals: (758, 3)
Num Face Normals: (1512, 3)
Num Vertex UV: (758, 2)

Num Vertices: (4538, 3)
Num Faces: (9072, 3)
Num Vertex Normals: (4538, 3)
Num Face Normals: (9072, 3)
Num Vertex UV: (4538, 2)

Begin thicken cloth...
Num Vertices: (64, 3)
Num Faces: (90, 3)
Num Vertex Normals: (64, 3)
Num Face Normals: (90, 3)
Num Vertex UV: (64, 2)

Begin subdivide cloth...
Num Vertices: (128, 3)
Num Faces: (252, 3)
Num Vertex Normals: (128, 3)
Num Face Normals: (252, 3)
Num Vertex UV: (128, 2)

Begin subdivide cloth...
Num Vertices: (758, 3)
Num Faces: (1512, 3)
Num Vertex Normals: (758, 3)
Num Face Normals: (1512, 3)
Num Vertex UV: (758, 2)

Num Vertices: (4538, 3)
Num Faces: (9072, 3)
Num Vertex Normals: (4538, 3)
Num Face Normals: (9072, 3)
Num Vertex UV: (4538, 2)

Begin thicken cloth...
Num Vertices: (64, 3)
Num Faces: (90, 3)
Num Vertex Normals: (64, 3)
Num Face Normals: (90, 3)
Num Vertex UV: (64, 2)

Begin subdivide cloth...
Num Vertices: (128, 3)
Num Faces: (252, 3)
Num Vertex Normals: (128, 3)
Num Face Normals: (252, 3)
Num Vertex UV: (128, 2)

Begin subdivide cloth...
Num Vertices: (758, 3)
Num Faces: (1512, 3)
Num Vertex Normals: (758, 3)
Num Face Normals: (1512, 3)
Num Vertex UV: (758, 2)

Num Vertices: (4538, 3)
Num Faces: (9072, 3)
Num Vertex Normals: (4538, 3)
Num Face Normals: (9072, 3)
Num Vertex UV: (4538, 2)

tot_time: 29.020081043243408
total_reward: [-0.15910344207836458, -0.14884595554406954, -0.14601392415974201, -0.12811571794749121, -0.12405471617665831, -0.11827410738985789, -0.11225241602530911, -0.10619230303075211, -0.10160793132580981, -0.09834609693597618, -0.0954645482983496, -0.09221321255464043, -0.08702851317302773, -0.06871585219395926, -0.06241711629367952, -0.05838560932896275, -0.05047382274838541, -0.04290019578030879, -0.036983750640018576, -0.03641529989694803, -0.03641529989694803, -0.03641529989694803, -0.03641529989694803, -0.03641529989694803, -0.03641529989694803, -0.03641529989694803, -0.03641529989694803, -0.03641529989694803, -0.03641529989694803, -0.03641529989694803, -0.03641529989694803, -0.03641529989694803, -0.03641529989694803, -0.03641529989694803, -0.03641529989694803, -0.03641529989694803, -0.03641529989694803, -0.03641529989694803, -0.03641529989694803, -0.03641529989694803, -0.03641529989694803, -0.03641529989694803, -0.03641529989694803, -0.03641529989694803, -0.03641529989694803, -0.03641529989694803, -0.03641529989694803, -0.03641529989694803, -0.03641529989694803, -0.03641529989694803, -0.03641529989694803, -0.03641529989694803, -0.03641529989694803, -0.03641529989694803, -0.03641529989694803, -0.038907530165944504, -0.04142589482321801, -0.043951338300544984, -0.0462393040759721, -0.04984407125071577, -0.05330292398762371]
Export to file: ../imgs/traj_opt_fold_13/scene_0.luisa
Export finished.
Export to file: ../imgs/traj_opt_fold_13/scene_1.luisa
Export finished.
Export to file: ../imgs/traj_opt_fold_13/scene_2.luisa
Export finished.
Export to file: ../imgs/traj_opt_fold_13/scene_3.luisa
Export finished.
Export to file: ../imgs/traj_opt_fold_13/scene_4.luisa
Export finished.
Export to file: ../imgs/traj_opt_fold_13/scene_5.luisa
Export finished.
Export to file: ../imgs/traj_opt_fold_13/scene_6.luisa
Export finished.
Export to file: ../imgs/traj_opt_fold_13/scene_7.luisa
Export finished.
Export to file: ../imgs/traj_opt_fold_13/scene_8.luisa
Export finished.
Export to file: ../imgs/traj_opt_fold_13/scene_9.luisa
Export finished.
Export to file: ../imgs/traj_opt_fold_13/scene_10.luisa
Export finished.
Export to file: ../imgs/traj_opt_fold_13/scene_11.luisa
Export finished.
Export to file: ../imgs/traj_opt_fold_13/scene_12.luisa
Export finished.
Export to file: ../imgs/traj_opt_fold_13/scene_13.luisa
Export finished.
Export to file: ../imgs/traj_opt_fold_13/scene_14.luisa
Export finished.
Export to file: ../imgs/traj_opt_fold_13/scene_15.luisa
Export finished.
Export to file: ../imgs/traj_opt_fold_13/scene_16.luisa
Export finished.
Export to file: ../imgs/traj_opt_fold_13/scene_17.luisa
Export finished.
Export to file: ../imgs/traj_opt_fold_13/scene_18.luisa
Export finished.
Export to file: ../imgs/traj_opt_fold_13/scene_19.luisa
Export finished.
Export to file: ../imgs/traj_opt_fold_13/scene_20.luisa
Export finished.
Export to file: ../imgs/traj_opt_fold_13/scene_21.luisa
Export finished.
Export to file: ../imgs/traj_opt_fold_13/scene_22.luisa
Export finished.
Export to file: ../imgs/traj_opt_fold_13/scene_23.luisa
Export finished.
Export to file: ../imgs/traj_opt_fold_13/scene_24.luisa
Export finished.
Export to file: ../imgs/traj_opt_fold_13/scene_25.luisa
Export finished.
Export to file: ../imgs/traj_opt_fold_13/scene_26.luisa
Export finished.
Export to file: ../imgs/traj_opt_fold_13/scene_27.luisa
Export finished.
Export to file: ../imgs/traj_opt_fold_13/scene_28.luisa
Export finished.
Export to file: ../imgs/traj_opt_fold_13/scene_29.luisa
Export finished.
Export to file: ../imgs/traj_opt_fold_13/scene_30.luisa
Export finished.
Export to file: ../imgs/traj_opt_fold_13/scene_31.luisa
Export finished.
Export to file: ../imgs/traj_opt_fold_13/scene_32.luisa
Export finished.
Export to file: ../imgs/traj_opt_fold_13/scene_33.luisa
Export finished.
Export to file: ../imgs/traj_opt_fold_13/scene_34.luisa
Export finished.
Export to file: ../imgs/traj_opt_fold_13/scene_35.luisa
Export finished.
Export to file: ../imgs/traj_opt_fold_13/scene_36.luisa
Export finished.
Export to file: ../imgs/traj_opt_fold_13/scene_37.luisa
Export finished.
Export to file: ../imgs/traj_opt_fold_13/scene_38.luisa
Export finished.
Export to file: ../imgs/traj_opt_fold_13/scene_39.luisa
Export finished.
Export to file: ../imgs/traj_opt_fold_13/scene_40.luisa
Export finished.
Export to file: ../imgs/traj_opt_fold_13/scene_41.luisa
Export finished.
Export to file: ../imgs/traj_opt_fold_13/scene_42.luisa
Export finished.
Export to file: ../imgs/traj_opt_fold_13/scene_43.luisa
Export finished.
Export to file: ../imgs/traj_opt_fold_13/scene_44.luisa
Export finished.
Export to file: ../imgs/traj_opt_fold_13/scene_45.luisa
Export finished.
Export to file: ../imgs/traj_opt_fold_13/scene_46.luisa
Export finished.
Export to file: ../imgs/traj_opt_fold_13/scene_47.luisa
Export finished.
Export to file: ../imgs/traj_opt_fold_13/scene_48.luisa
Export finished.
Export to file: ../imgs/traj_opt_fold_13/scene_49.luisa
Export finished.
done grad
iter:  61
tot_time: 23.77213454246521
total_reward: [-0.15910344207836458, -0.14884595554406954, -0.14601392415974201, -0.12811571794749121, -0.12405471617665831, -0.11827410738985789, -0.11225241602530911, -0.10619230303075211, -0.10160793132580981, -0.09834609693597618, -0.0954645482983496, -0.09221321255464043, -0.08702851317302773, -0.06871585219395926, -0.06241711629367952, -0.05838560932896275, -0.05047382274838541, -0.04290019578030879, -0.036983750640018576, -0.03641529989694803, -0.03641529989694803, -0.03641529989694803, -0.03641529989694803, -0.03641529989694803, -0.03641529989694803, -0.03641529989694803, -0.03641529989694803, -0.03641529989694803, -0.03641529989694803, -0.03641529989694803, -0.03641529989694803, -0.03641529989694803, -0.03641529989694803, -0.03641529989694803, -0.03641529989694803, -0.03641529989694803, -0.03641529989694803, -0.03641529989694803, -0.03641529989694803, -0.03641529989694803, -0.03641529989694803, -0.03641529989694803, -0.03641529989694803, -0.03641529989694803, -0.03641529989694803, -0.03641529989694803, -0.03641529989694803, -0.03641529989694803, -0.03641529989694803, -0.03641529989694803, -0.03641529989694803, -0.03641529989694803, -0.03641529989694803, -0.03641529989694803, -0.03641529989694803, -0.038907530165944504, -0.04142589482321801, -0.043951338300544984, -0.0462393040759721, -0.04984407125071577, -0.05330292398762371, -0.058368764295094966]
done grad
iter:  62
tot_time: 24.220202207565308
total_reward: [-0.15910344207836458, -0.14884595554406954, -0.14601392415974201, -0.12811571794749121, -0.12405471617665831, -0.11827410738985789, -0.11225241602530911, -0.10619230303075211, -0.10160793132580981, -0.09834609693597618, -0.0954645482983496, -0.09221321255464043, -0.08702851317302773, -0.06871585219395926, -0.06241711629367952, -0.05838560932896275, -0.05047382274838541, -0.04290019578030879, -0.036983750640018576, -0.03641529989694803, -0.03641529989694803, -0.03641529989694803, -0.03641529989694803, -0.03641529989694803, -0.03641529989694803, -0.03641529989694803, -0.03641529989694803, -0.03641529989694803, -0.03641529989694803, -0.03641529989694803, -0.03641529989694803, -0.03641529989694803, -0.03641529989694803, -0.03641529989694803, -0.03641529989694803, -0.03641529989694803, -0.03641529989694803, -0.03641529989694803, -0.03641529989694803, -0.03641529989694803, -0.03641529989694803, -0.03641529989694803, -0.03641529989694803, -0.03641529989694803, -0.03641529989694803, -0.03641529989694803, -0.03641529989694803, -0.03641529989694803, -0.03641529989694803, -0.03641529989694803, -0.03641529989694803, -0.03641529989694803, -0.03641529989694803, -0.03641529989694803, -0.03641529989694803, -0.038907530165944504, -0.04142589482321801, -0.043951338300544984, -0.0462393040759721, -0.04984407125071577, -0.05330292398762371, -0.058368764295094966, -0.060108435922581194]
done grad
iter:  63
tot_time: 23.676213264465332
total_reward: [-0.15910344207836458, -0.14884595554406954, -0.14601392415974201, -0.12811571794749121, -0.12405471617665831, -0.11827410738985789, -0.11225241602530911, -0.10619230303075211, -0.10160793132580981, -0.09834609693597618, -0.0954645482983496, -0.09221321255464043, -0.08702851317302773, -0.06871585219395926, -0.06241711629367952, -0.05838560932896275, -0.05047382274838541, -0.04290019578030879, -0.036983750640018576, -0.03641529989694803, -0.03641529989694803, -0.03641529989694803, -0.03641529989694803, -0.03641529989694803, -0.03641529989694803, -0.03641529989694803, -0.03641529989694803, -0.03641529989694803, -0.03641529989694803, -0.03641529989694803, -0.03641529989694803, -0.03641529989694803, -0.03641529989694803, -0.03641529989694803, -0.03641529989694803, -0.03641529989694803, -0.03641529989694803, -0.03641529989694803, -0.03641529989694803, -0.03641529989694803, -0.03641529989694803, -0.03641529989694803, -0.03641529989694803, -0.03641529989694803, -0.03641529989694803, -0.03641529989694803, -0.03641529989694803, -0.03641529989694803, -0.03641529989694803, -0.03641529989694803, -0.03641529989694803, -0.03641529989694803, -0.03641529989694803, -0.03641529989694803, -0.03641529989694803, -0.038907530165944504, -0.04142589482321801, -0.043951338300544984, -0.0462393040759721, -0.04984407125071577, -0.05330292398762371, -0.058368764295094966, -0.060108435922581194, -0.0644595358001323]
done grad
iter:  64
tot_time: 23.918962478637695
total_reward: [-0.15910344207836458, -0.14884595554406954, -0.14601392415974201, -0.12811571794749121, -0.12405471617665831, -0.11827410738985789, -0.11225241602530911, -0.10619230303075211, -0.10160793132580981, -0.09834609693597618, -0.0954645482983496, -0.09221321255464043, -0.08702851317302773, -0.06871585219395926, -0.06241711629367952, -0.05838560932896275, -0.05047382274838541, -0.04290019578030879, -0.036983750640018576, -0.03641529989694803, -0.03641529989694803, -0.03641529989694803, -0.03641529989694803, -0.03641529989694803, -0.03641529989694803, -0.03641529989694803, -0.03641529989694803, -0.03641529989694803, -0.03641529989694803, -0.03641529989694803, -0.03641529989694803, -0.03641529989694803, -0.03641529989694803, -0.03641529989694803, -0.03641529989694803, -0.03641529989694803, -0.03641529989694803, -0.03641529989694803, -0.03641529989694803, -0.03641529989694803, -0.03641529989694803, -0.03641529989694803, -0.03641529989694803, -0.03641529989694803, -0.03641529989694803, -0.03641529989694803, -0.03641529989694803, -0.03641529989694803, -0.03641529989694803, -0.03641529989694803, -0.03641529989694803, -0.03641529989694803, -0.03641529989694803, -0.03641529989694803, -0.03641529989694803, -0.038907530165944504, -0.04142589482321801, -0.043951338300544984, -0.0462393040759721, -0.04984407125071577, -0.05330292398762371, -0.058368764295094966, -0.060108435922581194, -0.0644595358001323, -0.06719003499035647]
done grad
iter:  65
tot_time: 23.84792709350586
total_reward: [-0.15910344207836458, -0.14884595554406954, -0.14601392415974201, -0.12811571794749121, -0.12405471617665831, -0.11827410738985789, -0.11225241602530911, -0.10619230303075211, -0.10160793132580981, -0.09834609693597618, -0.0954645482983496, -0.09221321255464043, -0.08702851317302773, -0.06871585219395926, -0.06241711629367952, -0.05838560932896275, -0.05047382274838541, -0.04290019578030879, -0.036983750640018576, -0.03641529989694803, -0.03641529989694803, -0.03641529989694803, -0.03641529989694803, -0.03641529989694803, -0.03641529989694803, -0.03641529989694803, -0.03641529989694803, -0.03641529989694803, -0.03641529989694803, -0.03641529989694803, -0.03641529989694803, -0.03641529989694803, -0.03641529989694803, -0.03641529989694803, -0.03641529989694803, -0.03641529989694803, -0.03641529989694803, -0.03641529989694803, -0.03641529989694803, -0.03641529989694803, -0.03641529989694803, -0.03641529989694803, -0.03641529989694803, -0.03641529989694803, -0.03641529989694803, -0.03641529989694803, -0.03641529989694803, -0.03641529989694803, -0.03641529989694803, -0.03641529989694803, -0.03641529989694803, -0.03641529989694803, -0.03641529989694803, -0.03641529989694803, -0.03641529989694803, -0.038907530165944504, -0.04142589482321801, -0.043951338300544984, -0.0462393040759721, -0.04984407125071577, -0.05330292398762371, -0.058368764295094966, -0.060108435922581194, -0.0644595358001323, -0.06719003499035647, -0.06955186284928239]
done grad
iter:  66
tot_time: 23.807122707366943
total_reward: [-0.15910344207836458, -0.14884595554406954, -0.14601392415974201, -0.12811571794749121, -0.12405471617665831, -0.11827410738985789, -0.11225241602530911, -0.10619230303075211, -0.10160793132580981, -0.09834609693597618, -0.0954645482983496, -0.09221321255464043, -0.08702851317302773, -0.06871585219395926, -0.06241711629367952, -0.05838560932896275, -0.05047382274838541, -0.04290019578030879, -0.036983750640018576, -0.03641529989694803, -0.03641529989694803, -0.03641529989694803, -0.03641529989694803, -0.03641529989694803, -0.03641529989694803, -0.03641529989694803, -0.03641529989694803, -0.03641529989694803, -0.03641529989694803, -0.03641529989694803, -0.03641529989694803, -0.03641529989694803, -0.03641529989694803, -0.03641529989694803, -0.03641529989694803, -0.03641529989694803, -0.03641529989694803, -0.03641529989694803, -0.03641529989694803, -0.03641529989694803, -0.03641529989694803, -0.03641529989694803, -0.03641529989694803, -0.03641529989694803, -0.03641529989694803, -0.03641529989694803, -0.03641529989694803, -0.03641529989694803, -0.03641529989694803, -0.03641529989694803, -0.03641529989694803, -0.03641529989694803, -0.03641529989694803, -0.03641529989694803, -0.03641529989694803, -0.038907530165944504, -0.04142589482321801, -0.043951338300544984, -0.0462393040759721, -0.04984407125071577, -0.05330292398762371, -0.058368764295094966, -0.060108435922581194, -0.0644595358001323, -0.06719003499035647, -0.06955186284928239, -0.06350632449634008]
done grad
iter:  67
tot_time: 23.82454562187195
total_reward: [-0.15910344207836458, -0.14884595554406954, -0.14601392415974201, -0.12811571794749121, -0.12405471617665831, -0.11827410738985789, -0.11225241602530911, -0.10619230303075211, -0.10160793132580981, -0.09834609693597618, -0.0954645482983496, -0.09221321255464043, -0.08702851317302773, -0.06871585219395926, -0.06241711629367952, -0.05838560932896275, -0.05047382274838541, -0.04290019578030879, -0.036983750640018576, -0.03641529989694803, -0.03641529989694803, -0.03641529989694803, -0.03641529989694803, -0.03641529989694803, -0.03641529989694803, -0.03641529989694803, -0.03641529989694803, -0.03641529989694803, -0.03641529989694803, -0.03641529989694803, -0.03641529989694803, -0.03641529989694803, -0.03641529989694803, -0.03641529989694803, -0.03641529989694803, -0.03641529989694803, -0.03641529989694803, -0.03641529989694803, -0.03641529989694803, -0.03641529989694803, -0.03641529989694803, -0.03641529989694803, -0.03641529989694803, -0.03641529989694803, -0.03641529989694803, -0.03641529989694803, -0.03641529989694803, -0.03641529989694803, -0.03641529989694803, -0.03641529989694803, -0.03641529989694803, -0.03641529989694803, -0.03641529989694803, -0.03641529989694803, -0.03641529989694803, -0.038907530165944504, -0.04142589482321801, -0.043951338300544984, -0.0462393040759721, -0.04984407125071577, -0.05330292398762371, -0.058368764295094966, -0.060108435922581194, -0.0644595358001323, -0.06719003499035647, -0.06955186284928239, -0.06350632449634008, -0.06407084388975837]
done grad
iter:  68
tot_time: 23.873117208480835
total_reward: [-0.15910344207836458, -0.14884595554406954, -0.14601392415974201, -0.12811571794749121, -0.12405471617665831, -0.11827410738985789, -0.11225241602530911, -0.10619230303075211, -0.10160793132580981, -0.09834609693597618, -0.0954645482983496, -0.09221321255464043, -0.08702851317302773, -0.06871585219395926, -0.06241711629367952, -0.05838560932896275, -0.05047382274838541, -0.04290019578030879, -0.036983750640018576, -0.03641529989694803, -0.03641529989694803, -0.03641529989694803, -0.03641529989694803, -0.03641529989694803, -0.03641529989694803, -0.03641529989694803, -0.03641529989694803, -0.03641529989694803, -0.03641529989694803, -0.03641529989694803, -0.03641529989694803, -0.03641529989694803, -0.03641529989694803, -0.03641529989694803, -0.03641529989694803, -0.03641529989694803, -0.03641529989694803, -0.03641529989694803, -0.03641529989694803, -0.03641529989694803, -0.03641529989694803, -0.03641529989694803, -0.03641529989694803, -0.03641529989694803, -0.03641529989694803, -0.03641529989694803, -0.03641529989694803, -0.03641529989694803, -0.03641529989694803, -0.03641529989694803, -0.03641529989694803, -0.03641529989694803, -0.03641529989694803, -0.03641529989694803, -0.03641529989694803, -0.038907530165944504, -0.04142589482321801, -0.043951338300544984, -0.0462393040759721, -0.04984407125071577, -0.05330292398762371, -0.058368764295094966, -0.060108435922581194, -0.0644595358001323, -0.06719003499035647, -0.06955186284928239, -0.06350632449634008, -0.06407084388975837, -0.0642591896953888]
done grad
iter:  69
tot_time: 23.73564839363098
total_reward: [-0.15910344207836458, -0.14884595554406954, -0.14601392415974201, -0.12811571794749121, -0.12405471617665831, -0.11827410738985789, -0.11225241602530911, -0.10619230303075211, -0.10160793132580981, -0.09834609693597618, -0.0954645482983496, -0.09221321255464043, -0.08702851317302773, -0.06871585219395926, -0.06241711629367952, -0.05838560932896275, -0.05047382274838541, -0.04290019578030879, -0.036983750640018576, -0.03641529989694803, -0.03641529989694803, -0.03641529989694803, -0.03641529989694803, -0.03641529989694803, -0.03641529989694803, -0.03641529989694803, -0.03641529989694803, -0.03641529989694803, -0.03641529989694803, -0.03641529989694803, -0.03641529989694803, -0.03641529989694803, -0.03641529989694803, -0.03641529989694803, -0.03641529989694803, -0.03641529989694803, -0.03641529989694803, -0.03641529989694803, -0.03641529989694803, -0.03641529989694803, -0.03641529989694803, -0.03641529989694803, -0.03641529989694803, -0.03641529989694803, -0.03641529989694803, -0.03641529989694803, -0.03641529989694803, -0.03641529989694803, -0.03641529989694803, -0.03641529989694803, -0.03641529989694803, -0.03641529989694803, -0.03641529989694803, -0.03641529989694803, -0.03641529989694803, -0.038907530165944504, -0.04142589482321801, -0.043951338300544984, -0.0462393040759721, -0.04984407125071577, -0.05330292398762371, -0.058368764295094966, -0.060108435922581194, -0.0644595358001323, -0.06719003499035647, -0.06955186284928239, -0.06350632449634008, -0.06407084388975837, -0.0642591896953888, -0.0643557353731794]
done grad
iter:  70
tot_time: 23.787312030792236
total_reward: [-0.15910344207836458, -0.14884595554406954, -0.14601392415974201, -0.12811571794749121, -0.12405471617665831, -0.11827410738985789, -0.11225241602530911, -0.10619230303075211, -0.10160793132580981, -0.09834609693597618, -0.0954645482983496, -0.09221321255464043, -0.08702851317302773, -0.06871585219395926, -0.06241711629367952, -0.05838560932896275, -0.05047382274838541, -0.04290019578030879, -0.036983750640018576, -0.03641529989694803, -0.03641529989694803, -0.03641529989694803, -0.03641529989694803, -0.03641529989694803, -0.03641529989694803, -0.03641529989694803, -0.03641529989694803, -0.03641529989694803, -0.03641529989694803, -0.03641529989694803, -0.03641529989694803, -0.03641529989694803, -0.03641529989694803, -0.03641529989694803, -0.03641529989694803, -0.03641529989694803, -0.03641529989694803, -0.03641529989694803, -0.03641529989694803, -0.03641529989694803, -0.03641529989694803, -0.03641529989694803, -0.03641529989694803, -0.03641529989694803, -0.03641529989694803, -0.03641529989694803, -0.03641529989694803, -0.03641529989694803, -0.03641529989694803, -0.03641529989694803, -0.03641529989694803, -0.03641529989694803, -0.03641529989694803, -0.03641529989694803, -0.03641529989694803, -0.038907530165944504, -0.04142589482321801, -0.043951338300544984, -0.0462393040759721, -0.04984407125071577, -0.05330292398762371, -0.058368764295094966, -0.060108435922581194, -0.0644595358001323, -0.06719003499035647, -0.06955186284928239, -0.06350632449634008, -0.06407084388975837, -0.0642591896953888, -0.0643557353731794, -0.06398490267077839]
done grad
iter:  71
tot_time: 23.870601177215576
total_reward: [-0.15910344207836458, -0.14884595554406954, -0.14601392415974201, -0.12811571794749121, -0.12405471617665831, -0.11827410738985789, -0.11225241602530911, -0.10619230303075211, -0.10160793132580981, -0.09834609693597618, -0.0954645482983496, -0.09221321255464043, -0.08702851317302773, -0.06871585219395926, -0.06241711629367952, -0.05838560932896275, -0.05047382274838541, -0.04290019578030879, -0.036983750640018576, -0.03641529989694803, -0.03641529989694803, -0.03641529989694803, -0.03641529989694803, -0.03641529989694803, -0.03641529989694803, -0.03641529989694803, -0.03641529989694803, -0.03641529989694803, -0.03641529989694803, -0.03641529989694803, -0.03641529989694803, -0.03641529989694803, -0.03641529989694803, -0.03641529989694803, -0.03641529989694803, -0.03641529989694803, -0.03641529989694803, -0.03641529989694803, -0.03641529989694803, -0.03641529989694803, -0.03641529989694803, -0.03641529989694803, -0.03641529989694803, -0.03641529989694803, -0.03641529989694803, -0.03641529989694803, -0.03641529989694803, -0.03641529989694803, -0.03641529989694803, -0.03641529989694803, -0.03641529989694803, -0.03641529989694803, -0.03641529989694803, -0.03641529989694803, -0.03641529989694803, -0.038907530165944504, -0.04142589482321801, -0.043951338300544984, -0.0462393040759721, -0.04984407125071577, -0.05330292398762371, -0.058368764295094966, -0.060108435922581194, -0.0644595358001323, -0.06719003499035647, -0.06955186284928239, -0.06350632449634008, -0.06407084388975837, -0.0642591896953888, -0.0643557353731794, -0.06398490267077839, -0.06413703567854756]
done grad
iter:  72
tot_time: 24.2073073387146
total_reward: [-0.15910344207836458, -0.14884595554406954, -0.14601392415974201, -0.12811571794749121, -0.12405471617665831, -0.11827410738985789, -0.11225241602530911, -0.10619230303075211, -0.10160793132580981, -0.09834609693597618, -0.0954645482983496, -0.09221321255464043, -0.08702851317302773, -0.06871585219395926, -0.06241711629367952, -0.05838560932896275, -0.05047382274838541, -0.04290019578030879, -0.036983750640018576, -0.03641529989694803, -0.03641529989694803, -0.03641529989694803, -0.03641529989694803, -0.03641529989694803, -0.03641529989694803, -0.03641529989694803, -0.03641529989694803, -0.03641529989694803, -0.03641529989694803, -0.03641529989694803, -0.03641529989694803, -0.03641529989694803, -0.03641529989694803, -0.03641529989694803, -0.03641529989694803, -0.03641529989694803, -0.03641529989694803, -0.03641529989694803, -0.03641529989694803, -0.03641529989694803, -0.03641529989694803, -0.03641529989694803, -0.03641529989694803, -0.03641529989694803, -0.03641529989694803, -0.03641529989694803, -0.03641529989694803, -0.03641529989694803, -0.03641529989694803, -0.03641529989694803, -0.03641529989694803, -0.03641529989694803, -0.03641529989694803, -0.03641529989694803, -0.03641529989694803, -0.038907530165944504, -0.04142589482321801, -0.043951338300544984, -0.0462393040759721, -0.04984407125071577, -0.05330292398762371, -0.058368764295094966, -0.060108435922581194, -0.0644595358001323, -0.06719003499035647, -0.06955186284928239, -0.06350632449634008, -0.06407084388975837, -0.0642591896953888, -0.0643557353731794, -0.06398490267077839, -0.06413703567854756, -0.06392807682567314]
done grad
iter:  73
tot_time: 23.610080003738403
total_reward: [-0.15910344207836458, -0.14884595554406954, -0.14601392415974201, -0.12811571794749121, -0.12405471617665831, -0.11827410738985789, -0.11225241602530911, -0.10619230303075211, -0.10160793132580981, -0.09834609693597618, -0.0954645482983496, -0.09221321255464043, -0.08702851317302773, -0.06871585219395926, -0.06241711629367952, -0.05838560932896275, -0.05047382274838541, -0.04290019578030879, -0.036983750640018576, -0.03641529989694803, -0.03641529989694803, -0.03641529989694803, -0.03641529989694803, -0.03641529989694803, -0.03641529989694803, -0.03641529989694803, -0.03641529989694803, -0.03641529989694803, -0.03641529989694803, -0.03641529989694803, -0.03641529989694803, -0.03641529989694803, -0.03641529989694803, -0.03641529989694803, -0.03641529989694803, -0.03641529989694803, -0.03641529989694803, -0.03641529989694803, -0.03641529989694803, -0.03641529989694803, -0.03641529989694803, -0.03641529989694803, -0.03641529989694803, -0.03641529989694803, -0.03641529989694803, -0.03641529989694803, -0.03641529989694803, -0.03641529989694803, -0.03641529989694803, -0.03641529989694803, -0.03641529989694803, -0.03641529989694803, -0.03641529989694803, -0.03641529989694803, -0.03641529989694803, -0.038907530165944504, -0.04142589482321801, -0.043951338300544984, -0.0462393040759721, -0.04984407125071577, -0.05330292398762371, -0.058368764295094966, -0.060108435922581194, -0.0644595358001323, -0.06719003499035647, -0.06955186284928239, -0.06350632449634008, -0.06407084388975837, -0.0642591896953888, -0.0643557353731794, -0.06398490267077839, -0.06413703567854756, -0.06392807682567314, -0.05914063590131069]
done grad
iter:  74
tot_time: 24.147165775299072
total_reward: [-0.15910344207836458, -0.14884595554406954, -0.14601392415974201, -0.12811571794749121, -0.12405471617665831, -0.11827410738985789, -0.11225241602530911, -0.10619230303075211, -0.10160793132580981, -0.09834609693597618, -0.0954645482983496, -0.09221321255464043, -0.08702851317302773, -0.06871585219395926, -0.06241711629367952, -0.05838560932896275, -0.05047382274838541, -0.04290019578030879, -0.036983750640018576, -0.03641529989694803, -0.03641529989694803, -0.03641529989694803, -0.03641529989694803, -0.03641529989694803, -0.03641529989694803, -0.03641529989694803, -0.03641529989694803, -0.03641529989694803, -0.03641529989694803, -0.03641529989694803, -0.03641529989694803, -0.03641529989694803, -0.03641529989694803, -0.03641529989694803, -0.03641529989694803, -0.03641529989694803, -0.03641529989694803, -0.03641529989694803, -0.03641529989694803, -0.03641529989694803, -0.03641529989694803, -0.03641529989694803, -0.03641529989694803, -0.03641529989694803, -0.03641529989694803, -0.03641529989694803, -0.03641529989694803, -0.03641529989694803, -0.03641529989694803, -0.03641529989694803, -0.03641529989694803, -0.03641529989694803, -0.03641529989694803, -0.03641529989694803, -0.03641529989694803, -0.038907530165944504, -0.04142589482321801, -0.043951338300544984, -0.0462393040759721, -0.04984407125071577, -0.05330292398762371, -0.058368764295094966, -0.060108435922581194, -0.0644595358001323, -0.06719003499035647, -0.06955186284928239, -0.06350632449634008, -0.06407084388975837, -0.0642591896953888, -0.0643557353731794, -0.06398490267077839, -0.06413703567854756, -0.06392807682567314, -0.05914063590131069, -0.058698669609076104]
done grad
iter:  75
tot_time: 24.029149532318115
total_reward: [-0.15910344207836458, -0.14884595554406954, -0.14601392415974201, -0.12811571794749121, -0.12405471617665831, -0.11827410738985789, -0.11225241602530911, -0.10619230303075211, -0.10160793132580981, -0.09834609693597618, -0.0954645482983496, -0.09221321255464043, -0.08702851317302773, -0.06871585219395926, -0.06241711629367952, -0.05838560932896275, -0.05047382274838541, -0.04290019578030879, -0.036983750640018576, -0.03641529989694803, -0.03641529989694803, -0.03641529989694803, -0.03641529989694803, -0.03641529989694803, -0.03641529989694803, -0.03641529989694803, -0.03641529989694803, -0.03641529989694803, -0.03641529989694803, -0.03641529989694803, -0.03641529989694803, -0.03641529989694803, -0.03641529989694803, -0.03641529989694803, -0.03641529989694803, -0.03641529989694803, -0.03641529989694803, -0.03641529989694803, -0.03641529989694803, -0.03641529989694803, -0.03641529989694803, -0.03641529989694803, -0.03641529989694803, -0.03641529989694803, -0.03641529989694803, -0.03641529989694803, -0.03641529989694803, -0.03641529989694803, -0.03641529989694803, -0.03641529989694803, -0.03641529989694803, -0.03641529989694803, -0.03641529989694803, -0.03641529989694803, -0.03641529989694803, -0.038907530165944504, -0.04142589482321801, -0.043951338300544984, -0.0462393040759721, -0.04984407125071577, -0.05330292398762371, -0.058368764295094966, -0.060108435922581194, -0.0644595358001323, -0.06719003499035647, -0.06955186284928239, -0.06350632449634008, -0.06407084388975837, -0.0642591896953888, -0.0643557353731794, -0.06398490267077839, -0.06413703567854756, -0.06392807682567314, -0.05914063590131069, -0.058698669609076104, -0.057615461743093066]
done grad
iter:  76
tot_time: 23.775166749954224
total_reward: [-0.15910344207836458, -0.14884595554406954, -0.14601392415974201, -0.12811571794749121, -0.12405471617665831, -0.11827410738985789, -0.11225241602530911, -0.10619230303075211, -0.10160793132580981, -0.09834609693597618, -0.0954645482983496, -0.09221321255464043, -0.08702851317302773, -0.06871585219395926, -0.06241711629367952, -0.05838560932896275, -0.05047382274838541, -0.04290019578030879, -0.036983750640018576, -0.03641529989694803, -0.03641529989694803, -0.03641529989694803, -0.03641529989694803, -0.03641529989694803, -0.03641529989694803, -0.03641529989694803, -0.03641529989694803, -0.03641529989694803, -0.03641529989694803, -0.03641529989694803, -0.03641529989694803, -0.03641529989694803, -0.03641529989694803, -0.03641529989694803, -0.03641529989694803, -0.03641529989694803, -0.03641529989694803, -0.03641529989694803, -0.03641529989694803, -0.03641529989694803, -0.03641529989694803, -0.03641529989694803, -0.03641529989694803, -0.03641529989694803, -0.03641529989694803, -0.03641529989694803, -0.03641529989694803, -0.03641529989694803, -0.03641529989694803, -0.03641529989694803, -0.03641529989694803, -0.03641529989694803, -0.03641529989694803, -0.03641529989694803, -0.03641529989694803, -0.038907530165944504, -0.04142589482321801, -0.043951338300544984, -0.0462393040759721, -0.04984407125071577, -0.05330292398762371, -0.058368764295094966, -0.060108435922581194, -0.0644595358001323, -0.06719003499035647, -0.06955186284928239, -0.06350632449634008, -0.06407084388975837, -0.0642591896953888, -0.0643557353731794, -0.06398490267077839, -0.06413703567854756, -0.06392807682567314, -0.05914063590131069, -0.058698669609076104, -0.057615461743093066, -0.05881934128031596]
done grad
iter:  77
tot_time: 24.238258600234985
total_reward: [-0.15910344207836458, -0.14884595554406954, -0.14601392415974201, -0.12811571794749121, -0.12405471617665831, -0.11827410738985789, -0.11225241602530911, -0.10619230303075211, -0.10160793132580981, -0.09834609693597618, -0.0954645482983496, -0.09221321255464043, -0.08702851317302773, -0.06871585219395926, -0.06241711629367952, -0.05838560932896275, -0.05047382274838541, -0.04290019578030879, -0.036983750640018576, -0.03641529989694803, -0.03641529989694803, -0.03641529989694803, -0.03641529989694803, -0.03641529989694803, -0.03641529989694803, -0.03641529989694803, -0.03641529989694803, -0.03641529989694803, -0.03641529989694803, -0.03641529989694803, -0.03641529989694803, -0.03641529989694803, -0.03641529989694803, -0.03641529989694803, -0.03641529989694803, -0.03641529989694803, -0.03641529989694803, -0.03641529989694803, -0.03641529989694803, -0.03641529989694803, -0.03641529989694803, -0.03641529989694803, -0.03641529989694803, -0.03641529989694803, -0.03641529989694803, -0.03641529989694803, -0.03641529989694803, -0.03641529989694803, -0.03641529989694803, -0.03641529989694803, -0.03641529989694803, -0.03641529989694803, -0.03641529989694803, -0.03641529989694803, -0.03641529989694803, -0.038907530165944504, -0.04142589482321801, -0.043951338300544984, -0.0462393040759721, -0.04984407125071577, -0.05330292398762371, -0.058368764295094966, -0.060108435922581194, -0.0644595358001323, -0.06719003499035647, -0.06955186284928239, -0.06350632449634008, -0.06407084388975837, -0.0642591896953888, -0.0643557353731794, -0.06398490267077839, -0.06413703567854756, -0.06392807682567314, -0.05914063590131069, -0.058698669609076104, -0.057615461743093066, -0.05881934128031596, -0.0582945137198001]
done grad
iter:  78
tot_time: 24.064335107803345
total_reward: [-0.15910344207836458, -0.14884595554406954, -0.14601392415974201, -0.12811571794749121, -0.12405471617665831, -0.11827410738985789, -0.11225241602530911, -0.10619230303075211, -0.10160793132580981, -0.09834609693597618, -0.0954645482983496, -0.09221321255464043, -0.08702851317302773, -0.06871585219395926, -0.06241711629367952, -0.05838560932896275, -0.05047382274838541, -0.04290019578030879, -0.036983750640018576, -0.03641529989694803, -0.03641529989694803, -0.03641529989694803, -0.03641529989694803, -0.03641529989694803, -0.03641529989694803, -0.03641529989694803, -0.03641529989694803, -0.03641529989694803, -0.03641529989694803, -0.03641529989694803, -0.03641529989694803, -0.03641529989694803, -0.03641529989694803, -0.03641529989694803, -0.03641529989694803, -0.03641529989694803, -0.03641529989694803, -0.03641529989694803, -0.03641529989694803, -0.03641529989694803, -0.03641529989694803, -0.03641529989694803, -0.03641529989694803, -0.03641529989694803, -0.03641529989694803, -0.03641529989694803, -0.03641529989694803, -0.03641529989694803, -0.03641529989694803, -0.03641529989694803, -0.03641529989694803, -0.03641529989694803, -0.03641529989694803, -0.03641529989694803, -0.03641529989694803, -0.038907530165944504, -0.04142589482321801, -0.043951338300544984, -0.0462393040759721, -0.04984407125071577, -0.05330292398762371, -0.058368764295094966, -0.060108435922581194, -0.0644595358001323, -0.06719003499035647, -0.06955186284928239, -0.06350632449634008, -0.06407084388975837, -0.0642591896953888, -0.0643557353731794, -0.06398490267077839, -0.06413703567854756, -0.06392807682567314, -0.05914063590131069, -0.058698669609076104, -0.057615461743093066, -0.05881934128031596, -0.0582945137198001, -0.0544018140319944]
done grad
iter:  79
tot_time: 24.224642515182495
total_reward: [-0.15910344207836458, -0.14884595554406954, -0.14601392415974201, -0.12811571794749121, -0.12405471617665831, -0.11827410738985789, -0.11225241602530911, -0.10619230303075211, -0.10160793132580981, -0.09834609693597618, -0.0954645482983496, -0.09221321255464043, -0.08702851317302773, -0.06871585219395926, -0.06241711629367952, -0.05838560932896275, -0.05047382274838541, -0.04290019578030879, -0.036983750640018576, -0.03641529989694803, -0.03641529989694803, -0.03641529989694803, -0.03641529989694803, -0.03641529989694803, -0.03641529989694803, -0.03641529989694803, -0.03641529989694803, -0.03641529989694803, -0.03641529989694803, -0.03641529989694803, -0.03641529989694803, -0.03641529989694803, -0.03641529989694803, -0.03641529989694803, -0.03641529989694803, -0.03641529989694803, -0.03641529989694803, -0.03641529989694803, -0.03641529989694803, -0.03641529989694803, -0.03641529989694803, -0.03641529989694803, -0.03641529989694803, -0.03641529989694803, -0.03641529989694803, -0.03641529989694803, -0.03641529989694803, -0.03641529989694803, -0.03641529989694803, -0.03641529989694803, -0.03641529989694803, -0.03641529989694803, -0.03641529989694803, -0.03641529989694803, -0.03641529989694803, -0.038907530165944504, -0.04142589482321801, -0.043951338300544984, -0.0462393040759721, -0.04984407125071577, -0.05330292398762371, -0.058368764295094966, -0.060108435922581194, -0.0644595358001323, -0.06719003499035647, -0.06955186284928239, -0.06350632449634008, -0.06407084388975837, -0.0642591896953888, -0.0643557353731794, -0.06398490267077839, -0.06413703567854756, -0.06392807682567314, -0.05914063590131069, -0.058698669609076104, -0.057615461743093066, -0.05881934128031596, -0.0582945137198001, -0.0544018140319944, -0.05396174555409883]
done grad
iter:  80
tot_time: 23.853408336639404
total_reward: [-0.15910344207836458, -0.14884595554406954, -0.14601392415974201, -0.12811571794749121, -0.12405471617665831, -0.11827410738985789, -0.11225241602530911, -0.10619230303075211, -0.10160793132580981, -0.09834609693597618, -0.0954645482983496, -0.09221321255464043, -0.08702851317302773, -0.06871585219395926, -0.06241711629367952, -0.05838560932896275, -0.05047382274838541, -0.04290019578030879, -0.036983750640018576, -0.03641529989694803, -0.03641529989694803, -0.03641529989694803, -0.03641529989694803, -0.03641529989694803, -0.03641529989694803, -0.03641529989694803, -0.03641529989694803, -0.03641529989694803, -0.03641529989694803, -0.03641529989694803, -0.03641529989694803, -0.03641529989694803, -0.03641529989694803, -0.03641529989694803, -0.03641529989694803, -0.03641529989694803, -0.03641529989694803, -0.03641529989694803, -0.03641529989694803, -0.03641529989694803, -0.03641529989694803, -0.03641529989694803, -0.03641529989694803, -0.03641529989694803, -0.03641529989694803, -0.03641529989694803, -0.03641529989694803, -0.03641529989694803, -0.03641529989694803, -0.03641529989694803, -0.03641529989694803, -0.03641529989694803, -0.03641529989694803, -0.03641529989694803, -0.03641529989694803, -0.038907530165944504, -0.04142589482321801, -0.043951338300544984, -0.0462393040759721, -0.04984407125071577, -0.05330292398762371, -0.058368764295094966, -0.060108435922581194, -0.0644595358001323, -0.06719003499035647, -0.06955186284928239, -0.06350632449634008, -0.06407084388975837, -0.0642591896953888, -0.0643557353731794, -0.06398490267077839, -0.06413703567854756, -0.06392807682567314, -0.05914063590131069, -0.058698669609076104, -0.057615461743093066, -0.05881934128031596, -0.0582945137198001, -0.0544018140319944, -0.05396174555409883, -0.052039152892576546]
done grad
iter:  81
tot_time: 24.34850788116455
total_reward: [-0.15910344207836458, -0.14884595554406954, -0.14601392415974201, -0.12811571794749121, -0.12405471617665831, -0.11827410738985789, -0.11225241602530911, -0.10619230303075211, -0.10160793132580981, -0.09834609693597618, -0.0954645482983496, -0.09221321255464043, -0.08702851317302773, -0.06871585219395926, -0.06241711629367952, -0.05838560932896275, -0.05047382274838541, -0.04290019578030879, -0.036983750640018576, -0.03641529989694803, -0.03641529989694803, -0.03641529989694803, -0.03641529989694803, -0.03641529989694803, -0.03641529989694803, -0.03641529989694803, -0.03641529989694803, -0.03641529989694803, -0.03641529989694803, -0.03641529989694803, -0.03641529989694803, -0.03641529989694803, -0.03641529989694803, -0.03641529989694803, -0.03641529989694803, -0.03641529989694803, -0.03641529989694803, -0.03641529989694803, -0.03641529989694803, -0.03641529989694803, -0.03641529989694803, -0.03641529989694803, -0.03641529989694803, -0.03641529989694803, -0.03641529989694803, -0.03641529989694803, -0.03641529989694803, -0.03641529989694803, -0.03641529989694803, -0.03641529989694803, -0.03641529989694803, -0.03641529989694803, -0.03641529989694803, -0.03641529989694803, -0.03641529989694803, -0.038907530165944504, -0.04142589482321801, -0.043951338300544984, -0.0462393040759721, -0.04984407125071577, -0.05330292398762371, -0.058368764295094966, -0.060108435922581194, -0.0644595358001323, -0.06719003499035647, -0.06955186284928239, -0.06350632449634008, -0.06407084388975837, -0.0642591896953888, -0.0643557353731794, -0.06398490267077839, -0.06413703567854756, -0.06392807682567314, -0.05914063590131069, -0.058698669609076104, -0.057615461743093066, -0.05881934128031596, -0.0582945137198001, -0.0544018140319944, -0.05396174555409883, -0.052039152892576546, -0.05042440130682824]
done grad
iter:  82
tot_time: 24.06331205368042
total_reward: [-0.15910344207836458, -0.14884595554406954, -0.14601392415974201, -0.12811571794749121, -0.12405471617665831, -0.11827410738985789, -0.11225241602530911, -0.10619230303075211, -0.10160793132580981, -0.09834609693597618, -0.0954645482983496, -0.09221321255464043, -0.08702851317302773, -0.06871585219395926, -0.06241711629367952, -0.05838560932896275, -0.05047382274838541, -0.04290019578030879, -0.036983750640018576, -0.03641529989694803, -0.03641529989694803, -0.03641529989694803, -0.03641529989694803, -0.03641529989694803, -0.03641529989694803, -0.03641529989694803, -0.03641529989694803, -0.03641529989694803, -0.03641529989694803, -0.03641529989694803, -0.03641529989694803, -0.03641529989694803, -0.03641529989694803, -0.03641529989694803, -0.03641529989694803, -0.03641529989694803, -0.03641529989694803, -0.03641529989694803, -0.03641529989694803, -0.03641529989694803, -0.03641529989694803, -0.03641529989694803, -0.03641529989694803, -0.03641529989694803, -0.03641529989694803, -0.03641529989694803, -0.03641529989694803, -0.03641529989694803, -0.03641529989694803, -0.03641529989694803, -0.03641529989694803, -0.03641529989694803, -0.03641529989694803, -0.03641529989694803, -0.03641529989694803, -0.038907530165944504, -0.04142589482321801, -0.043951338300544984, -0.0462393040759721, -0.04984407125071577, -0.05330292398762371, -0.058368764295094966, -0.060108435922581194, -0.0644595358001323, -0.06719003499035647, -0.06955186284928239, -0.06350632449634008, -0.06407084388975837, -0.0642591896953888, -0.0643557353731794, -0.06398490267077839, -0.06413703567854756, -0.06392807682567314, -0.05914063590131069, -0.058698669609076104, -0.057615461743093066, -0.05881934128031596, -0.0582945137198001, -0.0544018140319944, -0.05396174555409883, -0.052039152892576546, -0.05042440130682824, -0.04936278286396578]
done grad
iter:  83
tot_time: 24.24632501602173
total_reward: [-0.15910344207836458, -0.14884595554406954, -0.14601392415974201, -0.12811571794749121, -0.12405471617665831, -0.11827410738985789, -0.11225241602530911, -0.10619230303075211, -0.10160793132580981, -0.09834609693597618, -0.0954645482983496, -0.09221321255464043, -0.08702851317302773, -0.06871585219395926, -0.06241711629367952, -0.05838560932896275, -0.05047382274838541, -0.04290019578030879, -0.036983750640018576, -0.03641529989694803, -0.03641529989694803, -0.03641529989694803, -0.03641529989694803, -0.03641529989694803, -0.03641529989694803, -0.03641529989694803, -0.03641529989694803, -0.03641529989694803, -0.03641529989694803, -0.03641529989694803, -0.03641529989694803, -0.03641529989694803, -0.03641529989694803, -0.03641529989694803, -0.03641529989694803, -0.03641529989694803, -0.03641529989694803, -0.03641529989694803, -0.03641529989694803, -0.03641529989694803, -0.03641529989694803, -0.03641529989694803, -0.03641529989694803, -0.03641529989694803, -0.03641529989694803, -0.03641529989694803, -0.03641529989694803, -0.03641529989694803, -0.03641529989694803, -0.03641529989694803, -0.03641529989694803, -0.03641529989694803, -0.03641529989694803, -0.03641529989694803, -0.03641529989694803, -0.038907530165944504, -0.04142589482321801, -0.043951338300544984, -0.0462393040759721, -0.04984407125071577, -0.05330292398762371, -0.058368764295094966, -0.060108435922581194, -0.0644595358001323, -0.06719003499035647, -0.06955186284928239, -0.06350632449634008, -0.06407084388975837, -0.0642591896953888, -0.0643557353731794, -0.06398490267077839, -0.06413703567854756, -0.06392807682567314, -0.05914063590131069, -0.058698669609076104, -0.057615461743093066, -0.05881934128031596, -0.0582945137198001, -0.0544018140319944, -0.05396174555409883, -0.052039152892576546, -0.05042440130682824, -0.04936278286396578, -0.04920054095055648]
done grad
iter:  84
tot_time: 24.06667947769165
total_reward: [-0.15910344207836458, -0.14884595554406954, -0.14601392415974201, -0.12811571794749121, -0.12405471617665831, -0.11827410738985789, -0.11225241602530911, -0.10619230303075211, -0.10160793132580981, -0.09834609693597618, -0.0954645482983496, -0.09221321255464043, -0.08702851317302773, -0.06871585219395926, -0.06241711629367952, -0.05838560932896275, -0.05047382274838541, -0.04290019578030879, -0.036983750640018576, -0.03641529989694803, -0.03641529989694803, -0.03641529989694803, -0.03641529989694803, -0.03641529989694803, -0.03641529989694803, -0.03641529989694803, -0.03641529989694803, -0.03641529989694803, -0.03641529989694803, -0.03641529989694803, -0.03641529989694803, -0.03641529989694803, -0.03641529989694803, -0.03641529989694803, -0.03641529989694803, -0.03641529989694803, -0.03641529989694803, -0.03641529989694803, -0.03641529989694803, -0.03641529989694803, -0.03641529989694803, -0.03641529989694803, -0.03641529989694803, -0.03641529989694803, -0.03641529989694803, -0.03641529989694803, -0.03641529989694803, -0.03641529989694803, -0.03641529989694803, -0.03641529989694803, -0.03641529989694803, -0.03641529989694803, -0.03641529989694803, -0.03641529989694803, -0.03641529989694803, -0.038907530165944504, -0.04142589482321801, -0.043951338300544984, -0.0462393040759721, -0.04984407125071577, -0.05330292398762371, -0.058368764295094966, -0.060108435922581194, -0.0644595358001323, -0.06719003499035647, -0.06955186284928239, -0.06350632449634008, -0.06407084388975837, -0.0642591896953888, -0.0643557353731794, -0.06398490267077839, -0.06413703567854756, -0.06392807682567314, -0.05914063590131069, -0.058698669609076104, -0.057615461743093066, -0.05881934128031596, -0.0582945137198001, -0.0544018140319944, -0.05396174555409883, -0.052039152892576546, -0.05042440130682824, -0.04936278286396578, -0.04920054095055648, -0.0488484417495636]
done grad
iter:  85
tot_time: 24.051121950149536
total_reward: [-0.15910344207836458, -0.14884595554406954, -0.14601392415974201, -0.12811571794749121, -0.12405471617665831, -0.11827410738985789, -0.11225241602530911, -0.10619230303075211, -0.10160793132580981, -0.09834609693597618, -0.0954645482983496, -0.09221321255464043, -0.08702851317302773, -0.06871585219395926, -0.06241711629367952, -0.05838560932896275, -0.05047382274838541, -0.04290019578030879, -0.036983750640018576, -0.03641529989694803, -0.03641529989694803, -0.03641529989694803, -0.03641529989694803, -0.03641529989694803, -0.03641529989694803, -0.03641529989694803, -0.03641529989694803, -0.03641529989694803, -0.03641529989694803, -0.03641529989694803, -0.03641529989694803, -0.03641529989694803, -0.03641529989694803, -0.03641529989694803, -0.03641529989694803, -0.03641529989694803, -0.03641529989694803, -0.03641529989694803, -0.03641529989694803, -0.03641529989694803, -0.03641529989694803, -0.03641529989694803, -0.03641529989694803, -0.03641529989694803, -0.03641529989694803, -0.03641529989694803, -0.03641529989694803, -0.03641529989694803, -0.03641529989694803, -0.03641529989694803, -0.03641529989694803, -0.03641529989694803, -0.03641529989694803, -0.03641529989694803, -0.03641529989694803, -0.038907530165944504, -0.04142589482321801, -0.043951338300544984, -0.0462393040759721, -0.04984407125071577, -0.05330292398762371, -0.058368764295094966, -0.060108435922581194, -0.0644595358001323, -0.06719003499035647, -0.06955186284928239, -0.06350632449634008, -0.06407084388975837, -0.0642591896953888, -0.0643557353731794, -0.06398490267077839, -0.06413703567854756, -0.06392807682567314, -0.05914063590131069, -0.058698669609076104, -0.057615461743093066, -0.05881934128031596, -0.0582945137198001, -0.0544018140319944, -0.05396174555409883, -0.052039152892576546, -0.05042440130682824, -0.04936278286396578, -0.04920054095055648, -0.0488484417495636, -0.05191941509039122]
done grad
iter:  86
tot_time: 23.953765153884888
total_reward: [-0.15910344207836458, -0.14884595554406954, -0.14601392415974201, -0.12811571794749121, -0.12405471617665831, -0.11827410738985789, -0.11225241602530911, -0.10619230303075211, -0.10160793132580981, -0.09834609693597618, -0.0954645482983496, -0.09221321255464043, -0.08702851317302773, -0.06871585219395926, -0.06241711629367952, -0.05838560932896275, -0.05047382274838541, -0.04290019578030879, -0.036983750640018576, -0.03641529989694803, -0.03641529989694803, -0.03641529989694803, -0.03641529989694803, -0.03641529989694803, -0.03641529989694803, -0.03641529989694803, -0.03641529989694803, -0.03641529989694803, -0.03641529989694803, -0.03641529989694803, -0.03641529989694803, -0.03641529989694803, -0.03641529989694803, -0.03641529989694803, -0.03641529989694803, -0.03641529989694803, -0.03641529989694803, -0.03641529989694803, -0.03641529989694803, -0.03641529989694803, -0.03641529989694803, -0.03641529989694803, -0.03641529989694803, -0.03641529989694803, -0.03641529989694803, -0.03641529989694803, -0.03641529989694803, -0.03641529989694803, -0.03641529989694803, -0.03641529989694803, -0.03641529989694803, -0.03641529989694803, -0.03641529989694803, -0.03641529989694803, -0.03641529989694803, -0.038907530165944504, -0.04142589482321801, -0.043951338300544984, -0.0462393040759721, -0.04984407125071577, -0.05330292398762371, -0.058368764295094966, -0.060108435922581194, -0.0644595358001323, -0.06719003499035647, -0.06955186284928239, -0.06350632449634008, -0.06407084388975837, -0.0642591896953888, -0.0643557353731794, -0.06398490267077839, -0.06413703567854756, -0.06392807682567314, -0.05914063590131069, -0.058698669609076104, -0.057615461743093066, -0.05881934128031596, -0.0582945137198001, -0.0544018140319944, -0.05396174555409883, -0.052039152892576546, -0.05042440130682824, -0.04936278286396578, -0.04920054095055648, -0.0488484417495636, -0.05191941509039122, -0.054004549093954024]
done grad
iter:  87
tot_time: 24.23993706703186
total_reward: [-0.15910344207836458, -0.14884595554406954, -0.14601392415974201, -0.12811571794749121, -0.12405471617665831, -0.11827410738985789, -0.11225241602530911, -0.10619230303075211, -0.10160793132580981, -0.09834609693597618, -0.0954645482983496, -0.09221321255464043, -0.08702851317302773, -0.06871585219395926, -0.06241711629367952, -0.05838560932896275, -0.05047382274838541, -0.04290019578030879, -0.036983750640018576, -0.03641529989694803, -0.03641529989694803, -0.03641529989694803, -0.03641529989694803, -0.03641529989694803, -0.03641529989694803, -0.03641529989694803, -0.03641529989694803, -0.03641529989694803, -0.03641529989694803, -0.03641529989694803, -0.03641529989694803, -0.03641529989694803, -0.03641529989694803, -0.03641529989694803, -0.03641529989694803, -0.03641529989694803, -0.03641529989694803, -0.03641529989694803, -0.03641529989694803, -0.03641529989694803, -0.03641529989694803, -0.03641529989694803, -0.03641529989694803, -0.03641529989694803, -0.03641529989694803, -0.03641529989694803, -0.03641529989694803, -0.03641529989694803, -0.03641529989694803, -0.03641529989694803, -0.03641529989694803, -0.03641529989694803, -0.03641529989694803, -0.03641529989694803, -0.03641529989694803, -0.038907530165944504, -0.04142589482321801, -0.043951338300544984, -0.0462393040759721, -0.04984407125071577, -0.05330292398762371, -0.058368764295094966, -0.060108435922581194, -0.0644595358001323, -0.06719003499035647, -0.06955186284928239, -0.06350632449634008, -0.06407084388975837, -0.0642591896953888, -0.0643557353731794, -0.06398490267077839, -0.06413703567854756, -0.06392807682567314, -0.05914063590131069, -0.058698669609076104, -0.057615461743093066, -0.05881934128031596, -0.0582945137198001, -0.0544018140319944, -0.05396174555409883, -0.052039152892576546, -0.05042440130682824, -0.04936278286396578, -0.04920054095055648, -0.0488484417495636, -0.05191941509039122, -0.054004549093954024, -0.051993613183775045]
done grad
iter:  88
tot_time: 24.235878229141235
total_reward: [-0.15910344207836458, -0.14884595554406954, -0.14601392415974201, -0.12811571794749121, -0.12405471617665831, -0.11827410738985789, -0.11225241602530911, -0.10619230303075211, -0.10160793132580981, -0.09834609693597618, -0.0954645482983496, -0.09221321255464043, -0.08702851317302773, -0.06871585219395926, -0.06241711629367952, -0.05838560932896275, -0.05047382274838541, -0.04290019578030879, -0.036983750640018576, -0.03641529989694803, -0.03641529989694803, -0.03641529989694803, -0.03641529989694803, -0.03641529989694803, -0.03641529989694803, -0.03641529989694803, -0.03641529989694803, -0.03641529989694803, -0.03641529989694803, -0.03641529989694803, -0.03641529989694803, -0.03641529989694803, -0.03641529989694803, -0.03641529989694803, -0.03641529989694803, -0.03641529989694803, -0.03641529989694803, -0.03641529989694803, -0.03641529989694803, -0.03641529989694803, -0.03641529989694803, -0.03641529989694803, -0.03641529989694803, -0.03641529989694803, -0.03641529989694803, -0.03641529989694803, -0.03641529989694803, -0.03641529989694803, -0.03641529989694803, -0.03641529989694803, -0.03641529989694803, -0.03641529989694803, -0.03641529989694803, -0.03641529989694803, -0.03641529989694803, -0.038907530165944504, -0.04142589482321801, -0.043951338300544984, -0.0462393040759721, -0.04984407125071577, -0.05330292398762371, -0.058368764295094966, -0.060108435922581194, -0.0644595358001323, -0.06719003499035647, -0.06955186284928239, -0.06350632449634008, -0.06407084388975837, -0.0642591896953888, -0.0643557353731794, -0.06398490267077839, -0.06413703567854756, -0.06392807682567314, -0.05914063590131069, -0.058698669609076104, -0.057615461743093066, -0.05881934128031596, -0.0582945137198001, -0.0544018140319944, -0.05396174555409883, -0.052039152892576546, -0.05042440130682824, -0.04936278286396578, -0.04920054095055648, -0.0488484417495636, -0.05191941509039122, -0.054004549093954024, -0.051993613183775045, -0.049594094203192496]
done grad
iter:  89
tot_time: 24.259912967681885
total_reward: [-0.15910344207836458, -0.14884595554406954, -0.14601392415974201, -0.12811571794749121, -0.12405471617665831, -0.11827410738985789, -0.11225241602530911, -0.10619230303075211, -0.10160793132580981, -0.09834609693597618, -0.0954645482983496, -0.09221321255464043, -0.08702851317302773, -0.06871585219395926, -0.06241711629367952, -0.05838560932896275, -0.05047382274838541, -0.04290019578030879, -0.036983750640018576, -0.03641529989694803, -0.03641529989694803, -0.03641529989694803, -0.03641529989694803, -0.03641529989694803, -0.03641529989694803, -0.03641529989694803, -0.03641529989694803, -0.03641529989694803, -0.03641529989694803, -0.03641529989694803, -0.03641529989694803, -0.03641529989694803, -0.03641529989694803, -0.03641529989694803, -0.03641529989694803, -0.03641529989694803, -0.03641529989694803, -0.03641529989694803, -0.03641529989694803, -0.03641529989694803, -0.03641529989694803, -0.03641529989694803, -0.03641529989694803, -0.03641529989694803, -0.03641529989694803, -0.03641529989694803, -0.03641529989694803, -0.03641529989694803, -0.03641529989694803, -0.03641529989694803, -0.03641529989694803, -0.03641529989694803, -0.03641529989694803, -0.03641529989694803, -0.03641529989694803, -0.038907530165944504, -0.04142589482321801, -0.043951338300544984, -0.0462393040759721, -0.04984407125071577, -0.05330292398762371, -0.058368764295094966, -0.060108435922581194, -0.0644595358001323, -0.06719003499035647, -0.06955186284928239, -0.06350632449634008, -0.06407084388975837, -0.0642591896953888, -0.0643557353731794, -0.06398490267077839, -0.06413703567854756, -0.06392807682567314, -0.05914063590131069, -0.058698669609076104, -0.057615461743093066, -0.05881934128031596, -0.0582945137198001, -0.0544018140319944, -0.05396174555409883, -0.052039152892576546, -0.05042440130682824, -0.04936278286396578, -0.04920054095055648, -0.0488484417495636, -0.05191941509039122, -0.054004549093954024, -0.051993613183775045, -0.049594094203192496, -0.04795001840147739]
done grad
iter:  90
tot_time: 24.071994304656982
total_reward: [-0.15910344207836458, -0.14884595554406954, -0.14601392415974201, -0.12811571794749121, -0.12405471617665831, -0.11827410738985789, -0.11225241602530911, -0.10619230303075211, -0.10160793132580981, -0.09834609693597618, -0.0954645482983496, -0.09221321255464043, -0.08702851317302773, -0.06871585219395926, -0.06241711629367952, -0.05838560932896275, -0.05047382274838541, -0.04290019578030879, -0.036983750640018576, -0.03641529989694803, -0.03641529989694803, -0.03641529989694803, -0.03641529989694803, -0.03641529989694803, -0.03641529989694803, -0.03641529989694803, -0.03641529989694803, -0.03641529989694803, -0.03641529989694803, -0.03641529989694803, -0.03641529989694803, -0.03641529989694803, -0.03641529989694803, -0.03641529989694803, -0.03641529989694803, -0.03641529989694803, -0.03641529989694803, -0.03641529989694803, -0.03641529989694803, -0.03641529989694803, -0.03641529989694803, -0.03641529989694803, -0.03641529989694803, -0.03641529989694803, -0.03641529989694803, -0.03641529989694803, -0.03641529989694803, -0.03641529989694803, -0.03641529989694803, -0.03641529989694803, -0.03641529989694803, -0.03641529989694803, -0.03641529989694803, -0.03641529989694803, -0.03641529989694803, -0.038907530165944504, -0.04142589482321801, -0.043951338300544984, -0.0462393040759721, -0.04984407125071577, -0.05330292398762371, -0.058368764295094966, -0.060108435922581194, -0.0644595358001323, -0.06719003499035647, -0.06955186284928239, -0.06350632449634008, -0.06407084388975837, -0.0642591896953888, -0.0643557353731794, -0.06398490267077839, -0.06413703567854756, -0.06392807682567314, -0.05914063590131069, -0.058698669609076104, -0.057615461743093066, -0.05881934128031596, -0.0582945137198001, -0.0544018140319944, -0.05396174555409883, -0.052039152892576546, -0.05042440130682824, -0.04936278286396578, -0.04920054095055648, -0.0488484417495636, -0.05191941509039122, -0.054004549093954024, -0.051993613183775045, -0.049594094203192496, -0.04795001840147739, -0.046337414767104956]
done grad
iter:  91
tot_time: 24.223997116088867
total_reward: [-0.15910344207836458, -0.14884595554406954, -0.14601392415974201, -0.12811571794749121, -0.12405471617665831, -0.11827410738985789, -0.11225241602530911, -0.10619230303075211, -0.10160793132580981, -0.09834609693597618, -0.0954645482983496, -0.09221321255464043, -0.08702851317302773, -0.06871585219395926, -0.06241711629367952, -0.05838560932896275, -0.05047382274838541, -0.04290019578030879, -0.036983750640018576, -0.03641529989694803, -0.03641529989694803, -0.03641529989694803, -0.03641529989694803, -0.03641529989694803, -0.03641529989694803, -0.03641529989694803, -0.03641529989694803, -0.03641529989694803, -0.03641529989694803, -0.03641529989694803, -0.03641529989694803, -0.03641529989694803, -0.03641529989694803, -0.03641529989694803, -0.03641529989694803, -0.03641529989694803, -0.03641529989694803, -0.03641529989694803, -0.03641529989694803, -0.03641529989694803, -0.03641529989694803, -0.03641529989694803, -0.03641529989694803, -0.03641529989694803, -0.03641529989694803, -0.03641529989694803, -0.03641529989694803, -0.03641529989694803, -0.03641529989694803, -0.03641529989694803, -0.03641529989694803, -0.03641529989694803, -0.03641529989694803, -0.03641529989694803, -0.03641529989694803, -0.038907530165944504, -0.04142589482321801, -0.043951338300544984, -0.0462393040759721, -0.04984407125071577, -0.05330292398762371, -0.058368764295094966, -0.060108435922581194, -0.0644595358001323, -0.06719003499035647, -0.06955186284928239, -0.06350632449634008, -0.06407084388975837, -0.0642591896953888, -0.0643557353731794, -0.06398490267077839, -0.06413703567854756, -0.06392807682567314, -0.05914063590131069, -0.058698669609076104, -0.057615461743093066, -0.05881934128031596, -0.0582945137198001, -0.0544018140319944, -0.05396174555409883, -0.052039152892576546, -0.05042440130682824, -0.04936278286396578, -0.04920054095055648, -0.0488484417495636, -0.05191941509039122, -0.054004549093954024, -0.051993613183775045, -0.049594094203192496, -0.04795001840147739, -0.046337414767104956, -0.045078531475690076]
done grad
iter:  92
tot_time: 24.086145639419556
total_reward: [-0.15910344207836458, -0.14884595554406954, -0.14601392415974201, -0.12811571794749121, -0.12405471617665831, -0.11827410738985789, -0.11225241602530911, -0.10619230303075211, -0.10160793132580981, -0.09834609693597618, -0.0954645482983496, -0.09221321255464043, -0.08702851317302773, -0.06871585219395926, -0.06241711629367952, -0.05838560932896275, -0.05047382274838541, -0.04290019578030879, -0.036983750640018576, -0.03641529989694803, -0.03641529989694803, -0.03641529989694803, -0.03641529989694803, -0.03641529989694803, -0.03641529989694803, -0.03641529989694803, -0.03641529989694803, -0.03641529989694803, -0.03641529989694803, -0.03641529989694803, -0.03641529989694803, -0.03641529989694803, -0.03641529989694803, -0.03641529989694803, -0.03641529989694803, -0.03641529989694803, -0.03641529989694803, -0.03641529989694803, -0.03641529989694803, -0.03641529989694803, -0.03641529989694803, -0.03641529989694803, -0.03641529989694803, -0.03641529989694803, -0.03641529989694803, -0.03641529989694803, -0.03641529989694803, -0.03641529989694803, -0.03641529989694803, -0.03641529989694803, -0.03641529989694803, -0.03641529989694803, -0.03641529989694803, -0.03641529989694803, -0.03641529989694803, -0.038907530165944504, -0.04142589482321801, -0.043951338300544984, -0.0462393040759721, -0.04984407125071577, -0.05330292398762371, -0.058368764295094966, -0.060108435922581194, -0.0644595358001323, -0.06719003499035647, -0.06955186284928239, -0.06350632449634008, -0.06407084388975837, -0.0642591896953888, -0.0643557353731794, -0.06398490267077839, -0.06413703567854756, -0.06392807682567314, -0.05914063590131069, -0.058698669609076104, -0.057615461743093066, -0.05881934128031596, -0.0582945137198001, -0.0544018140319944, -0.05396174555409883, -0.052039152892576546, -0.05042440130682824, -0.04936278286396578, -0.04920054095055648, -0.0488484417495636, -0.05191941509039122, -0.054004549093954024, -0.051993613183775045, -0.049594094203192496, -0.04795001840147739, -0.046337414767104956, -0.045078531475690076, -0.04406889477208953]
done grad
iter:  93
tot_time: 24.340155601501465
total_reward: [-0.15910344207836458, -0.14884595554406954, -0.14601392415974201, -0.12811571794749121, -0.12405471617665831, -0.11827410738985789, -0.11225241602530911, -0.10619230303075211, -0.10160793132580981, -0.09834609693597618, -0.0954645482983496, -0.09221321255464043, -0.08702851317302773, -0.06871585219395926, -0.06241711629367952, -0.05838560932896275, -0.05047382274838541, -0.04290019578030879, -0.036983750640018576, -0.03641529989694803, -0.03641529989694803, -0.03641529989694803, -0.03641529989694803, -0.03641529989694803, -0.03641529989694803, -0.03641529989694803, -0.03641529989694803, -0.03641529989694803, -0.03641529989694803, -0.03641529989694803, -0.03641529989694803, -0.03641529989694803, -0.03641529989694803, -0.03641529989694803, -0.03641529989694803, -0.03641529989694803, -0.03641529989694803, -0.03641529989694803, -0.03641529989694803, -0.03641529989694803, -0.03641529989694803, -0.03641529989694803, -0.03641529989694803, -0.03641529989694803, -0.03641529989694803, -0.03641529989694803, -0.03641529989694803, -0.03641529989694803, -0.03641529989694803, -0.03641529989694803, -0.03641529989694803, -0.03641529989694803, -0.03641529989694803, -0.03641529989694803, -0.03641529989694803, -0.038907530165944504, -0.04142589482321801, -0.043951338300544984, -0.0462393040759721, -0.04984407125071577, -0.05330292398762371, -0.058368764295094966, -0.060108435922581194, -0.0644595358001323, -0.06719003499035647, -0.06955186284928239, -0.06350632449634008, -0.06407084388975837, -0.0642591896953888, -0.0643557353731794, -0.06398490267077839, -0.06413703567854756, -0.06392807682567314, -0.05914063590131069, -0.058698669609076104, -0.057615461743093066, -0.05881934128031596, -0.0582945137198001, -0.0544018140319944, -0.05396174555409883, -0.052039152892576546, -0.05042440130682824, -0.04936278286396578, -0.04920054095055648, -0.0488484417495636, -0.05191941509039122, -0.054004549093954024, -0.051993613183775045, -0.049594094203192496, -0.04795001840147739, -0.046337414767104956, -0.045078531475690076, -0.04406889477208953, -0.042275932462561894]
done grad
iter:  94
tot_time: 24.01872181892395
total_reward: [-0.15910344207836458, -0.14884595554406954, -0.14601392415974201, -0.12811571794749121, -0.12405471617665831, -0.11827410738985789, -0.11225241602530911, -0.10619230303075211, -0.10160793132580981, -0.09834609693597618, -0.0954645482983496, -0.09221321255464043, -0.08702851317302773, -0.06871585219395926, -0.06241711629367952, -0.05838560932896275, -0.05047382274838541, -0.04290019578030879, -0.036983750640018576, -0.03641529989694803, -0.03641529989694803, -0.03641529989694803, -0.03641529989694803, -0.03641529989694803, -0.03641529989694803, -0.03641529989694803, -0.03641529989694803, -0.03641529989694803, -0.03641529989694803, -0.03641529989694803, -0.03641529989694803, -0.03641529989694803, -0.03641529989694803, -0.03641529989694803, -0.03641529989694803, -0.03641529989694803, -0.03641529989694803, -0.03641529989694803, -0.03641529989694803, -0.03641529989694803, -0.03641529989694803, -0.03641529989694803, -0.03641529989694803, -0.03641529989694803, -0.03641529989694803, -0.03641529989694803, -0.03641529989694803, -0.03641529989694803, -0.03641529989694803, -0.03641529989694803, -0.03641529989694803, -0.03641529989694803, -0.03641529989694803, -0.03641529989694803, -0.03641529989694803, -0.038907530165944504, -0.04142589482321801, -0.043951338300544984, -0.0462393040759721, -0.04984407125071577, -0.05330292398762371, -0.058368764295094966, -0.060108435922581194, -0.0644595358001323, -0.06719003499035647, -0.06955186284928239, -0.06350632449634008, -0.06407084388975837, -0.0642591896953888, -0.0643557353731794, -0.06398490267077839, -0.06413703567854756, -0.06392807682567314, -0.05914063590131069, -0.058698669609076104, -0.057615461743093066, -0.05881934128031596, -0.0582945137198001, -0.0544018140319944, -0.05396174555409883, -0.052039152892576546, -0.05042440130682824, -0.04936278286396578, -0.04920054095055648, -0.0488484417495636, -0.05191941509039122, -0.054004549093954024, -0.051993613183775045, -0.049594094203192496, -0.04795001840147739, -0.046337414767104956, -0.045078531475690076, -0.04406889477208953, -0.042275932462561894, -0.040822736535019555]
done grad
iter:  95
tot_time: 24.20626950263977
total_reward: [-0.15910344207836458, -0.14884595554406954, -0.14601392415974201, -0.12811571794749121, -0.12405471617665831, -0.11827410738985789, -0.11225241602530911, -0.10619230303075211, -0.10160793132580981, -0.09834609693597618, -0.0954645482983496, -0.09221321255464043, -0.08702851317302773, -0.06871585219395926, -0.06241711629367952, -0.05838560932896275, -0.05047382274838541, -0.04290019578030879, -0.036983750640018576, -0.03641529989694803, -0.03641529989694803, -0.03641529989694803, -0.03641529989694803, -0.03641529989694803, -0.03641529989694803, -0.03641529989694803, -0.03641529989694803, -0.03641529989694803, -0.03641529989694803, -0.03641529989694803, -0.03641529989694803, -0.03641529989694803, -0.03641529989694803, -0.03641529989694803, -0.03641529989694803, -0.03641529989694803, -0.03641529989694803, -0.03641529989694803, -0.03641529989694803, -0.03641529989694803, -0.03641529989694803, -0.03641529989694803, -0.03641529989694803, -0.03641529989694803, -0.03641529989694803, -0.03641529989694803, -0.03641529989694803, -0.03641529989694803, -0.03641529989694803, -0.03641529989694803, -0.03641529989694803, -0.03641529989694803, -0.03641529989694803, -0.03641529989694803, -0.03641529989694803, -0.038907530165944504, -0.04142589482321801, -0.043951338300544984, -0.0462393040759721, -0.04984407125071577, -0.05330292398762371, -0.058368764295094966, -0.060108435922581194, -0.0644595358001323, -0.06719003499035647, -0.06955186284928239, -0.06350632449634008, -0.06407084388975837, -0.0642591896953888, -0.0643557353731794, -0.06398490267077839, -0.06413703567854756, -0.06392807682567314, -0.05914063590131069, -0.058698669609076104, -0.057615461743093066, -0.05881934128031596, -0.0582945137198001, -0.0544018140319944, -0.05396174555409883, -0.052039152892576546, -0.05042440130682824, -0.04936278286396578, -0.04920054095055648, -0.0488484417495636, -0.05191941509039122, -0.054004549093954024, -0.051993613183775045, -0.049594094203192496, -0.04795001840147739, -0.046337414767104956, -0.045078531475690076, -0.04406889477208953, -0.042275932462561894, -0.040822736535019555, -0.03938824538218433]
done grad
iter:  96
tot_time: 24.436200380325317
total_reward: [-0.15910344207836458, -0.14884595554406954, -0.14601392415974201, -0.12811571794749121, -0.12405471617665831, -0.11827410738985789, -0.11225241602530911, -0.10619230303075211, -0.10160793132580981, -0.09834609693597618, -0.0954645482983496, -0.09221321255464043, -0.08702851317302773, -0.06871585219395926, -0.06241711629367952, -0.05838560932896275, -0.05047382274838541, -0.04290019578030879, -0.036983750640018576, -0.03641529989694803, -0.03641529989694803, -0.03641529989694803, -0.03641529989694803, -0.03641529989694803, -0.03641529989694803, -0.03641529989694803, -0.03641529989694803, -0.03641529989694803, -0.03641529989694803, -0.03641529989694803, -0.03641529989694803, -0.03641529989694803, -0.03641529989694803, -0.03641529989694803, -0.03641529989694803, -0.03641529989694803, -0.03641529989694803, -0.03641529989694803, -0.03641529989694803, -0.03641529989694803, -0.03641529989694803, -0.03641529989694803, -0.03641529989694803, -0.03641529989694803, -0.03641529989694803, -0.03641529989694803, -0.03641529989694803, -0.03641529989694803, -0.03641529989694803, -0.03641529989694803, -0.03641529989694803, -0.03641529989694803, -0.03641529989694803, -0.03641529989694803, -0.03641529989694803, -0.038907530165944504, -0.04142589482321801, -0.043951338300544984, -0.0462393040759721, -0.04984407125071577, -0.05330292398762371, -0.058368764295094966, -0.060108435922581194, -0.0644595358001323, -0.06719003499035647, -0.06955186284928239, -0.06350632449634008, -0.06407084388975837, -0.0642591896953888, -0.0643557353731794, -0.06398490267077839, -0.06413703567854756, -0.06392807682567314, -0.05914063590131069, -0.058698669609076104, -0.057615461743093066, -0.05881934128031596, -0.0582945137198001, -0.0544018140319944, -0.05396174555409883, -0.052039152892576546, -0.05042440130682824, -0.04936278286396578, -0.04920054095055648, -0.0488484417495636, -0.05191941509039122, -0.054004549093954024, -0.051993613183775045, -0.049594094203192496, -0.04795001840147739, -0.046337414767104956, -0.045078531475690076, -0.04406889477208953, -0.042275932462561894, -0.040822736535019555, -0.03938824538218433, -0.04077093720012659]
done grad
iter:  97
tot_time: 24.483383655548096
total_reward: [-0.15910344207836458, -0.14884595554406954, -0.14601392415974201, -0.12811571794749121, -0.12405471617665831, -0.11827410738985789, -0.11225241602530911, -0.10619230303075211, -0.10160793132580981, -0.09834609693597618, -0.0954645482983496, -0.09221321255464043, -0.08702851317302773, -0.06871585219395926, -0.06241711629367952, -0.05838560932896275, -0.05047382274838541, -0.04290019578030879, -0.036983750640018576, -0.03641529989694803, -0.03641529989694803, -0.03641529989694803, -0.03641529989694803, -0.03641529989694803, -0.03641529989694803, -0.03641529989694803, -0.03641529989694803, -0.03641529989694803, -0.03641529989694803, -0.03641529989694803, -0.03641529989694803, -0.03641529989694803, -0.03641529989694803, -0.03641529989694803, -0.03641529989694803, -0.03641529989694803, -0.03641529989694803, -0.03641529989694803, -0.03641529989694803, -0.03641529989694803, -0.03641529989694803, -0.03641529989694803, -0.03641529989694803, -0.03641529989694803, -0.03641529989694803, -0.03641529989694803, -0.03641529989694803, -0.03641529989694803, -0.03641529989694803, -0.03641529989694803, -0.03641529989694803, -0.03641529989694803, -0.03641529989694803, -0.03641529989694803, -0.03641529989694803, -0.038907530165944504, -0.04142589482321801, -0.043951338300544984, -0.0462393040759721, -0.04984407125071577, -0.05330292398762371, -0.058368764295094966, -0.060108435922581194, -0.0644595358001323, -0.06719003499035647, -0.06955186284928239, -0.06350632449634008, -0.06407084388975837, -0.0642591896953888, -0.0643557353731794, -0.06398490267077839, -0.06413703567854756, -0.06392807682567314, -0.05914063590131069, -0.058698669609076104, -0.057615461743093066, -0.05881934128031596, -0.0582945137198001, -0.0544018140319944, -0.05396174555409883, -0.052039152892576546, -0.05042440130682824, -0.04936278286396578, -0.04920054095055648, -0.0488484417495636, -0.05191941509039122, -0.054004549093954024, -0.051993613183775045, -0.049594094203192496, -0.04795001840147739, -0.046337414767104956, -0.045078531475690076, -0.04406889477208953, -0.042275932462561894, -0.040822736535019555, -0.03938824538218433, -0.04077093720012659, -0.03641529989694803]
done grad
iter:  98
tot_time: 24.332338333129883
total_reward: [-0.15910344207836458, -0.14884595554406954, -0.14601392415974201, -0.12811571794749121, -0.12405471617665831, -0.11827410738985789, -0.11225241602530911, -0.10619230303075211, -0.10160793132580981, -0.09834609693597618, -0.0954645482983496, -0.09221321255464043, -0.08702851317302773, -0.06871585219395926, -0.06241711629367952, -0.05838560932896275, -0.05047382274838541, -0.04290019578030879, -0.036983750640018576, -0.03641529989694803, -0.03641529989694803, -0.03641529989694803, -0.03641529989694803, -0.03641529989694803, -0.03641529989694803, -0.03641529989694803, -0.03641529989694803, -0.03641529989694803, -0.03641529989694803, -0.03641529989694803, -0.03641529989694803, -0.03641529989694803, -0.03641529989694803, -0.03641529989694803, -0.03641529989694803, -0.03641529989694803, -0.03641529989694803, -0.03641529989694803, -0.03641529989694803, -0.03641529989694803, -0.03641529989694803, -0.03641529989694803, -0.03641529989694803, -0.03641529989694803, -0.03641529989694803, -0.03641529989694803, -0.03641529989694803, -0.03641529989694803, -0.03641529989694803, -0.03641529989694803, -0.03641529989694803, -0.03641529989694803, -0.03641529989694803, -0.03641529989694803, -0.03641529989694803, -0.038907530165944504, -0.04142589482321801, -0.043951338300544984, -0.0462393040759721, -0.04984407125071577, -0.05330292398762371, -0.058368764295094966, -0.060108435922581194, -0.0644595358001323, -0.06719003499035647, -0.06955186284928239, -0.06350632449634008, -0.06407084388975837, -0.0642591896953888, -0.0643557353731794, -0.06398490267077839, -0.06413703567854756, -0.06392807682567314, -0.05914063590131069, -0.058698669609076104, -0.057615461743093066, -0.05881934128031596, -0.0582945137198001, -0.0544018140319944, -0.05396174555409883, -0.052039152892576546, -0.05042440130682824, -0.04936278286396578, -0.04920054095055648, -0.0488484417495636, -0.05191941509039122, -0.054004549093954024, -0.051993613183775045, -0.049594094203192496, -0.04795001840147739, -0.046337414767104956, -0.045078531475690076, -0.04406889477208953, -0.042275932462561894, -0.040822736535019555, -0.03938824538218433, -0.04077093720012659, -0.03641529989694803, -0.03641529989694803]
done grad
iter:  99
tot_time: 24.222643852233887
total_reward: [-0.15910344207836458, -0.14884595554406954, -0.14601392415974201, -0.12811571794749121, -0.12405471617665831, -0.11827410738985789, -0.11225241602530911, -0.10619230303075211, -0.10160793132580981, -0.09834609693597618, -0.0954645482983496, -0.09221321255464043, -0.08702851317302773, -0.06871585219395926, -0.06241711629367952, -0.05838560932896275, -0.05047382274838541, -0.04290019578030879, -0.036983750640018576, -0.03641529989694803, -0.03641529989694803, -0.03641529989694803, -0.03641529989694803, -0.03641529989694803, -0.03641529989694803, -0.03641529989694803, -0.03641529989694803, -0.03641529989694803, -0.03641529989694803, -0.03641529989694803, -0.03641529989694803, -0.03641529989694803, -0.03641529989694803, -0.03641529989694803, -0.03641529989694803, -0.03641529989694803, -0.03641529989694803, -0.03641529989694803, -0.03641529989694803, -0.03641529989694803, -0.03641529989694803, -0.03641529989694803, -0.03641529989694803, -0.03641529989694803, -0.03641529989694803, -0.03641529989694803, -0.03641529989694803, -0.03641529989694803, -0.03641529989694803, -0.03641529989694803, -0.03641529989694803, -0.03641529989694803, -0.03641529989694803, -0.03641529989694803, -0.03641529989694803, -0.038907530165944504, -0.04142589482321801, -0.043951338300544984, -0.0462393040759721, -0.04984407125071577, -0.05330292398762371, -0.058368764295094966, -0.060108435922581194, -0.0644595358001323, -0.06719003499035647, -0.06955186284928239, -0.06350632449634008, -0.06407084388975837, -0.0642591896953888, -0.0643557353731794, -0.06398490267077839, -0.06413703567854756, -0.06392807682567314, -0.05914063590131069, -0.058698669609076104, -0.057615461743093066, -0.05881934128031596, -0.0582945137198001, -0.0544018140319944, -0.05396174555409883, -0.052039152892576546, -0.05042440130682824, -0.04936278286396578, -0.04920054095055648, -0.0488484417495636, -0.05191941509039122, -0.054004549093954024, -0.051993613183775045, -0.049594094203192496, -0.04795001840147739, -0.046337414767104956, -0.045078531475690076, -0.04406889477208953, -0.042275932462561894, -0.040822736535019555, -0.03938824538218433, -0.04077093720012659, -0.03641529989694803, -0.03641529989694803, -0.03641529989694803]
done grad
iter:  100
tot_time: 24.840399026870728
total_reward: [-0.15910344207836458, -0.14884595554406954, -0.14601392415974201, -0.12811571794749121, -0.12405471617665831, -0.11827410738985789, -0.11225241602530911, -0.10619230303075211, -0.10160793132580981, -0.09834609693597618, -0.0954645482983496, -0.09221321255464043, -0.08702851317302773, -0.06871585219395926, -0.06241711629367952, -0.05838560932896275, -0.05047382274838541, -0.04290019578030879, -0.036983750640018576, -0.03641529989694803, -0.03641529989694803, -0.03641529989694803, -0.03641529989694803, -0.03641529989694803, -0.03641529989694803, -0.03641529989694803, -0.03641529989694803, -0.03641529989694803, -0.03641529989694803, -0.03641529989694803, -0.03641529989694803, -0.03641529989694803, -0.03641529989694803, -0.03641529989694803, -0.03641529989694803, -0.03641529989694803, -0.03641529989694803, -0.03641529989694803, -0.03641529989694803, -0.03641529989694803, -0.03641529989694803, -0.03641529989694803, -0.03641529989694803, -0.03641529989694803, -0.03641529989694803, -0.03641529989694803, -0.03641529989694803, -0.03641529989694803, -0.03641529989694803, -0.03641529989694803, -0.03641529989694803, -0.03641529989694803, -0.03641529989694803, -0.03641529989694803, -0.03641529989694803, -0.038907530165944504, -0.04142589482321801, -0.043951338300544984, -0.0462393040759721, -0.04984407125071577, -0.05330292398762371, -0.058368764295094966, -0.060108435922581194, -0.0644595358001323, -0.06719003499035647, -0.06955186284928239, -0.06350632449634008, -0.06407084388975837, -0.0642591896953888, -0.0643557353731794, -0.06398490267077839, -0.06413703567854756, -0.06392807682567314, -0.05914063590131069, -0.058698669609076104, -0.057615461743093066, -0.05881934128031596, -0.0582945137198001, -0.0544018140319944, -0.05396174555409883, -0.052039152892576546, -0.05042440130682824, -0.04936278286396578, -0.04920054095055648, -0.0488484417495636, -0.05191941509039122, -0.054004549093954024, -0.051993613183775045, -0.049594094203192496, -0.04795001840147739, -0.046337414767104956, -0.045078531475690076, -0.04406889477208953, -0.042275932462561894, -0.040822736535019555, -0.03938824538218433, -0.04077093720012659, -0.03641529989694803, -0.03641529989694803, -0.03641529989694803, -0.03641529989694803]
done grad
iter:  101
tot_time: 24.400572299957275
total_reward: [-0.15910344207836458, -0.14884595554406954, -0.14601392415974201, -0.12811571794749121, -0.12405471617665831, -0.11827410738985789, -0.11225241602530911, -0.10619230303075211, -0.10160793132580981, -0.09834609693597618, -0.0954645482983496, -0.09221321255464043, -0.08702851317302773, -0.06871585219395926, -0.06241711629367952, -0.05838560932896275, -0.05047382274838541, -0.04290019578030879, -0.036983750640018576, -0.03641529989694803, -0.03641529989694803, -0.03641529989694803, -0.03641529989694803, -0.03641529989694803, -0.03641529989694803, -0.03641529989694803, -0.03641529989694803, -0.03641529989694803, -0.03641529989694803, -0.03641529989694803, -0.03641529989694803, -0.03641529989694803, -0.03641529989694803, -0.03641529989694803, -0.03641529989694803, -0.03641529989694803, -0.03641529989694803, -0.03641529989694803, -0.03641529989694803, -0.03641529989694803, -0.03641529989694803, -0.03641529989694803, -0.03641529989694803, -0.03641529989694803, -0.03641529989694803, -0.03641529989694803, -0.03641529989694803, -0.03641529989694803, -0.03641529989694803, -0.03641529989694803, -0.03641529989694803, -0.03641529989694803, -0.03641529989694803, -0.03641529989694803, -0.03641529989694803, -0.038907530165944504, -0.04142589482321801, -0.043951338300544984, -0.0462393040759721, -0.04984407125071577, -0.05330292398762371, -0.058368764295094966, -0.060108435922581194, -0.0644595358001323, -0.06719003499035647, -0.06955186284928239, -0.06350632449634008, -0.06407084388975837, -0.0642591896953888, -0.0643557353731794, -0.06398490267077839, -0.06413703567854756, -0.06392807682567314, -0.05914063590131069, -0.058698669609076104, -0.057615461743093066, -0.05881934128031596, -0.0582945137198001, -0.0544018140319944, -0.05396174555409883, -0.052039152892576546, -0.05042440130682824, -0.04936278286396578, -0.04920054095055648, -0.0488484417495636, -0.05191941509039122, -0.054004549093954024, -0.051993613183775045, -0.049594094203192496, -0.04795001840147739, -0.046337414767104956, -0.045078531475690076, -0.04406889477208953, -0.042275932462561894, -0.040822736535019555, -0.03938824538218433, -0.04077093720012659, -0.03641529989694803, -0.03641529989694803, -0.03641529989694803, -0.03641529989694803, -0.03641529989694803]
done grad
iter:  102
tot_time: 24.58838987350464
total_reward: [-0.15910344207836458, -0.14884595554406954, -0.14601392415974201, -0.12811571794749121, -0.12405471617665831, -0.11827410738985789, -0.11225241602530911, -0.10619230303075211, -0.10160793132580981, -0.09834609693597618, -0.0954645482983496, -0.09221321255464043, -0.08702851317302773, -0.06871585219395926, -0.06241711629367952, -0.05838560932896275, -0.05047382274838541, -0.04290019578030879, -0.036983750640018576, -0.03641529989694803, -0.03641529989694803, -0.03641529989694803, -0.03641529989694803, -0.03641529989694803, -0.03641529989694803, -0.03641529989694803, -0.03641529989694803, -0.03641529989694803, -0.03641529989694803, -0.03641529989694803, -0.03641529989694803, -0.03641529989694803, -0.03641529989694803, -0.03641529989694803, -0.03641529989694803, -0.03641529989694803, -0.03641529989694803, -0.03641529989694803, -0.03641529989694803, -0.03641529989694803, -0.03641529989694803, -0.03641529989694803, -0.03641529989694803, -0.03641529989694803, -0.03641529989694803, -0.03641529989694803, -0.03641529989694803, -0.03641529989694803, -0.03641529989694803, -0.03641529989694803, -0.03641529989694803, -0.03641529989694803, -0.03641529989694803, -0.03641529989694803, -0.03641529989694803, -0.038907530165944504, -0.04142589482321801, -0.043951338300544984, -0.0462393040759721, -0.04984407125071577, -0.05330292398762371, -0.058368764295094966, -0.060108435922581194, -0.0644595358001323, -0.06719003499035647, -0.06955186284928239, -0.06350632449634008, -0.06407084388975837, -0.0642591896953888, -0.0643557353731794, -0.06398490267077839, -0.06413703567854756, -0.06392807682567314, -0.05914063590131069, -0.058698669609076104, -0.057615461743093066, -0.05881934128031596, -0.0582945137198001, -0.0544018140319944, -0.05396174555409883, -0.052039152892576546, -0.05042440130682824, -0.04936278286396578, -0.04920054095055648, -0.0488484417495636, -0.05191941509039122, -0.054004549093954024, -0.051993613183775045, -0.049594094203192496, -0.04795001840147739, -0.046337414767104956, -0.045078531475690076, -0.04406889477208953, -0.042275932462561894, -0.040822736535019555, -0.03938824538218433, -0.04077093720012659, -0.03641529989694803, -0.03641529989694803, -0.03641529989694803, -0.03641529989694803, -0.03641529989694803, -0.03641529989694803]
done grad
iter:  103
tot_time: 24.478591442108154
total_reward: [-0.15910344207836458, -0.14884595554406954, -0.14601392415974201, -0.12811571794749121, -0.12405471617665831, -0.11827410738985789, -0.11225241602530911, -0.10619230303075211, -0.10160793132580981, -0.09834609693597618, -0.0954645482983496, -0.09221321255464043, -0.08702851317302773, -0.06871585219395926, -0.06241711629367952, -0.05838560932896275, -0.05047382274838541, -0.04290019578030879, -0.036983750640018576, -0.03641529989694803, -0.03641529989694803, -0.03641529989694803, -0.03641529989694803, -0.03641529989694803, -0.03641529989694803, -0.03641529989694803, -0.03641529989694803, -0.03641529989694803, -0.03641529989694803, -0.03641529989694803, -0.03641529989694803, -0.03641529989694803, -0.03641529989694803, -0.03641529989694803, -0.03641529989694803, -0.03641529989694803, -0.03641529989694803, -0.03641529989694803, -0.03641529989694803, -0.03641529989694803, -0.03641529989694803, -0.03641529989694803, -0.03641529989694803, -0.03641529989694803, -0.03641529989694803, -0.03641529989694803, -0.03641529989694803, -0.03641529989694803, -0.03641529989694803, -0.03641529989694803, -0.03641529989694803, -0.03641529989694803, -0.03641529989694803, -0.03641529989694803, -0.03641529989694803, -0.038907530165944504, -0.04142589482321801, -0.043951338300544984, -0.0462393040759721, -0.04984407125071577, -0.05330292398762371, -0.058368764295094966, -0.060108435922581194, -0.0644595358001323, -0.06719003499035647, -0.06955186284928239, -0.06350632449634008, -0.06407084388975837, -0.0642591896953888, -0.0643557353731794, -0.06398490267077839, -0.06413703567854756, -0.06392807682567314, -0.05914063590131069, -0.058698669609076104, -0.057615461743093066, -0.05881934128031596, -0.0582945137198001, -0.0544018140319944, -0.05396174555409883, -0.052039152892576546, -0.05042440130682824, -0.04936278286396578, -0.04920054095055648, -0.0488484417495636, -0.05191941509039122, -0.054004549093954024, -0.051993613183775045, -0.049594094203192496, -0.04795001840147739, -0.046337414767104956, -0.045078531475690076, -0.04406889477208953, -0.042275932462561894, -0.040822736535019555, -0.03938824538218433, -0.04077093720012659, -0.03641529989694803, -0.03641529989694803, -0.03641529989694803, -0.03641529989694803, -0.03641529989694803, -0.03641529989694803, -0.03641529989694803]
done grad
iter:  104
tot_time: 24.73717713356018
total_reward: [-0.15910344207836458, -0.14884595554406954, -0.14601392415974201, -0.12811571794749121, -0.12405471617665831, -0.11827410738985789, -0.11225241602530911, -0.10619230303075211, -0.10160793132580981, -0.09834609693597618, -0.0954645482983496, -0.09221321255464043, -0.08702851317302773, -0.06871585219395926, -0.06241711629367952, -0.05838560932896275, -0.05047382274838541, -0.04290019578030879, -0.036983750640018576, -0.03641529989694803, -0.03641529989694803, -0.03641529989694803, -0.03641529989694803, -0.03641529989694803, -0.03641529989694803, -0.03641529989694803, -0.03641529989694803, -0.03641529989694803, -0.03641529989694803, -0.03641529989694803, -0.03641529989694803, -0.03641529989694803, -0.03641529989694803, -0.03641529989694803, -0.03641529989694803, -0.03641529989694803, -0.03641529989694803, -0.03641529989694803, -0.03641529989694803, -0.03641529989694803, -0.03641529989694803, -0.03641529989694803, -0.03641529989694803, -0.03641529989694803, -0.03641529989694803, -0.03641529989694803, -0.03641529989694803, -0.03641529989694803, -0.03641529989694803, -0.03641529989694803, -0.03641529989694803, -0.03641529989694803, -0.03641529989694803, -0.03641529989694803, -0.03641529989694803, -0.038907530165944504, -0.04142589482321801, -0.043951338300544984, -0.0462393040759721, -0.04984407125071577, -0.05330292398762371, -0.058368764295094966, -0.060108435922581194, -0.0644595358001323, -0.06719003499035647, -0.06955186284928239, -0.06350632449634008, -0.06407084388975837, -0.0642591896953888, -0.0643557353731794, -0.06398490267077839, -0.06413703567854756, -0.06392807682567314, -0.05914063590131069, -0.058698669609076104, -0.057615461743093066, -0.05881934128031596, -0.0582945137198001, -0.0544018140319944, -0.05396174555409883, -0.052039152892576546, -0.05042440130682824, -0.04936278286396578, -0.04920054095055648, -0.0488484417495636, -0.05191941509039122, -0.054004549093954024, -0.051993613183775045, -0.049594094203192496, -0.04795001840147739, -0.046337414767104956, -0.045078531475690076, -0.04406889477208953, -0.042275932462561894, -0.040822736535019555, -0.03938824538218433, -0.04077093720012659, -0.03641529989694803, -0.03641529989694803, -0.03641529989694803, -0.03641529989694803, -0.03641529989694803, -0.03641529989694803, -0.03641529989694803, -0.03641529989694803]
done grad
iter:  105
tot_time: 24.523227214813232
total_reward: [-0.15910344207836458, -0.14884595554406954, -0.14601392415974201, -0.12811571794749121, -0.12405471617665831, -0.11827410738985789, -0.11225241602530911, -0.10619230303075211, -0.10160793132580981, -0.09834609693597618, -0.0954645482983496, -0.09221321255464043, -0.08702851317302773, -0.06871585219395926, -0.06241711629367952, -0.05838560932896275, -0.05047382274838541, -0.04290019578030879, -0.036983750640018576, -0.03641529989694803, -0.03641529989694803, -0.03641529989694803, -0.03641529989694803, -0.03641529989694803, -0.03641529989694803, -0.03641529989694803, -0.03641529989694803, -0.03641529989694803, -0.03641529989694803, -0.03641529989694803, -0.03641529989694803, -0.03641529989694803, -0.03641529989694803, -0.03641529989694803, -0.03641529989694803, -0.03641529989694803, -0.03641529989694803, -0.03641529989694803, -0.03641529989694803, -0.03641529989694803, -0.03641529989694803, -0.03641529989694803, -0.03641529989694803, -0.03641529989694803, -0.03641529989694803, -0.03641529989694803, -0.03641529989694803, -0.03641529989694803, -0.03641529989694803, -0.03641529989694803, -0.03641529989694803, -0.03641529989694803, -0.03641529989694803, -0.03641529989694803, -0.03641529989694803, -0.038907530165944504, -0.04142589482321801, -0.043951338300544984, -0.0462393040759721, -0.04984407125071577, -0.05330292398762371, -0.058368764295094966, -0.060108435922581194, -0.0644595358001323, -0.06719003499035647, -0.06955186284928239, -0.06350632449634008, -0.06407084388975837, -0.0642591896953888, -0.0643557353731794, -0.06398490267077839, -0.06413703567854756, -0.06392807682567314, -0.05914063590131069, -0.058698669609076104, -0.057615461743093066, -0.05881934128031596, -0.0582945137198001, -0.0544018140319944, -0.05396174555409883, -0.052039152892576546, -0.05042440130682824, -0.04936278286396578, -0.04920054095055648, -0.0488484417495636, -0.05191941509039122, -0.054004549093954024, -0.051993613183775045, -0.049594094203192496, -0.04795001840147739, -0.046337414767104956, -0.045078531475690076, -0.04406889477208953, -0.042275932462561894, -0.040822736535019555, -0.03938824538218433, -0.04077093720012659, -0.03641529989694803, -0.03641529989694803, -0.03641529989694803, -0.03641529989694803, -0.03641529989694803, -0.03641529989694803, -0.03641529989694803, -0.03641529989694803, -0.03641529989694803]
done grad
iter:  106
tot_time: 24.473683834075928
total_reward: [-0.15910344207836458, -0.14884595554406954, -0.14601392415974201, -0.12811571794749121, -0.12405471617665831, -0.11827410738985789, -0.11225241602530911, -0.10619230303075211, -0.10160793132580981, -0.09834609693597618, -0.0954645482983496, -0.09221321255464043, -0.08702851317302773, -0.06871585219395926, -0.06241711629367952, -0.05838560932896275, -0.05047382274838541, -0.04290019578030879, -0.036983750640018576, -0.03641529989694803, -0.03641529989694803, -0.03641529989694803, -0.03641529989694803, -0.03641529989694803, -0.03641529989694803, -0.03641529989694803, -0.03641529989694803, -0.03641529989694803, -0.03641529989694803, -0.03641529989694803, -0.03641529989694803, -0.03641529989694803, -0.03641529989694803, -0.03641529989694803, -0.03641529989694803, -0.03641529989694803, -0.03641529989694803, -0.03641529989694803, -0.03641529989694803, -0.03641529989694803, -0.03641529989694803, -0.03641529989694803, -0.03641529989694803, -0.03641529989694803, -0.03641529989694803, -0.03641529989694803, -0.03641529989694803, -0.03641529989694803, -0.03641529989694803, -0.03641529989694803, -0.03641529989694803, -0.03641529989694803, -0.03641529989694803, -0.03641529989694803, -0.03641529989694803, -0.038907530165944504, -0.04142589482321801, -0.043951338300544984, -0.0462393040759721, -0.04984407125071577, -0.05330292398762371, -0.058368764295094966, -0.060108435922581194, -0.0644595358001323, -0.06719003499035647, -0.06955186284928239, -0.06350632449634008, -0.06407084388975837, -0.0642591896953888, -0.0643557353731794, -0.06398490267077839, -0.06413703567854756, -0.06392807682567314, -0.05914063590131069, -0.058698669609076104, -0.057615461743093066, -0.05881934128031596, -0.0582945137198001, -0.0544018140319944, -0.05396174555409883, -0.052039152892576546, -0.05042440130682824, -0.04936278286396578, -0.04920054095055648, -0.0488484417495636, -0.05191941509039122, -0.054004549093954024, -0.051993613183775045, -0.049594094203192496, -0.04795001840147739, -0.046337414767104956, -0.045078531475690076, -0.04406889477208953, -0.042275932462561894, -0.040822736535019555, -0.03938824538218433, -0.04077093720012659, -0.03641529989694803, -0.03641529989694803, -0.03641529989694803, -0.03641529989694803, -0.03641529989694803, -0.03641529989694803, -0.03641529989694803, -0.03641529989694803, -0.03641529989694803, -0.03641529989694803]
done grad
iter:  107
tot_time: 24.714059591293335
total_reward: [-0.15910344207836458, -0.14884595554406954, -0.14601392415974201, -0.12811571794749121, -0.12405471617665831, -0.11827410738985789, -0.11225241602530911, -0.10619230303075211, -0.10160793132580981, -0.09834609693597618, -0.0954645482983496, -0.09221321255464043, -0.08702851317302773, -0.06871585219395926, -0.06241711629367952, -0.05838560932896275, -0.05047382274838541, -0.04290019578030879, -0.036983750640018576, -0.03641529989694803, -0.03641529989694803, -0.03641529989694803, -0.03641529989694803, -0.03641529989694803, -0.03641529989694803, -0.03641529989694803, -0.03641529989694803, -0.03641529989694803, -0.03641529989694803, -0.03641529989694803, -0.03641529989694803, -0.03641529989694803, -0.03641529989694803, -0.03641529989694803, -0.03641529989694803, -0.03641529989694803, -0.03641529989694803, -0.03641529989694803, -0.03641529989694803, -0.03641529989694803, -0.03641529989694803, -0.03641529989694803, -0.03641529989694803, -0.03641529989694803, -0.03641529989694803, -0.03641529989694803, -0.03641529989694803, -0.03641529989694803, -0.03641529989694803, -0.03641529989694803, -0.03641529989694803, -0.03641529989694803, -0.03641529989694803, -0.03641529989694803, -0.03641529989694803, -0.038907530165944504, -0.04142589482321801, -0.043951338300544984, -0.0462393040759721, -0.04984407125071577, -0.05330292398762371, -0.058368764295094966, -0.060108435922581194, -0.0644595358001323, -0.06719003499035647, -0.06955186284928239, -0.06350632449634008, -0.06407084388975837, -0.0642591896953888, -0.0643557353731794, -0.06398490267077839, -0.06413703567854756, -0.06392807682567314, -0.05914063590131069, -0.058698669609076104, -0.057615461743093066, -0.05881934128031596, -0.0582945137198001, -0.0544018140319944, -0.05396174555409883, -0.052039152892576546, -0.05042440130682824, -0.04936278286396578, -0.04920054095055648, -0.0488484417495636, -0.05191941509039122, -0.054004549093954024, -0.051993613183775045, -0.049594094203192496, -0.04795001840147739, -0.046337414767104956, -0.045078531475690076, -0.04406889477208953, -0.042275932462561894, -0.040822736535019555, -0.03938824538218433, -0.04077093720012659, -0.03641529989694803, -0.03641529989694803, -0.03641529989694803, -0.03641529989694803, -0.03641529989694803, -0.03641529989694803, -0.03641529989694803, -0.03641529989694803, -0.03641529989694803, -0.03641529989694803, -0.03641529989694803]
done grad
iter:  108
tot_time: 24.762453317642212
total_reward: [-0.15910344207836458, -0.14884595554406954, -0.14601392415974201, -0.12811571794749121, -0.12405471617665831, -0.11827410738985789, -0.11225241602530911, -0.10619230303075211, -0.10160793132580981, -0.09834609693597618, -0.0954645482983496, -0.09221321255464043, -0.08702851317302773, -0.06871585219395926, -0.06241711629367952, -0.05838560932896275, -0.05047382274838541, -0.04290019578030879, -0.036983750640018576, -0.03641529989694803, -0.03641529989694803, -0.03641529989694803, -0.03641529989694803, -0.03641529989694803, -0.03641529989694803, -0.03641529989694803, -0.03641529989694803, -0.03641529989694803, -0.03641529989694803, -0.03641529989694803, -0.03641529989694803, -0.03641529989694803, -0.03641529989694803, -0.03641529989694803, -0.03641529989694803, -0.03641529989694803, -0.03641529989694803, -0.03641529989694803, -0.03641529989694803, -0.03641529989694803, -0.03641529989694803, -0.03641529989694803, -0.03641529989694803, -0.03641529989694803, -0.03641529989694803, -0.03641529989694803, -0.03641529989694803, -0.03641529989694803, -0.03641529989694803, -0.03641529989694803, -0.03641529989694803, -0.03641529989694803, -0.03641529989694803, -0.03641529989694803, -0.03641529989694803, -0.038907530165944504, -0.04142589482321801, -0.043951338300544984, -0.0462393040759721, -0.04984407125071577, -0.05330292398762371, -0.058368764295094966, -0.060108435922581194, -0.0644595358001323, -0.06719003499035647, -0.06955186284928239, -0.06350632449634008, -0.06407084388975837, -0.0642591896953888, -0.0643557353731794, -0.06398490267077839, -0.06413703567854756, -0.06392807682567314, -0.05914063590131069, -0.058698669609076104, -0.057615461743093066, -0.05881934128031596, -0.0582945137198001, -0.0544018140319944, -0.05396174555409883, -0.052039152892576546, -0.05042440130682824, -0.04936278286396578, -0.04920054095055648, -0.0488484417495636, -0.05191941509039122, -0.054004549093954024, -0.051993613183775045, -0.049594094203192496, -0.04795001840147739, -0.046337414767104956, -0.045078531475690076, -0.04406889477208953, -0.042275932462561894, -0.040822736535019555, -0.03938824538218433, -0.04077093720012659, -0.03641529989694803, -0.03641529989694803, -0.03641529989694803, -0.03641529989694803, -0.03641529989694803, -0.03641529989694803, -0.03641529989694803, -0.03641529989694803, -0.03641529989694803, -0.03641529989694803, -0.03641529989694803, -0.03641529989694803]
done grad
iter:  109
tot_time: 24.628259897232056
total_reward: [-0.15910344207836458, -0.14884595554406954, -0.14601392415974201, -0.12811571794749121, -0.12405471617665831, -0.11827410738985789, -0.11225241602530911, -0.10619230303075211, -0.10160793132580981, -0.09834609693597618, -0.0954645482983496, -0.09221321255464043, -0.08702851317302773, -0.06871585219395926, -0.06241711629367952, -0.05838560932896275, -0.05047382274838541, -0.04290019578030879, -0.036983750640018576, -0.03641529989694803, -0.03641529989694803, -0.03641529989694803, -0.03641529989694803, -0.03641529989694803, -0.03641529989694803, -0.03641529989694803, -0.03641529989694803, -0.03641529989694803, -0.03641529989694803, -0.03641529989694803, -0.03641529989694803, -0.03641529989694803, -0.03641529989694803, -0.03641529989694803, -0.03641529989694803, -0.03641529989694803, -0.03641529989694803, -0.03641529989694803, -0.03641529989694803, -0.03641529989694803, -0.03641529989694803, -0.03641529989694803, -0.03641529989694803, -0.03641529989694803, -0.03641529989694803, -0.03641529989694803, -0.03641529989694803, -0.03641529989694803, -0.03641529989694803, -0.03641529989694803, -0.03641529989694803, -0.03641529989694803, -0.03641529989694803, -0.03641529989694803, -0.03641529989694803, -0.038907530165944504, -0.04142589482321801, -0.043951338300544984, -0.0462393040759721, -0.04984407125071577, -0.05330292398762371, -0.058368764295094966, -0.060108435922581194, -0.0644595358001323, -0.06719003499035647, -0.06955186284928239, -0.06350632449634008, -0.06407084388975837, -0.0642591896953888, -0.0643557353731794, -0.06398490267077839, -0.06413703567854756, -0.06392807682567314, -0.05914063590131069, -0.058698669609076104, -0.057615461743093066, -0.05881934128031596, -0.0582945137198001, -0.0544018140319944, -0.05396174555409883, -0.052039152892576546, -0.05042440130682824, -0.04936278286396578, -0.04920054095055648, -0.0488484417495636, -0.05191941509039122, -0.054004549093954024, -0.051993613183775045, -0.049594094203192496, -0.04795001840147739, -0.046337414767104956, -0.045078531475690076, -0.04406889477208953, -0.042275932462561894, -0.040822736535019555, -0.03938824538218433, -0.04077093720012659, -0.03641529989694803, -0.03641529989694803, -0.03641529989694803, -0.03641529989694803, -0.03641529989694803, -0.03641529989694803, -0.03641529989694803, -0.03641529989694803, -0.03641529989694803, -0.03641529989694803, -0.03641529989694803, -0.03641529989694803, -0.03641529989694803]
done grad
iter:  110
tot_time: 24.54417896270752
total_reward: [-0.15910344207836458, -0.14884595554406954, -0.14601392415974201, -0.12811571794749121, -0.12405471617665831, -0.11827410738985789, -0.11225241602530911, -0.10619230303075211, -0.10160793132580981, -0.09834609693597618, -0.0954645482983496, -0.09221321255464043, -0.08702851317302773, -0.06871585219395926, -0.06241711629367952, -0.05838560932896275, -0.05047382274838541, -0.04290019578030879, -0.036983750640018576, -0.03641529989694803, -0.03641529989694803, -0.03641529989694803, -0.03641529989694803, -0.03641529989694803, -0.03641529989694803, -0.03641529989694803, -0.03641529989694803, -0.03641529989694803, -0.03641529989694803, -0.03641529989694803, -0.03641529989694803, -0.03641529989694803, -0.03641529989694803, -0.03641529989694803, -0.03641529989694803, -0.03641529989694803, -0.03641529989694803, -0.03641529989694803, -0.03641529989694803, -0.03641529989694803, -0.03641529989694803, -0.03641529989694803, -0.03641529989694803, -0.03641529989694803, -0.03641529989694803, -0.03641529989694803, -0.03641529989694803, -0.03641529989694803, -0.03641529989694803, -0.03641529989694803, -0.03641529989694803, -0.03641529989694803, -0.03641529989694803, -0.03641529989694803, -0.03641529989694803, -0.038907530165944504, -0.04142589482321801, -0.043951338300544984, -0.0462393040759721, -0.04984407125071577, -0.05330292398762371, -0.058368764295094966, -0.060108435922581194, -0.0644595358001323, -0.06719003499035647, -0.06955186284928239, -0.06350632449634008, -0.06407084388975837, -0.0642591896953888, -0.0643557353731794, -0.06398490267077839, -0.06413703567854756, -0.06392807682567314, -0.05914063590131069, -0.058698669609076104, -0.057615461743093066, -0.05881934128031596, -0.0582945137198001, -0.0544018140319944, -0.05396174555409883, -0.052039152892576546, -0.05042440130682824, -0.04936278286396578, -0.04920054095055648, -0.0488484417495636, -0.05191941509039122, -0.054004549093954024, -0.051993613183775045, -0.049594094203192496, -0.04795001840147739, -0.046337414767104956, -0.045078531475690076, -0.04406889477208953, -0.042275932462561894, -0.040822736535019555, -0.03938824538218433, -0.04077093720012659, -0.03641529989694803, -0.03641529989694803, -0.03641529989694803, -0.03641529989694803, -0.03641529989694803, -0.03641529989694803, -0.03641529989694803, -0.03641529989694803, -0.03641529989694803, -0.03641529989694803, -0.03641529989694803, -0.03641529989694803, -0.03641529989694803, -0.03641529989694803]
done grad
iter:  111
tot_time: 24.47934651374817
total_reward: [-0.15910344207836458, -0.14884595554406954, -0.14601392415974201, -0.12811571794749121, -0.12405471617665831, -0.11827410738985789, -0.11225241602530911, -0.10619230303075211, -0.10160793132580981, -0.09834609693597618, -0.0954645482983496, -0.09221321255464043, -0.08702851317302773, -0.06871585219395926, -0.06241711629367952, -0.05838560932896275, -0.05047382274838541, -0.04290019578030879, -0.036983750640018576, -0.03641529989694803, -0.03641529989694803, -0.03641529989694803, -0.03641529989694803, -0.03641529989694803, -0.03641529989694803, -0.03641529989694803, -0.03641529989694803, -0.03641529989694803, -0.03641529989694803, -0.03641529989694803, -0.03641529989694803, -0.03641529989694803, -0.03641529989694803, -0.03641529989694803, -0.03641529989694803, -0.03641529989694803, -0.03641529989694803, -0.03641529989694803, -0.03641529989694803, -0.03641529989694803, -0.03641529989694803, -0.03641529989694803, -0.03641529989694803, -0.03641529989694803, -0.03641529989694803, -0.03641529989694803, -0.03641529989694803, -0.03641529989694803, -0.03641529989694803, -0.03641529989694803, -0.03641529989694803, -0.03641529989694803, -0.03641529989694803, -0.03641529989694803, -0.03641529989694803, -0.038907530165944504, -0.04142589482321801, -0.043951338300544984, -0.0462393040759721, -0.04984407125071577, -0.05330292398762371, -0.058368764295094966, -0.060108435922581194, -0.0644595358001323, -0.06719003499035647, -0.06955186284928239, -0.06350632449634008, -0.06407084388975837, -0.0642591896953888, -0.0643557353731794, -0.06398490267077839, -0.06413703567854756, -0.06392807682567314, -0.05914063590131069, -0.058698669609076104, -0.057615461743093066, -0.05881934128031596, -0.0582945137198001, -0.0544018140319944, -0.05396174555409883, -0.052039152892576546, -0.05042440130682824, -0.04936278286396578, -0.04920054095055648, -0.0488484417495636, -0.05191941509039122, -0.054004549093954024, -0.051993613183775045, -0.049594094203192496, -0.04795001840147739, -0.046337414767104956, -0.045078531475690076, -0.04406889477208953, -0.042275932462561894, -0.040822736535019555, -0.03938824538218433, -0.04077093720012659, -0.03641529989694803, -0.03641529989694803, -0.03641529989694803, -0.03641529989694803, -0.03641529989694803, -0.03641529989694803, -0.03641529989694803, -0.03641529989694803, -0.03641529989694803, -0.03641529989694803, -0.03641529989694803, -0.03641529989694803, -0.03641529989694803, -0.03641529989694803, -0.03647959895520825]
done grad
iter:  112
tot_time: 24.43424105644226
total_reward: [-0.15910344207836458, -0.14884595554406954, -0.14601392415974201, -0.12811571794749121, -0.12405471617665831, -0.11827410738985789, -0.11225241602530911, -0.10619230303075211, -0.10160793132580981, -0.09834609693597618, -0.0954645482983496, -0.09221321255464043, -0.08702851317302773, -0.06871585219395926, -0.06241711629367952, -0.05838560932896275, -0.05047382274838541, -0.04290019578030879, -0.036983750640018576, -0.03641529989694803, -0.03641529989694803, -0.03641529989694803, -0.03641529989694803, -0.03641529989694803, -0.03641529989694803, -0.03641529989694803, -0.03641529989694803, -0.03641529989694803, -0.03641529989694803, -0.03641529989694803, -0.03641529989694803, -0.03641529989694803, -0.03641529989694803, -0.03641529989694803, -0.03641529989694803, -0.03641529989694803, -0.03641529989694803, -0.03641529989694803, -0.03641529989694803, -0.03641529989694803, -0.03641529989694803, -0.03641529989694803, -0.03641529989694803, -0.03641529989694803, -0.03641529989694803, -0.03641529989694803, -0.03641529989694803, -0.03641529989694803, -0.03641529989694803, -0.03641529989694803, -0.03641529989694803, -0.03641529989694803, -0.03641529989694803, -0.03641529989694803, -0.03641529989694803, -0.038907530165944504, -0.04142589482321801, -0.043951338300544984, -0.0462393040759721, -0.04984407125071577, -0.05330292398762371, -0.058368764295094966, -0.060108435922581194, -0.0644595358001323, -0.06719003499035647, -0.06955186284928239, -0.06350632449634008, -0.06407084388975837, -0.0642591896953888, -0.0643557353731794, -0.06398490267077839, -0.06413703567854756, -0.06392807682567314, -0.05914063590131069, -0.058698669609076104, -0.057615461743093066, -0.05881934128031596, -0.0582945137198001, -0.0544018140319944, -0.05396174555409883, -0.052039152892576546, -0.05042440130682824, -0.04936278286396578, -0.04920054095055648, -0.0488484417495636, -0.05191941509039122, -0.054004549093954024, -0.051993613183775045, -0.049594094203192496, -0.04795001840147739, -0.046337414767104956, -0.045078531475690076, -0.04406889477208953, -0.042275932462561894, -0.040822736535019555, -0.03938824538218433, -0.04077093720012659, -0.03641529989694803, -0.03641529989694803, -0.03641529989694803, -0.03641529989694803, -0.03641529989694803, -0.03641529989694803, -0.03641529989694803, -0.03641529989694803, -0.03641529989694803, -0.03641529989694803, -0.03641529989694803, -0.03641529989694803, -0.03641529989694803, -0.03641529989694803, -0.03647959895520825, -0.036658508236669274]
done grad
iter:  113
tot_time: 24.70172095298767
total_reward: [-0.15910344207836458, -0.14884595554406954, -0.14601392415974201, -0.12811571794749121, -0.12405471617665831, -0.11827410738985789, -0.11225241602530911, -0.10619230303075211, -0.10160793132580981, -0.09834609693597618, -0.0954645482983496, -0.09221321255464043, -0.08702851317302773, -0.06871585219395926, -0.06241711629367952, -0.05838560932896275, -0.05047382274838541, -0.04290019578030879, -0.036983750640018576, -0.03641529989694803, -0.03641529989694803, -0.03641529989694803, -0.03641529989694803, -0.03641529989694803, -0.03641529989694803, -0.03641529989694803, -0.03641529989694803, -0.03641529989694803, -0.03641529989694803, -0.03641529989694803, -0.03641529989694803, -0.03641529989694803, -0.03641529989694803, -0.03641529989694803, -0.03641529989694803, -0.03641529989694803, -0.03641529989694803, -0.03641529989694803, -0.03641529989694803, -0.03641529989694803, -0.03641529989694803, -0.03641529989694803, -0.03641529989694803, -0.03641529989694803, -0.03641529989694803, -0.03641529989694803, -0.03641529989694803, -0.03641529989694803, -0.03641529989694803, -0.03641529989694803, -0.03641529989694803, -0.03641529989694803, -0.03641529989694803, -0.03641529989694803, -0.03641529989694803, -0.038907530165944504, -0.04142589482321801, -0.043951338300544984, -0.0462393040759721, -0.04984407125071577, -0.05330292398762371, -0.058368764295094966, -0.060108435922581194, -0.0644595358001323, -0.06719003499035647, -0.06955186284928239, -0.06350632449634008, -0.06407084388975837, -0.0642591896953888, -0.0643557353731794, -0.06398490267077839, -0.06413703567854756, -0.06392807682567314, -0.05914063590131069, -0.058698669609076104, -0.057615461743093066, -0.05881934128031596, -0.0582945137198001, -0.0544018140319944, -0.05396174555409883, -0.052039152892576546, -0.05042440130682824, -0.04936278286396578, -0.04920054095055648, -0.0488484417495636, -0.05191941509039122, -0.054004549093954024, -0.051993613183775045, -0.049594094203192496, -0.04795001840147739, -0.046337414767104956, -0.045078531475690076, -0.04406889477208953, -0.042275932462561894, -0.040822736535019555, -0.03938824538218433, -0.04077093720012659, -0.03641529989694803, -0.03641529989694803, -0.03641529989694803, -0.03641529989694803, -0.03641529989694803, -0.03641529989694803, -0.03641529989694803, -0.03641529989694803, -0.03641529989694803, -0.03641529989694803, -0.03641529989694803, -0.03641529989694803, -0.03641529989694803, -0.03641529989694803, -0.03647959895520825, -0.036658508236669274, -0.03661515253123748]
done grad
iter:  114
tot_time: 24.797998666763306
total_reward: [-0.15910344207836458, -0.14884595554406954, -0.14601392415974201, -0.12811571794749121, -0.12405471617665831, -0.11827410738985789, -0.11225241602530911, -0.10619230303075211, -0.10160793132580981, -0.09834609693597618, -0.0954645482983496, -0.09221321255464043, -0.08702851317302773, -0.06871585219395926, -0.06241711629367952, -0.05838560932896275, -0.05047382274838541, -0.04290019578030879, -0.036983750640018576, -0.03641529989694803, -0.03641529989694803, -0.03641529989694803, -0.03641529989694803, -0.03641529989694803, -0.03641529989694803, -0.03641529989694803, -0.03641529989694803, -0.03641529989694803, -0.03641529989694803, -0.03641529989694803, -0.03641529989694803, -0.03641529989694803, -0.03641529989694803, -0.03641529989694803, -0.03641529989694803, -0.03641529989694803, -0.03641529989694803, -0.03641529989694803, -0.03641529989694803, -0.03641529989694803, -0.03641529989694803, -0.03641529989694803, -0.03641529989694803, -0.03641529989694803, -0.03641529989694803, -0.03641529989694803, -0.03641529989694803, -0.03641529989694803, -0.03641529989694803, -0.03641529989694803, -0.03641529989694803, -0.03641529989694803, -0.03641529989694803, -0.03641529989694803, -0.03641529989694803, -0.038907530165944504, -0.04142589482321801, -0.043951338300544984, -0.0462393040759721, -0.04984407125071577, -0.05330292398762371, -0.058368764295094966, -0.060108435922581194, -0.0644595358001323, -0.06719003499035647, -0.06955186284928239, -0.06350632449634008, -0.06407084388975837, -0.0642591896953888, -0.0643557353731794, -0.06398490267077839, -0.06413703567854756, -0.06392807682567314, -0.05914063590131069, -0.058698669609076104, -0.057615461743093066, -0.05881934128031596, -0.0582945137198001, -0.0544018140319944, -0.05396174555409883, -0.052039152892576546, -0.05042440130682824, -0.04936278286396578, -0.04920054095055648, -0.0488484417495636, -0.05191941509039122, -0.054004549093954024, -0.051993613183775045, -0.049594094203192496, -0.04795001840147739, -0.046337414767104956, -0.045078531475690076, -0.04406889477208953, -0.042275932462561894, -0.040822736535019555, -0.03938824538218433, -0.04077093720012659, -0.03641529989694803, -0.03641529989694803, -0.03641529989694803, -0.03641529989694803, -0.03641529989694803, -0.03641529989694803, -0.03641529989694803, -0.03641529989694803, -0.03641529989694803, -0.03641529989694803, -0.03641529989694803, -0.03641529989694803, -0.03641529989694803, -0.03641529989694803, -0.03647959895520825, -0.036658508236669274, -0.03661515253123748, -0.03641529989694803]
done grad
iter:  115
tot_time: 25.04589056968689
total_reward: [-0.15910344207836458, -0.14884595554406954, -0.14601392415974201, -0.12811571794749121, -0.12405471617665831, -0.11827410738985789, -0.11225241602530911, -0.10619230303075211, -0.10160793132580981, -0.09834609693597618, -0.0954645482983496, -0.09221321255464043, -0.08702851317302773, -0.06871585219395926, -0.06241711629367952, -0.05838560932896275, -0.05047382274838541, -0.04290019578030879, -0.036983750640018576, -0.03641529989694803, -0.03641529989694803, -0.03641529989694803, -0.03641529989694803, -0.03641529989694803, -0.03641529989694803, -0.03641529989694803, -0.03641529989694803, -0.03641529989694803, -0.03641529989694803, -0.03641529989694803, -0.03641529989694803, -0.03641529989694803, -0.03641529989694803, -0.03641529989694803, -0.03641529989694803, -0.03641529989694803, -0.03641529989694803, -0.03641529989694803, -0.03641529989694803, -0.03641529989694803, -0.03641529989694803, -0.03641529989694803, -0.03641529989694803, -0.03641529989694803, -0.03641529989694803, -0.03641529989694803, -0.03641529989694803, -0.03641529989694803, -0.03641529989694803, -0.03641529989694803, -0.03641529989694803, -0.03641529989694803, -0.03641529989694803, -0.03641529989694803, -0.03641529989694803, -0.038907530165944504, -0.04142589482321801, -0.043951338300544984, -0.0462393040759721, -0.04984407125071577, -0.05330292398762371, -0.058368764295094966, -0.060108435922581194, -0.0644595358001323, -0.06719003499035647, -0.06955186284928239, -0.06350632449634008, -0.06407084388975837, -0.0642591896953888, -0.0643557353731794, -0.06398490267077839, -0.06413703567854756, -0.06392807682567314, -0.05914063590131069, -0.058698669609076104, -0.057615461743093066, -0.05881934128031596, -0.0582945137198001, -0.0544018140319944, -0.05396174555409883, -0.052039152892576546, -0.05042440130682824, -0.04936278286396578, -0.04920054095055648, -0.0488484417495636, -0.05191941509039122, -0.054004549093954024, -0.051993613183775045, -0.049594094203192496, -0.04795001840147739, -0.046337414767104956, -0.045078531475690076, -0.04406889477208953, -0.042275932462561894, -0.040822736535019555, -0.03938824538218433, -0.04077093720012659, -0.03641529989694803, -0.03641529989694803, -0.03641529989694803, -0.03641529989694803, -0.03641529989694803, -0.03641529989694803, -0.03641529989694803, -0.03641529989694803, -0.03641529989694803, -0.03641529989694803, -0.03641529989694803, -0.03641529989694803, -0.03641529989694803, -0.03641529989694803, -0.03647959895520825, -0.036658508236669274, -0.03661515253123748, -0.03641529989694803, -0.03641529989694803]
done grad
iter:  116
tot_time: 24.93809700012207
total_reward: [-0.15910344207836458, -0.14884595554406954, -0.14601392415974201, -0.12811571794749121, -0.12405471617665831, -0.11827410738985789, -0.11225241602530911, -0.10619230303075211, -0.10160793132580981, -0.09834609693597618, -0.0954645482983496, -0.09221321255464043, -0.08702851317302773, -0.06871585219395926, -0.06241711629367952, -0.05838560932896275, -0.05047382274838541, -0.04290019578030879, -0.036983750640018576, -0.03641529989694803, -0.03641529989694803, -0.03641529989694803, -0.03641529989694803, -0.03641529989694803, -0.03641529989694803, -0.03641529989694803, -0.03641529989694803, -0.03641529989694803, -0.03641529989694803, -0.03641529989694803, -0.03641529989694803, -0.03641529989694803, -0.03641529989694803, -0.03641529989694803, -0.03641529989694803, -0.03641529989694803, -0.03641529989694803, -0.03641529989694803, -0.03641529989694803, -0.03641529989694803, -0.03641529989694803, -0.03641529989694803, -0.03641529989694803, -0.03641529989694803, -0.03641529989694803, -0.03641529989694803, -0.03641529989694803, -0.03641529989694803, -0.03641529989694803, -0.03641529989694803, -0.03641529989694803, -0.03641529989694803, -0.03641529989694803, -0.03641529989694803, -0.03641529989694803, -0.038907530165944504, -0.04142589482321801, -0.043951338300544984, -0.0462393040759721, -0.04984407125071577, -0.05330292398762371, -0.058368764295094966, -0.060108435922581194, -0.0644595358001323, -0.06719003499035647, -0.06955186284928239, -0.06350632449634008, -0.06407084388975837, -0.0642591896953888, -0.0643557353731794, -0.06398490267077839, -0.06413703567854756, -0.06392807682567314, -0.05914063590131069, -0.058698669609076104, -0.057615461743093066, -0.05881934128031596, -0.0582945137198001, -0.0544018140319944, -0.05396174555409883, -0.052039152892576546, -0.05042440130682824, -0.04936278286396578, -0.04920054095055648, -0.0488484417495636, -0.05191941509039122, -0.054004549093954024, -0.051993613183775045, -0.049594094203192496, -0.04795001840147739, -0.046337414767104956, -0.045078531475690076, -0.04406889477208953, -0.042275932462561894, -0.040822736535019555, -0.03938824538218433, -0.04077093720012659, -0.03641529989694803, -0.03641529989694803, -0.03641529989694803, -0.03641529989694803, -0.03641529989694803, -0.03641529989694803, -0.03641529989694803, -0.03641529989694803, -0.03641529989694803, -0.03641529989694803, -0.03641529989694803, -0.03641529989694803, -0.03641529989694803, -0.03641529989694803, -0.03647959895520825, -0.036658508236669274, -0.03661515253123748, -0.03641529989694803, -0.03641529989694803, -0.03641529989694803]
done grad
iter:  117
tot_time: 25.00188970565796
total_reward: [-0.15910344207836458, -0.14884595554406954, -0.14601392415974201, -0.12811571794749121, -0.12405471617665831, -0.11827410738985789, -0.11225241602530911, -0.10619230303075211, -0.10160793132580981, -0.09834609693597618, -0.0954645482983496, -0.09221321255464043, -0.08702851317302773, -0.06871585219395926, -0.06241711629367952, -0.05838560932896275, -0.05047382274838541, -0.04290019578030879, -0.036983750640018576, -0.03641529989694803, -0.03641529989694803, -0.03641529989694803, -0.03641529989694803, -0.03641529989694803, -0.03641529989694803, -0.03641529989694803, -0.03641529989694803, -0.03641529989694803, -0.03641529989694803, -0.03641529989694803, -0.03641529989694803, -0.03641529989694803, -0.03641529989694803, -0.03641529989694803, -0.03641529989694803, -0.03641529989694803, -0.03641529989694803, -0.03641529989694803, -0.03641529989694803, -0.03641529989694803, -0.03641529989694803, -0.03641529989694803, -0.03641529989694803, -0.03641529989694803, -0.03641529989694803, -0.03641529989694803, -0.03641529989694803, -0.03641529989694803, -0.03641529989694803, -0.03641529989694803, -0.03641529989694803, -0.03641529989694803, -0.03641529989694803, -0.03641529989694803, -0.03641529989694803, -0.038907530165944504, -0.04142589482321801, -0.043951338300544984, -0.0462393040759721, -0.04984407125071577, -0.05330292398762371, -0.058368764295094966, -0.060108435922581194, -0.0644595358001323, -0.06719003499035647, -0.06955186284928239, -0.06350632449634008, -0.06407084388975837, -0.0642591896953888, -0.0643557353731794, -0.06398490267077839, -0.06413703567854756, -0.06392807682567314, -0.05914063590131069, -0.058698669609076104, -0.057615461743093066, -0.05881934128031596, -0.0582945137198001, -0.0544018140319944, -0.05396174555409883, -0.052039152892576546, -0.05042440130682824, -0.04936278286396578, -0.04920054095055648, -0.0488484417495636, -0.05191941509039122, -0.054004549093954024, -0.051993613183775045, -0.049594094203192496, -0.04795001840147739, -0.046337414767104956, -0.045078531475690076, -0.04406889477208953, -0.042275932462561894, -0.040822736535019555, -0.03938824538218433, -0.04077093720012659, -0.03641529989694803, -0.03641529989694803, -0.03641529989694803, -0.03641529989694803, -0.03641529989694803, -0.03641529989694803, -0.03641529989694803, -0.03641529989694803, -0.03641529989694803, -0.03641529989694803, -0.03641529989694803, -0.03641529989694803, -0.03641529989694803, -0.03641529989694803, -0.03647959895520825, -0.036658508236669274, -0.03661515253123748, -0.03641529989694803, -0.03641529989694803, -0.03641529989694803, -0.03641529989694803]
done grad
iter:  118
tot_time: 25.28986430168152
total_reward: [-0.15910344207836458, -0.14884595554406954, -0.14601392415974201, -0.12811571794749121, -0.12405471617665831, -0.11827410738985789, -0.11225241602530911, -0.10619230303075211, -0.10160793132580981, -0.09834609693597618, -0.0954645482983496, -0.09221321255464043, -0.08702851317302773, -0.06871585219395926, -0.06241711629367952, -0.05838560932896275, -0.05047382274838541, -0.04290019578030879, -0.036983750640018576, -0.03641529989694803, -0.03641529989694803, -0.03641529989694803, -0.03641529989694803, -0.03641529989694803, -0.03641529989694803, -0.03641529989694803, -0.03641529989694803, -0.03641529989694803, -0.03641529989694803, -0.03641529989694803, -0.03641529989694803, -0.03641529989694803, -0.03641529989694803, -0.03641529989694803, -0.03641529989694803, -0.03641529989694803, -0.03641529989694803, -0.03641529989694803, -0.03641529989694803, -0.03641529989694803, -0.03641529989694803, -0.03641529989694803, -0.03641529989694803, -0.03641529989694803, -0.03641529989694803, -0.03641529989694803, -0.03641529989694803, -0.03641529989694803, -0.03641529989694803, -0.03641529989694803, -0.03641529989694803, -0.03641529989694803, -0.03641529989694803, -0.03641529989694803, -0.03641529989694803, -0.038907530165944504, -0.04142589482321801, -0.043951338300544984, -0.0462393040759721, -0.04984407125071577, -0.05330292398762371, -0.058368764295094966, -0.060108435922581194, -0.0644595358001323, -0.06719003499035647, -0.06955186284928239, -0.06350632449634008, -0.06407084388975837, -0.0642591896953888, -0.0643557353731794, -0.06398490267077839, -0.06413703567854756, -0.06392807682567314, -0.05914063590131069, -0.058698669609076104, -0.057615461743093066, -0.05881934128031596, -0.0582945137198001, -0.0544018140319944, -0.05396174555409883, -0.052039152892576546, -0.05042440130682824, -0.04936278286396578, -0.04920054095055648, -0.0488484417495636, -0.05191941509039122, -0.054004549093954024, -0.051993613183775045, -0.049594094203192496, -0.04795001840147739, -0.046337414767104956, -0.045078531475690076, -0.04406889477208953, -0.042275932462561894, -0.040822736535019555, -0.03938824538218433, -0.04077093720012659, -0.03641529989694803, -0.03641529989694803, -0.03641529989694803, -0.03641529989694803, -0.03641529989694803, -0.03641529989694803, -0.03641529989694803, -0.03641529989694803, -0.03641529989694803, -0.03641529989694803, -0.03641529989694803, -0.03641529989694803, -0.03641529989694803, -0.03641529989694803, -0.03647959895520825, -0.036658508236669274, -0.03661515253123748, -0.03641529989694803, -0.03641529989694803, -0.03641529989694803, -0.03641529989694803, -0.03641529989694803]
done grad
iter:  119
tot_time: 25.057932376861572
total_reward: [-0.15910344207836458, -0.14884595554406954, -0.14601392415974201, -0.12811571794749121, -0.12405471617665831, -0.11827410738985789, -0.11225241602530911, -0.10619230303075211, -0.10160793132580981, -0.09834609693597618, -0.0954645482983496, -0.09221321255464043, -0.08702851317302773, -0.06871585219395926, -0.06241711629367952, -0.05838560932896275, -0.05047382274838541, -0.04290019578030879, -0.036983750640018576, -0.03641529989694803, -0.03641529989694803, -0.03641529989694803, -0.03641529989694803, -0.03641529989694803, -0.03641529989694803, -0.03641529989694803, -0.03641529989694803, -0.03641529989694803, -0.03641529989694803, -0.03641529989694803, -0.03641529989694803, -0.03641529989694803, -0.03641529989694803, -0.03641529989694803, -0.03641529989694803, -0.03641529989694803, -0.03641529989694803, -0.03641529989694803, -0.03641529989694803, -0.03641529989694803, -0.03641529989694803, -0.03641529989694803, -0.03641529989694803, -0.03641529989694803, -0.03641529989694803, -0.03641529989694803, -0.03641529989694803, -0.03641529989694803, -0.03641529989694803, -0.03641529989694803, -0.03641529989694803, -0.03641529989694803, -0.03641529989694803, -0.03641529989694803, -0.03641529989694803, -0.038907530165944504, -0.04142589482321801, -0.043951338300544984, -0.0462393040759721, -0.04984407125071577, -0.05330292398762371, -0.058368764295094966, -0.060108435922581194, -0.0644595358001323, -0.06719003499035647, -0.06955186284928239, -0.06350632449634008, -0.06407084388975837, -0.0642591896953888, -0.0643557353731794, -0.06398490267077839, -0.06413703567854756, -0.06392807682567314, -0.05914063590131069, -0.058698669609076104, -0.057615461743093066, -0.05881934128031596, -0.0582945137198001, -0.0544018140319944, -0.05396174555409883, -0.052039152892576546, -0.05042440130682824, -0.04936278286396578, -0.04920054095055648, -0.0488484417495636, -0.05191941509039122, -0.054004549093954024, -0.051993613183775045, -0.049594094203192496, -0.04795001840147739, -0.046337414767104956, -0.045078531475690076, -0.04406889477208953, -0.042275932462561894, -0.040822736535019555, -0.03938824538218433, -0.04077093720012659, -0.03641529989694803, -0.03641529989694803, -0.03641529989694803, -0.03641529989694803, -0.03641529989694803, -0.03641529989694803, -0.03641529989694803, -0.03641529989694803, -0.03641529989694803, -0.03641529989694803, -0.03641529989694803, -0.03641529989694803, -0.03641529989694803, -0.03641529989694803, -0.03647959895520825, -0.036658508236669274, -0.03661515253123748, -0.03641529989694803, -0.03641529989694803, -0.03641529989694803, -0.03641529989694803, -0.03641529989694803, -0.03641529989694803]
done grad
iter:  120
Begin thicken cloth...
Num Vertices: (64, 3)
Num Faces: (90, 3)
Num Vertex Normals: (64, 3)
Num Face Normals: (90, 3)
Num Vertex UV: (64, 2)

Begin subdivide cloth...
Num Vertices: (128, 3)
Num Faces: (252, 3)
Num Vertex Normals: (128, 3)
Num Face Normals: (252, 3)
Num Vertex UV: (128, 2)

Begin subdivide cloth...
Num Vertices: (758, 3)
Num Faces: (1512, 3)
Num Vertex Normals: (758, 3)
Num Face Normals: (1512, 3)
Num Vertex UV: (758, 2)

Num Vertices: (4538, 3)
Num Faces: (9072, 3)
Num Vertex Normals: (4538, 3)
Num Face Normals: (9072, 3)
Num Vertex UV: (4538, 2)

Begin thicken cloth...
Num Vertices: (64, 3)
Num Faces: (90, 3)
Num Vertex Normals: (64, 3)
Num Face Normals: (90, 3)
Num Vertex UV: (64, 2)

Begin subdivide cloth...
Num Vertices: (128, 3)
Num Faces: (252, 3)
Num Vertex Normals: (128, 3)
Num Face Normals: (252, 3)
Num Vertex UV: (128, 2)

Begin subdivide cloth...
Num Vertices: (758, 3)
Num Faces: (1512, 3)
Num Vertex Normals: (758, 3)
Num Face Normals: (1512, 3)
Num Vertex UV: (758, 2)

Num Vertices: (4538, 3)
Num Faces: (9072, 3)
Num Vertex Normals: (4538, 3)
Num Face Normals: (9072, 3)
Num Vertex UV: (4538, 2)

Begin thicken cloth...
Num Vertices: (64, 3)
Num Faces: (90, 3)
Num Vertex Normals: (64, 3)
Num Face Normals: (90, 3)
Num Vertex UV: (64, 2)

Begin subdivide cloth...
Num Vertices: (128, 3)
Num Faces: (252, 3)
Num Vertex Normals: (128, 3)
Num Face Normals: (252, 3)
Num Vertex UV: (128, 2)

Begin subdivide cloth...
Num Vertices: (758, 3)
Num Faces: (1512, 3)
Num Vertex Normals: (758, 3)
Num Face Normals: (1512, 3)
Num Vertex UV: (758, 2)

Num Vertices: (4538, 3)
Num Faces: (9072, 3)
Num Vertex Normals: (4538, 3)
Num Face Normals: (9072, 3)
Num Vertex UV: (4538, 2)

Begin thicken cloth...
Num Vertices: (64, 3)
Num Faces: (90, 3)
Num Vertex Normals: (64, 3)
Num Face Normals: (90, 3)
Num Vertex UV: (64, 2)

Begin subdivide cloth...
Num Vertices: (128, 3)
Num Faces: (252, 3)
Num Vertex Normals: (128, 3)
Num Face Normals: (252, 3)
Num Vertex UV: (128, 2)

Begin subdivide cloth...
Num Vertices: (758, 3)
Num Faces: (1512, 3)
Num Vertex Normals: (758, 3)
Num Face Normals: (1512, 3)
Num Vertex UV: (758, 2)

Num Vertices: (4538, 3)
Num Faces: (9072, 3)
Num Vertex Normals: (4538, 3)
Num Face Normals: (9072, 3)
Num Vertex UV: (4538, 2)

Begin thicken cloth...
Num Vertices: (64, 3)
Num Faces: (90, 3)
Num Vertex Normals: (64, 3)
Num Face Normals: (90, 3)
Num Vertex UV: (64, 2)

Begin subdivide cloth...
Num Vertices: (128, 3)
Num Faces: (252, 3)
Num Vertex Normals: (128, 3)
Num Face Normals: (252, 3)
Num Vertex UV: (128, 2)

Begin subdivide cloth...
Num Vertices: (758, 3)
Num Faces: (1512, 3)
Num Vertex Normals: (758, 3)
Num Face Normals: (1512, 3)
Num Vertex UV: (758, 2)

Num Vertices: (4538, 3)
Num Faces: (9072, 3)
Num Vertex Normals: (4538, 3)
Num Face Normals: (9072, 3)
Num Vertex UV: (4538, 2)

Begin thicken cloth...
Num Vertices: (64, 3)
Num Faces: (90, 3)
Num Vertex Normals: (64, 3)
Num Face Normals: (90, 3)
Num Vertex UV: (64, 2)

Begin subdivide cloth...
Num Vertices: (128, 3)
Num Faces: (252, 3)
Num Vertex Normals: (128, 3)
Num Face Normals: (252, 3)
Num Vertex UV: (128, 2)

Begin subdivide cloth...
Num Vertices: (758, 3)
Num Faces: (1512, 3)
Num Vertex Normals: (758, 3)
Num Face Normals: (1512, 3)
Num Vertex UV: (758, 2)

Num Vertices: (4538, 3)
Num Faces: (9072, 3)
Num Vertex Normals: (4538, 3)
Num Face Normals: (9072, 3)
Num Vertex UV: (4538, 2)

Begin thicken cloth...
Num Vertices: (64, 3)
Num Faces: (90, 3)
Num Vertex Normals: (64, 3)
Num Face Normals: (90, 3)
Num Vertex UV: (64, 2)

Begin subdivide cloth...
Num Vertices: (128, 3)
Num Faces: (252, 3)
Num Vertex Normals: (128, 3)
Num Face Normals: (252, 3)
Num Vertex UV: (128, 2)

Begin subdivide cloth...
Num Vertices: (758, 3)
Num Faces: (1512, 3)
Num Vertex Normals: (758, 3)
Num Face Normals: (1512, 3)
Num Vertex UV: (758, 2)

Num Vertices: (4538, 3)
Num Faces: (9072, 3)
Num Vertex Normals: (4538, 3)
Num Face Normals: (9072, 3)
Num Vertex UV: (4538, 2)

Begin thicken cloth...
Num Vertices: (64, 3)
Num Faces: (90, 3)
Num Vertex Normals: (64, 3)
Num Face Normals: (90, 3)
Num Vertex UV: (64, 2)

Begin subdivide cloth...
Num Vertices: (128, 3)
Num Faces: (252, 3)
Num Vertex Normals: (128, 3)
Num Face Normals: (252, 3)
Num Vertex UV: (128, 2)

Begin subdivide cloth...
Num Vertices: (758, 3)
Num Faces: (1512, 3)
Num Vertex Normals: (758, 3)
Num Face Normals: (1512, 3)
Num Vertex UV: (758, 2)

Num Vertices: (4538, 3)
Num Faces: (9072, 3)
Num Vertex Normals: (4538, 3)
Num Face Normals: (9072, 3)
Num Vertex UV: (4538, 2)

Begin thicken cloth...
Num Vertices: (64, 3)
Num Faces: (90, 3)
Num Vertex Normals: (64, 3)
Num Face Normals: (90, 3)
Num Vertex UV: (64, 2)

Begin subdivide cloth...
Num Vertices: (128, 3)
Num Faces: (252, 3)
Num Vertex Normals: (128, 3)
Num Face Normals: (252, 3)
Num Vertex UV: (128, 2)

Begin subdivide cloth...
Num Vertices: (758, 3)
Num Faces: (1512, 3)
Num Vertex Normals: (758, 3)
Num Face Normals: (1512, 3)
Num Vertex UV: (758, 2)

Num Vertices: (4538, 3)
Num Faces: (9072, 3)
Num Vertex Normals: (4538, 3)
Num Face Normals: (9072, 3)
Num Vertex UV: (4538, 2)

Begin thicken cloth...
Num Vertices: (64, 3)
Num Faces: (90, 3)
Num Vertex Normals: (64, 3)
Num Face Normals: (90, 3)
Num Vertex UV: (64, 2)

Begin subdivide cloth...
Num Vertices: (128, 3)
Num Faces: (252, 3)
Num Vertex Normals: (128, 3)
Num Face Normals: (252, 3)
Num Vertex UV: (128, 2)

Begin subdivide cloth...
Num Vertices: (758, 3)
Num Faces: (1512, 3)
Num Vertex Normals: (758, 3)
Num Face Normals: (1512, 3)
Num Vertex UV: (758, 2)

Num Vertices: (4538, 3)
Num Faces: (9072, 3)
Num Vertex Normals: (4538, 3)
Num Face Normals: (9072, 3)
Num Vertex UV: (4538, 2)

Begin thicken cloth...
Num Vertices: (64, 3)
Num Faces: (90, 3)
Num Vertex Normals: (64, 3)
Num Face Normals: (90, 3)
Num Vertex UV: (64, 2)

Begin subdivide cloth...
Num Vertices: (128, 3)
Num Faces: (252, 3)
Num Vertex Normals: (128, 3)
Num Face Normals: (252, 3)
Num Vertex UV: (128, 2)

Begin subdivide cloth...
Num Vertices: (758, 3)
Num Faces: (1512, 3)
Num Vertex Normals: (758, 3)
Num Face Normals: (1512, 3)
Num Vertex UV: (758, 2)

Num Vertices: (4538, 3)
Num Faces: (9072, 3)
Num Vertex Normals: (4538, 3)
Num Face Normals: (9072, 3)
Num Vertex UV: (4538, 2)

Begin thicken cloth...
Num Vertices: (64, 3)
Num Faces: (90, 3)
Num Vertex Normals: (64, 3)
Num Face Normals: (90, 3)
Num Vertex UV: (64, 2)

Begin subdivide cloth...
Num Vertices: (128, 3)
Num Faces: (252, 3)
Num Vertex Normals: (128, 3)
Num Face Normals: (252, 3)
Num Vertex UV: (128, 2)

Begin subdivide cloth...
Num Vertices: (758, 3)
Num Faces: (1512, 3)
Num Vertex Normals: (758, 3)
Num Face Normals: (1512, 3)
Num Vertex UV: (758, 2)

Num Vertices: (4538, 3)
Num Faces: (9072, 3)
Num Vertex Normals: (4538, 3)
Num Face Normals: (9072, 3)
Num Vertex UV: (4538, 2)

Begin thicken cloth...
Num Vertices: (64, 3)
Num Faces: (90, 3)
Num Vertex Normals: (64, 3)
Num Face Normals: (90, 3)
Num Vertex UV: (64, 2)

Begin subdivide cloth...
Num Vertices: (128, 3)
Num Faces: (252, 3)
Num Vertex Normals: (128, 3)
Num Face Normals: (252, 3)
Num Vertex UV: (128, 2)

Begin subdivide cloth...
Num Vertices: (758, 3)
Num Faces: (1512, 3)
Num Vertex Normals: (758, 3)
Num Face Normals: (1512, 3)
Num Vertex UV: (758, 2)

Num Vertices: (4538, 3)
Num Faces: (9072, 3)
Num Vertex Normals: (4538, 3)
Num Face Normals: (9072, 3)
Num Vertex UV: (4538, 2)

Begin thicken cloth...
Num Vertices: (64, 3)
Num Faces: (90, 3)
Num Vertex Normals: (64, 3)
Num Face Normals: (90, 3)
Num Vertex UV: (64, 2)

Begin subdivide cloth...
Num Vertices: (128, 3)
Num Faces: (252, 3)
Num Vertex Normals: (128, 3)
Num Face Normals: (252, 3)
Num Vertex UV: (128, 2)

Begin subdivide cloth...
Num Vertices: (758, 3)
Num Faces: (1512, 3)
Num Vertex Normals: (758, 3)
Num Face Normals: (1512, 3)
Num Vertex UV: (758, 2)

Num Vertices: (4538, 3)
Num Faces: (9072, 3)
Num Vertex Normals: (4538, 3)
Num Face Normals: (9072, 3)
Num Vertex UV: (4538, 2)

Begin thicken cloth...
Num Vertices: (64, 3)
Num Faces: (90, 3)
Num Vertex Normals: (64, 3)
Num Face Normals: (90, 3)
Num Vertex UV: (64, 2)

Begin subdivide cloth...
Num Vertices: (128, 3)
Num Faces: (252, 3)
Num Vertex Normals: (128, 3)
Num Face Normals: (252, 3)
Num Vertex UV: (128, 2)

Begin subdivide cloth...
Num Vertices: (758, 3)
Num Faces: (1512, 3)
Num Vertex Normals: (758, 3)
Num Face Normals: (1512, 3)
Num Vertex UV: (758, 2)

Num Vertices: (4538, 3)
Num Faces: (9072, 3)
Num Vertex Normals: (4538, 3)
Num Face Normals: (9072, 3)
Num Vertex UV: (4538, 2)

Begin thicken cloth...
Num Vertices: (64, 3)
Num Faces: (90, 3)
Num Vertex Normals: (64, 3)
Num Face Normals: (90, 3)
Num Vertex UV: (64, 2)

Begin subdivide cloth...
Num Vertices: (128, 3)
Num Faces: (252, 3)
Num Vertex Normals: (128, 3)
Num Face Normals: (252, 3)
Num Vertex UV: (128, 2)

Begin subdivide cloth...
Num Vertices: (758, 3)
Num Faces: (1512, 3)
Num Vertex Normals: (758, 3)
Num Face Normals: (1512, 3)
Num Vertex UV: (758, 2)

Num Vertices: (4538, 3)
Num Faces: (9072, 3)
Num Vertex Normals: (4538, 3)
Num Face Normals: (9072, 3)
Num Vertex UV: (4538, 2)

Begin thicken cloth...
Num Vertices: (64, 3)
Num Faces: (90, 3)
Num Vertex Normals: (64, 3)
Num Face Normals: (90, 3)
Num Vertex UV: (64, 2)

Begin subdivide cloth...
Num Vertices: (128, 3)
Num Faces: (252, 3)
Num Vertex Normals: (128, 3)
Num Face Normals: (252, 3)
Num Vertex UV: (128, 2)

Begin subdivide cloth...
Num Vertices: (758, 3)
Num Faces: (1512, 3)
Num Vertex Normals: (758, 3)
Num Face Normals: (1512, 3)
Num Vertex UV: (758, 2)

Num Vertices: (4538, 3)
Num Faces: (9072, 3)
Num Vertex Normals: (4538, 3)
Num Face Normals: (9072, 3)
Num Vertex UV: (4538, 2)

Begin thicken cloth...
Num Vertices: (64, 3)
Num Faces: (90, 3)
Num Vertex Normals: (64, 3)
Num Face Normals: (90, 3)
Num Vertex UV: (64, 2)

Begin subdivide cloth...
Num Vertices: (128, 3)
Num Faces: (252, 3)
Num Vertex Normals: (128, 3)
Num Face Normals: (252, 3)
Num Vertex UV: (128, 2)

Begin subdivide cloth...
Num Vertices: (758, 3)
Num Faces: (1512, 3)
Num Vertex Normals: (758, 3)
Num Face Normals: (1512, 3)
Num Vertex UV: (758, 2)

Num Vertices: (4538, 3)
Num Faces: (9072, 3)
Num Vertex Normals: (4538, 3)
Num Face Normals: (9072, 3)
Num Vertex UV: (4538, 2)

Begin thicken cloth...
Num Vertices: (64, 3)
Num Faces: (90, 3)
Num Vertex Normals: (64, 3)
Num Face Normals: (90, 3)
Num Vertex UV: (64, 2)

Begin subdivide cloth...
Num Vertices: (128, 3)
Num Faces: (252, 3)
Num Vertex Normals: (128, 3)
Num Face Normals: (252, 3)
Num Vertex UV: (128, 2)

Begin subdivide cloth...
Num Vertices: (758, 3)
Num Faces: (1512, 3)
Num Vertex Normals: (758, 3)
Num Face Normals: (1512, 3)
Num Vertex UV: (758, 2)

Num Vertices: (4538, 3)
Num Faces: (9072, 3)
Num Vertex Normals: (4538, 3)
Num Face Normals: (9072, 3)
Num Vertex UV: (4538, 2)

Begin thicken cloth...
Num Vertices: (64, 3)
Num Faces: (90, 3)
Num Vertex Normals: (64, 3)
Num Face Normals: (90, 3)
Num Vertex UV: (64, 2)

Begin subdivide cloth...
Num Vertices: (128, 3)
Num Faces: (252, 3)
Num Vertex Normals: (128, 3)
Num Face Normals: (252, 3)
Num Vertex UV: (128, 2)

Begin subdivide cloth...
Num Vertices: (758, 3)
Num Faces: (1512, 3)
Num Vertex Normals: (758, 3)
Num Face Normals: (1512, 3)
Num Vertex UV: (758, 2)

Num Vertices: (4538, 3)
Num Faces: (9072, 3)
Num Vertex Normals: (4538, 3)
Num Face Normals: (9072, 3)
Num Vertex UV: (4538, 2)

Begin thicken cloth...
Num Vertices: (64, 3)
Num Faces: (90, 3)
Num Vertex Normals: (64, 3)
Num Face Normals: (90, 3)
Num Vertex UV: (64, 2)

Begin subdivide cloth...
Num Vertices: (128, 3)
Num Faces: (252, 3)
Num Vertex Normals: (128, 3)
Num Face Normals: (252, 3)
Num Vertex UV: (128, 2)

Begin subdivide cloth...
Num Vertices: (758, 3)
Num Faces: (1512, 3)
Num Vertex Normals: (758, 3)
Num Face Normals: (1512, 3)
Num Vertex UV: (758, 2)

Num Vertices: (4538, 3)
Num Faces: (9072, 3)
Num Vertex Normals: (4538, 3)
Num Face Normals: (9072, 3)
Num Vertex UV: (4538, 2)

Begin thicken cloth...
Num Vertices: (64, 3)
Num Faces: (90, 3)
Num Vertex Normals: (64, 3)
Num Face Normals: (90, 3)
Num Vertex UV: (64, 2)

Begin subdivide cloth...
Num Vertices: (128, 3)
Num Faces: (252, 3)
Num Vertex Normals: (128, 3)
Num Face Normals: (252, 3)
Num Vertex UV: (128, 2)

Begin subdivide cloth...
Num Vertices: (758, 3)
Num Faces: (1512, 3)
Num Vertex Normals: (758, 3)
Num Face Normals: (1512, 3)
Num Vertex UV: (758, 2)

Num Vertices: (4538, 3)
Num Faces: (9072, 3)
Num Vertex Normals: (4538, 3)
Num Face Normals: (9072, 3)
Num Vertex UV: (4538, 2)

Begin thicken cloth...
Num Vertices: (64, 3)
Num Faces: (90, 3)
Num Vertex Normals: (64, 3)
Num Face Normals: (90, 3)
Num Vertex UV: (64, 2)

Begin subdivide cloth...
Num Vertices: (128, 3)
Num Faces: (252, 3)
Num Vertex Normals: (128, 3)
Num Face Normals: (252, 3)
Num Vertex UV: (128, 2)

Begin subdivide cloth...
Num Vertices: (758, 3)
Num Faces: (1512, 3)
Num Vertex Normals: (758, 3)
Num Face Normals: (1512, 3)
Num Vertex UV: (758, 2)

Num Vertices: (4538, 3)
Num Faces: (9072, 3)
Num Vertex Normals: (4538, 3)
Num Face Normals: (9072, 3)
Num Vertex UV: (4538, 2)

Begin thicken cloth...
Num Vertices: (64, 3)
Num Faces: (90, 3)
Num Vertex Normals: (64, 3)
Num Face Normals: (90, 3)
Num Vertex UV: (64, 2)

Begin subdivide cloth...
Num Vertices: (128, 3)
Num Faces: (252, 3)
Num Vertex Normals: (128, 3)
Num Face Normals: (252, 3)
Num Vertex UV: (128, 2)

Begin subdivide cloth...
Num Vertices: (758, 3)
Num Faces: (1512, 3)
Num Vertex Normals: (758, 3)
Num Face Normals: (1512, 3)
Num Vertex UV: (758, 2)

Num Vertices: (4538, 3)
Num Faces: (9072, 3)
Num Vertex Normals: (4538, 3)
Num Face Normals: (9072, 3)
Num Vertex UV: (4538, 2)

Begin thicken cloth...
Num Vertices: (64, 3)
Num Faces: (90, 3)
Num Vertex Normals: (64, 3)
Num Face Normals: (90, 3)
Num Vertex UV: (64, 2)

Begin subdivide cloth...
Num Vertices: (128, 3)
Num Faces: (252, 3)
Num Vertex Normals: (128, 3)
Num Face Normals: (252, 3)
Num Vertex UV: (128, 2)

Begin subdivide cloth...
Num Vertices: (758, 3)
Num Faces: (1512, 3)
Num Vertex Normals: (758, 3)
Num Face Normals: (1512, 3)
Num Vertex UV: (758, 2)

Num Vertices: (4538, 3)
Num Faces: (9072, 3)
Num Vertex Normals: (4538, 3)
Num Face Normals: (9072, 3)
Num Vertex UV: (4538, 2)

Begin thicken cloth...
Num Vertices: (64, 3)
Num Faces: (90, 3)
Num Vertex Normals: (64, 3)
Num Face Normals: (90, 3)
Num Vertex UV: (64, 2)

Begin subdivide cloth...
Num Vertices: (128, 3)
Num Faces: (252, 3)
Num Vertex Normals: (128, 3)
Num Face Normals: (252, 3)
Num Vertex UV: (128, 2)

Begin subdivide cloth...
Num Vertices: (758, 3)
Num Faces: (1512, 3)
Num Vertex Normals: (758, 3)
Num Face Normals: (1512, 3)
Num Vertex UV: (758, 2)

Num Vertices: (4538, 3)
Num Faces: (9072, 3)
Num Vertex Normals: (4538, 3)
Num Face Normals: (9072, 3)
Num Vertex UV: (4538, 2)

Begin thicken cloth...
Num Vertices: (64, 3)
Num Faces: (90, 3)
Num Vertex Normals: (64, 3)
Num Face Normals: (90, 3)
Num Vertex UV: (64, 2)

Begin subdivide cloth...
Num Vertices: (128, 3)
Num Faces: (252, 3)
Num Vertex Normals: (128, 3)
Num Face Normals: (252, 3)
Num Vertex UV: (128, 2)

Begin subdivide cloth...
Num Vertices: (758, 3)
Num Faces: (1512, 3)
Num Vertex Normals: (758, 3)
Num Face Normals: (1512, 3)
Num Vertex UV: (758, 2)

Num Vertices: (4538, 3)
Num Faces: (9072, 3)
Num Vertex Normals: (4538, 3)
Num Face Normals: (9072, 3)
Num Vertex UV: (4538, 2)

Begin thicken cloth...
Num Vertices: (64, 3)
Num Faces: (90, 3)
Num Vertex Normals: (64, 3)
Num Face Normals: (90, 3)
Num Vertex UV: (64, 2)

Begin subdivide cloth...
Num Vertices: (128, 3)
Num Faces: (252, 3)
Num Vertex Normals: (128, 3)
Num Face Normals: (252, 3)
Num Vertex UV: (128, 2)

Begin subdivide cloth...
Num Vertices: (758, 3)
Num Faces: (1512, 3)
Num Vertex Normals: (758, 3)
Num Face Normals: (1512, 3)
Num Vertex UV: (758, 2)

Num Vertices: (4538, 3)
Num Faces: (9072, 3)
Num Vertex Normals: (4538, 3)
Num Face Normals: (9072, 3)
Num Vertex UV: (4538, 2)

Begin thicken cloth...
Num Vertices: (64, 3)
Num Faces: (90, 3)
Num Vertex Normals: (64, 3)
Num Face Normals: (90, 3)
Num Vertex UV: (64, 2)

Begin subdivide cloth...
Num Vertices: (128, 3)
Num Faces: (252, 3)
Num Vertex Normals: (128, 3)
Num Face Normals: (252, 3)
Num Vertex UV: (128, 2)

Begin subdivide cloth...
Num Vertices: (758, 3)
Num Faces: (1512, 3)
Num Vertex Normals: (758, 3)
Num Face Normals: (1512, 3)
Num Vertex UV: (758, 2)

Num Vertices: (4538, 3)
Num Faces: (9072, 3)
Num Vertex Normals: (4538, 3)
Num Face Normals: (9072, 3)
Num Vertex UV: (4538, 2)

Begin thicken cloth...
Num Vertices: (64, 3)
Num Faces: (90, 3)
Num Vertex Normals: (64, 3)
Num Face Normals: (90, 3)
Num Vertex UV: (64, 2)

Begin subdivide cloth...
Num Vertices: (128, 3)
Num Faces: (252, 3)
Num Vertex Normals: (128, 3)
Num Face Normals: (252, 3)
Num Vertex UV: (128, 2)

Begin subdivide cloth...
Num Vertices: (758, 3)
Num Faces: (1512, 3)
Num Vertex Normals: (758, 3)
Num Face Normals: (1512, 3)
Num Vertex UV: (758, 2)

Num Vertices: (4538, 3)
Num Faces: (9072, 3)
Num Vertex Normals: (4538, 3)
Num Face Normals: (9072, 3)
Num Vertex UV: (4538, 2)

Begin thicken cloth...
Num Vertices: (64, 3)
Num Faces: (90, 3)
Num Vertex Normals: (64, 3)
Num Face Normals: (90, 3)
Num Vertex UV: (64, 2)

Begin subdivide cloth...
Num Vertices: (128, 3)
Num Faces: (252, 3)
Num Vertex Normals: (128, 3)
Num Face Normals: (252, 3)
Num Vertex UV: (128, 2)

Begin subdivide cloth...
Num Vertices: (758, 3)
Num Faces: (1512, 3)
Num Vertex Normals: (758, 3)
Num Face Normals: (1512, 3)
Num Vertex UV: (758, 2)

Num Vertices: (4538, 3)
Num Faces: (9072, 3)
Num Vertex Normals: (4538, 3)
Num Face Normals: (9072, 3)
Num Vertex UV: (4538, 2)

Begin thicken cloth...
Num Vertices: (64, 3)
Num Faces: (90, 3)
Num Vertex Normals: (64, 3)
Num Face Normals: (90, 3)
Num Vertex UV: (64, 2)

Begin subdivide cloth...
Num Vertices: (128, 3)
Num Faces: (252, 3)
Num Vertex Normals: (128, 3)
Num Face Normals: (252, 3)
Num Vertex UV: (128, 2)

Begin subdivide cloth...
Num Vertices: (758, 3)
Num Faces: (1512, 3)
Num Vertex Normals: (758, 3)
Num Face Normals: (1512, 3)
Num Vertex UV: (758, 2)

Num Vertices: (4538, 3)
Num Faces: (9072, 3)
Num Vertex Normals: (4538, 3)
Num Face Normals: (9072, 3)
Num Vertex UV: (4538, 2)

Begin thicken cloth...
Num Vertices: (64, 3)
Num Faces: (90, 3)
Num Vertex Normals: (64, 3)
Num Face Normals: (90, 3)
Num Vertex UV: (64, 2)

Begin subdivide cloth...
Num Vertices: (128, 3)
Num Faces: (252, 3)
Num Vertex Normals: (128, 3)
Num Face Normals: (252, 3)
Num Vertex UV: (128, 2)

Begin subdivide cloth...
Num Vertices: (758, 3)
Num Faces: (1512, 3)
Num Vertex Normals: (758, 3)
Num Face Normals: (1512, 3)
Num Vertex UV: (758, 2)

Num Vertices: (4538, 3)
Num Faces: (9072, 3)
Num Vertex Normals: (4538, 3)
Num Face Normals: (9072, 3)
Num Vertex UV: (4538, 2)

Begin thicken cloth...
Num Vertices: (64, 3)
Num Faces: (90, 3)
Num Vertex Normals: (64, 3)
Num Face Normals: (90, 3)
Num Vertex UV: (64, 2)

Begin subdivide cloth...
Num Vertices: (128, 3)
Num Faces: (252, 3)
Num Vertex Normals: (128, 3)
Num Face Normals: (252, 3)
Num Vertex UV: (128, 2)

Begin subdivide cloth...
Num Vertices: (758, 3)
Num Faces: (1512, 3)
Num Vertex Normals: (758, 3)
Num Face Normals: (1512, 3)
Num Vertex UV: (758, 2)

Num Vertices: (4538, 3)
Num Faces: (9072, 3)
Num Vertex Normals: (4538, 3)
Num Face Normals: (9072, 3)
Num Vertex UV: (4538, 2)

Begin thicken cloth...
Num Vertices: (64, 3)
Num Faces: (90, 3)
Num Vertex Normals: (64, 3)
Num Face Normals: (90, 3)
Num Vertex UV: (64, 2)

Begin subdivide cloth...
Num Vertices: (128, 3)
Num Faces: (252, 3)
Num Vertex Normals: (128, 3)
Num Face Normals: (252, 3)
Num Vertex UV: (128, 2)

Begin subdivide cloth...
Num Vertices: (758, 3)
Num Faces: (1512, 3)
Num Vertex Normals: (758, 3)
Num Face Normals: (1512, 3)
Num Vertex UV: (758, 2)

Num Vertices: (4538, 3)
Num Faces: (9072, 3)
Num Vertex Normals: (4538, 3)
Num Face Normals: (9072, 3)
Num Vertex UV: (4538, 2)

Begin thicken cloth...
Num Vertices: (64, 3)
Num Faces: (90, 3)
Num Vertex Normals: (64, 3)
Num Face Normals: (90, 3)
Num Vertex UV: (64, 2)

Begin subdivide cloth...
Num Vertices: (128, 3)
Num Faces: (252, 3)
Num Vertex Normals: (128, 3)
Num Face Normals: (252, 3)
Num Vertex UV: (128, 2)

Begin subdivide cloth...
Num Vertices: (758, 3)
Num Faces: (1512, 3)
Num Vertex Normals: (758, 3)
Num Face Normals: (1512, 3)
Num Vertex UV: (758, 2)

Num Vertices: (4538, 3)
Num Faces: (9072, 3)
Num Vertex Normals: (4538, 3)
Num Face Normals: (9072, 3)
Num Vertex UV: (4538, 2)

Begin thicken cloth...
Num Vertices: (64, 3)
Num Faces: (90, 3)
Num Vertex Normals: (64, 3)
Num Face Normals: (90, 3)
Num Vertex UV: (64, 2)

Begin subdivide cloth...
Num Vertices: (128, 3)
Num Faces: (252, 3)
Num Vertex Normals: (128, 3)
Num Face Normals: (252, 3)
Num Vertex UV: (128, 2)

Begin subdivide cloth...
Num Vertices: (758, 3)
Num Faces: (1512, 3)
Num Vertex Normals: (758, 3)
Num Face Normals: (1512, 3)
Num Vertex UV: (758, 2)

Num Vertices: (4538, 3)
Num Faces: (9072, 3)
Num Vertex Normals: (4538, 3)
Num Face Normals: (9072, 3)
Num Vertex UV: (4538, 2)

Begin thicken cloth...
Num Vertices: (64, 3)
Num Faces: (90, 3)
Num Vertex Normals: (64, 3)
Num Face Normals: (90, 3)
Num Vertex UV: (64, 2)

Begin subdivide cloth...
Num Vertices: (128, 3)
Num Faces: (252, 3)
Num Vertex Normals: (128, 3)
Num Face Normals: (252, 3)
Num Vertex UV: (128, 2)

Begin subdivide cloth...
Num Vertices: (758, 3)
Num Faces: (1512, 3)
Num Vertex Normals: (758, 3)
Num Face Normals: (1512, 3)
Num Vertex UV: (758, 2)

Num Vertices: (4538, 3)
Num Faces: (9072, 3)
Num Vertex Normals: (4538, 3)
Num Face Normals: (9072, 3)
Num Vertex UV: (4538, 2)

Begin thicken cloth...
Num Vertices: (64, 3)
Num Faces: (90, 3)
Num Vertex Normals: (64, 3)
Num Face Normals: (90, 3)
Num Vertex UV: (64, 2)

Begin subdivide cloth...
Num Vertices: (128, 3)
Num Faces: (252, 3)
Num Vertex Normals: (128, 3)
Num Face Normals: (252, 3)
Num Vertex UV: (128, 2)

Begin subdivide cloth...
Num Vertices: (758, 3)
Num Faces: (1512, 3)
Num Vertex Normals: (758, 3)
Num Face Normals: (1512, 3)
Num Vertex UV: (758, 2)

Num Vertices: (4538, 3)
Num Faces: (9072, 3)
Num Vertex Normals: (4538, 3)
Num Face Normals: (9072, 3)
Num Vertex UV: (4538, 2)

Begin thicken cloth...
Num Vertices: (64, 3)
Num Faces: (90, 3)
Num Vertex Normals: (64, 3)
Num Face Normals: (90, 3)
Num Vertex UV: (64, 2)

Begin subdivide cloth...
Num Vertices: (128, 3)
Num Faces: (252, 3)
Num Vertex Normals: (128, 3)
Num Face Normals: (252, 3)
Num Vertex UV: (128, 2)

Begin subdivide cloth...
Num Vertices: (758, 3)
Num Faces: (1512, 3)
Num Vertex Normals: (758, 3)
Num Face Normals: (1512, 3)
Num Vertex UV: (758, 2)

Num Vertices: (4538, 3)
Num Faces: (9072, 3)
Num Vertex Normals: (4538, 3)
Num Face Normals: (9072, 3)
Num Vertex UV: (4538, 2)

Begin thicken cloth...
Num Vertices: (64, 3)
Num Faces: (90, 3)
Num Vertex Normals: (64, 3)
Num Face Normals: (90, 3)
Num Vertex UV: (64, 2)

Begin subdivide cloth...
Num Vertices: (128, 3)
Num Faces: (252, 3)
Num Vertex Normals: (128, 3)
Num Face Normals: (252, 3)
Num Vertex UV: (128, 2)

Begin subdivide cloth...
Num Vertices: (758, 3)
Num Faces: (1512, 3)
Num Vertex Normals: (758, 3)
Num Face Normals: (1512, 3)
Num Vertex UV: (758, 2)

Num Vertices: (4538, 3)
Num Faces: (9072, 3)
Num Vertex Normals: (4538, 3)
Num Face Normals: (9072, 3)
Num Vertex UV: (4538, 2)

Begin thicken cloth...
Num Vertices: (64, 3)
Num Faces: (90, 3)
Num Vertex Normals: (64, 3)
Num Face Normals: (90, 3)
Num Vertex UV: (64, 2)

Begin subdivide cloth...
Num Vertices: (128, 3)
Num Faces: (252, 3)
Num Vertex Normals: (128, 3)
Num Face Normals: (252, 3)
Num Vertex UV: (128, 2)

Begin subdivide cloth...
Num Vertices: (758, 3)
Num Faces: (1512, 3)
Num Vertex Normals: (758, 3)
Num Face Normals: (1512, 3)
Num Vertex UV: (758, 2)

Num Vertices: (4538, 3)
Num Faces: (9072, 3)
Num Vertex Normals: (4538, 3)
Num Face Normals: (9072, 3)
Num Vertex UV: (4538, 2)

Begin thicken cloth...
Num Vertices: (64, 3)
Num Faces: (90, 3)
Num Vertex Normals: (64, 3)
Num Face Normals: (90, 3)
Num Vertex UV: (64, 2)

Begin subdivide cloth...
Num Vertices: (128, 3)
Num Faces: (252, 3)
Num Vertex Normals: (128, 3)
Num Face Normals: (252, 3)
Num Vertex UV: (128, 2)

Begin subdivide cloth...
Num Vertices: (758, 3)
Num Faces: (1512, 3)
Num Vertex Normals: (758, 3)
Num Face Normals: (1512, 3)
Num Vertex UV: (758, 2)

Num Vertices: (4538, 3)
Num Faces: (9072, 3)
Num Vertex Normals: (4538, 3)
Num Face Normals: (9072, 3)
Num Vertex UV: (4538, 2)

Begin thicken cloth...
Num Vertices: (64, 3)
Num Faces: (90, 3)
Num Vertex Normals: (64, 3)
Num Face Normals: (90, 3)
Num Vertex UV: (64, 2)

Begin subdivide cloth...
Num Vertices: (128, 3)
Num Faces: (252, 3)
Num Vertex Normals: (128, 3)
Num Face Normals: (252, 3)
Num Vertex UV: (128, 2)

Begin subdivide cloth...
Num Vertices: (758, 3)
Num Faces: (1512, 3)
Num Vertex Normals: (758, 3)
Num Face Normals: (1512, 3)
Num Vertex UV: (758, 2)

Num Vertices: (4538, 3)
Num Faces: (9072, 3)
Num Vertex Normals: (4538, 3)
Num Face Normals: (9072, 3)
Num Vertex UV: (4538, 2)

Begin thicken cloth...
Num Vertices: (64, 3)
Num Faces: (90, 3)
Num Vertex Normals: (64, 3)
Num Face Normals: (90, 3)
Num Vertex UV: (64, 2)

Begin subdivide cloth...
Num Vertices: (128, 3)
Num Faces: (252, 3)
Num Vertex Normals: (128, 3)
Num Face Normals: (252, 3)
Num Vertex UV: (128, 2)

Begin subdivide cloth...
Num Vertices: (758, 3)
Num Faces: (1512, 3)
Num Vertex Normals: (758, 3)
Num Face Normals: (1512, 3)
Num Vertex UV: (758, 2)

Num Vertices: (4538, 3)
Num Faces: (9072, 3)
Num Vertex Normals: (4538, 3)
Num Face Normals: (9072, 3)
Num Vertex UV: (4538, 2)

Begin thicken cloth...
Num Vertices: (64, 3)
Num Faces: (90, 3)
Num Vertex Normals: (64, 3)
Num Face Normals: (90, 3)
Num Vertex UV: (64, 2)

Begin subdivide cloth...
Num Vertices: (128, 3)
Num Faces: (252, 3)
Num Vertex Normals: (128, 3)
Num Face Normals: (252, 3)
Num Vertex UV: (128, 2)

Begin subdivide cloth...
Num Vertices: (758, 3)
Num Faces: (1512, 3)
Num Vertex Normals: (758, 3)
Num Face Normals: (1512, 3)
Num Vertex UV: (758, 2)

Num Vertices: (4538, 3)
Num Faces: (9072, 3)
Num Vertex Normals: (4538, 3)
Num Face Normals: (9072, 3)
Num Vertex UV: (4538, 2)

Begin thicken cloth...
Num Vertices: (64, 3)
Num Faces: (90, 3)
Num Vertex Normals: (64, 3)
Num Face Normals: (90, 3)
Num Vertex UV: (64, 2)

Begin subdivide cloth...
Num Vertices: (128, 3)
Num Faces: (252, 3)
Num Vertex Normals: (128, 3)
Num Face Normals: (252, 3)
Num Vertex UV: (128, 2)

Begin subdivide cloth...
Num Vertices: (758, 3)
Num Faces: (1512, 3)
Num Vertex Normals: (758, 3)
Num Face Normals: (1512, 3)
Num Vertex UV: (758, 2)

Num Vertices: (4538, 3)
Num Faces: (9072, 3)
Num Vertex Normals: (4538, 3)
Num Face Normals: (9072, 3)
Num Vertex UV: (4538, 2)

Begin thicken cloth...
Num Vertices: (64, 3)
Num Faces: (90, 3)
Num Vertex Normals: (64, 3)
Num Face Normals: (90, 3)
Num Vertex UV: (64, 2)

Begin subdivide cloth...
Num Vertices: (128, 3)
Num Faces: (252, 3)
Num Vertex Normals: (128, 3)
Num Face Normals: (252, 3)
Num Vertex UV: (128, 2)

Begin subdivide cloth...
Num Vertices: (758, 3)
Num Faces: (1512, 3)
Num Vertex Normals: (758, 3)
Num Face Normals: (1512, 3)
Num Vertex UV: (758, 2)

Num Vertices: (4538, 3)
Num Faces: (9072, 3)
Num Vertex Normals: (4538, 3)
Num Face Normals: (9072, 3)
Num Vertex UV: (4538, 2)

Begin thicken cloth...
Num Vertices: (64, 3)
Num Faces: (90, 3)
Num Vertex Normals: (64, 3)
Num Face Normals: (90, 3)
Num Vertex UV: (64, 2)

Begin subdivide cloth...
Num Vertices: (128, 3)
Num Faces: (252, 3)
Num Vertex Normals: (128, 3)
Num Face Normals: (252, 3)
Num Vertex UV: (128, 2)

Begin subdivide cloth...
Num Vertices: (758, 3)
Num Faces: (1512, 3)
Num Vertex Normals: (758, 3)
Num Face Normals: (1512, 3)
Num Vertex UV: (758, 2)

Num Vertices: (4538, 3)
Num Faces: (9072, 3)
Num Vertex Normals: (4538, 3)
Num Face Normals: (9072, 3)
Num Vertex UV: (4538, 2)

Begin thicken cloth...
Num Vertices: (64, 3)
Num Faces: (90, 3)
Num Vertex Normals: (64, 3)
Num Face Normals: (90, 3)
Num Vertex UV: (64, 2)

Begin subdivide cloth...
Num Vertices: (128, 3)
Num Faces: (252, 3)
Num Vertex Normals: (128, 3)
Num Face Normals: (252, 3)
Num Vertex UV: (128, 2)

Begin subdivide cloth...
Num Vertices: (758, 3)
Num Faces: (1512, 3)
Num Vertex Normals: (758, 3)
Num Face Normals: (1512, 3)
Num Vertex UV: (758, 2)

Num Vertices: (4538, 3)
Num Faces: (9072, 3)
Num Vertex Normals: (4538, 3)
Num Face Normals: (9072, 3)
Num Vertex UV: (4538, 2)

tot_time: 29.005542755126953
total_reward: [-0.15910344207836458, -0.14884595554406954, -0.14601392415974201, -0.12811571794749121, -0.12405471617665831, -0.11827410738985789, -0.11225241602530911, -0.10619230303075211, -0.10160793132580981, -0.09834609693597618, -0.0954645482983496, -0.09221321255464043, -0.08702851317302773, -0.06871585219395926, -0.06241711629367952, -0.05838560932896275, -0.05047382274838541, -0.04290019578030879, -0.036983750640018576, -0.03641529989694803, -0.03641529989694803, -0.03641529989694803, -0.03641529989694803, -0.03641529989694803, -0.03641529989694803, -0.03641529989694803, -0.03641529989694803, -0.03641529989694803, -0.03641529989694803, -0.03641529989694803, -0.03641529989694803, -0.03641529989694803, -0.03641529989694803, -0.03641529989694803, -0.03641529989694803, -0.03641529989694803, -0.03641529989694803, -0.03641529989694803, -0.03641529989694803, -0.03641529989694803, -0.03641529989694803, -0.03641529989694803, -0.03641529989694803, -0.03641529989694803, -0.03641529989694803, -0.03641529989694803, -0.03641529989694803, -0.03641529989694803, -0.03641529989694803, -0.03641529989694803, -0.03641529989694803, -0.03641529989694803, -0.03641529989694803, -0.03641529989694803, -0.03641529989694803, -0.038907530165944504, -0.04142589482321801, -0.043951338300544984, -0.0462393040759721, -0.04984407125071577, -0.05330292398762371, -0.058368764295094966, -0.060108435922581194, -0.0644595358001323, -0.06719003499035647, -0.06955186284928239, -0.06350632449634008, -0.06407084388975837, -0.0642591896953888, -0.0643557353731794, -0.06398490267077839, -0.06413703567854756, -0.06392807682567314, -0.05914063590131069, -0.058698669609076104, -0.057615461743093066, -0.05881934128031596, -0.0582945137198001, -0.0544018140319944, -0.05396174555409883, -0.052039152892576546, -0.05042440130682824, -0.04936278286396578, -0.04920054095055648, -0.0488484417495636, -0.05191941509039122, -0.054004549093954024, -0.051993613183775045, -0.049594094203192496, -0.04795001840147739, -0.046337414767104956, -0.045078531475690076, -0.04406889477208953, -0.042275932462561894, -0.040822736535019555, -0.03938824538218433, -0.04077093720012659, -0.03641529989694803, -0.03641529989694803, -0.03641529989694803, -0.03641529989694803, -0.03641529989694803, -0.03641529989694803, -0.03641529989694803, -0.03641529989694803, -0.03641529989694803, -0.03641529989694803, -0.03641529989694803, -0.03641529989694803, -0.03641529989694803, -0.03641529989694803, -0.03647959895520825, -0.036658508236669274, -0.03661515253123748, -0.03641529989694803, -0.03641529989694803, -0.03641529989694803, -0.03641529989694803, -0.03641529989694803, -0.03641529989694803, -0.03641529989694803]
Export to file: ../imgs/traj_opt_fold_13/scene_0.luisa
Export finished.
Export to file: ../imgs/traj_opt_fold_13/scene_1.luisa
Export finished.
Export to file: ../imgs/traj_opt_fold_13/scene_2.luisa
Export finished.
Export to file: ../imgs/traj_opt_fold_13/scene_3.luisa
Export finished.
Export to file: ../imgs/traj_opt_fold_13/scene_4.luisa
Export finished.
Export to file: ../imgs/traj_opt_fold_13/scene_5.luisa
Export finished.
Export to file: ../imgs/traj_opt_fold_13/scene_6.luisa
Export finished.
Export to file: ../imgs/traj_opt_fold_13/scene_7.luisa
Export finished.
Export to file: ../imgs/traj_opt_fold_13/scene_8.luisa
Export finished.
Export to file: ../imgs/traj_opt_fold_13/scene_9.luisa
Export finished.
Export to file: ../imgs/traj_opt_fold_13/scene_10.luisa
Export finished.
Export to file: ../imgs/traj_opt_fold_13/scene_11.luisa
Export finished.
Export to file: ../imgs/traj_opt_fold_13/scene_12.luisa
Export finished.
Export to file: ../imgs/traj_opt_fold_13/scene_13.luisa
Export finished.
Export to file: ../imgs/traj_opt_fold_13/scene_14.luisa
Export finished.
Export to file: ../imgs/traj_opt_fold_13/scene_15.luisa
Export finished.
Export to file: ../imgs/traj_opt_fold_13/scene_16.luisa
Export finished.
Export to file: ../imgs/traj_opt_fold_13/scene_17.luisa
Export finished.
Export to file: ../imgs/traj_opt_fold_13/scene_18.luisa
Export finished.
Export to file: ../imgs/traj_opt_fold_13/scene_19.luisa
Export finished.
Export to file: ../imgs/traj_opt_fold_13/scene_20.luisa
Export finished.
Export to file: ../imgs/traj_opt_fold_13/scene_21.luisa
Export finished.
Export to file: ../imgs/traj_opt_fold_13/scene_22.luisa
Export finished.
Export to file: ../imgs/traj_opt_fold_13/scene_23.luisa
Export finished.
Export to file: ../imgs/traj_opt_fold_13/scene_24.luisa
Export finished.
Export to file: ../imgs/traj_opt_fold_13/scene_25.luisa
Export finished.
Export to file: ../imgs/traj_opt_fold_13/scene_26.luisa
Export finished.
Export to file: ../imgs/traj_opt_fold_13/scene_27.luisa
Export finished.
Export to file: ../imgs/traj_opt_fold_13/scene_28.luisa
Export finished.
Export to file: ../imgs/traj_opt_fold_13/scene_29.luisa
Export finished.
Export to file: ../imgs/traj_opt_fold_13/scene_30.luisa
Export finished.
Export to file: ../imgs/traj_opt_fold_13/scene_31.luisa
Export finished.
Export to file: ../imgs/traj_opt_fold_13/scene_32.luisa
Export finished.
Export to file: ../imgs/traj_opt_fold_13/scene_33.luisa
Export finished.
Export to file: ../imgs/traj_opt_fold_13/scene_34.luisa
Export finished.
Export to file: ../imgs/traj_opt_fold_13/scene_35.luisa
Export finished.
Export to file: ../imgs/traj_opt_fold_13/scene_36.luisa
Export finished.
Export to file: ../imgs/traj_opt_fold_13/scene_37.luisa
Export finished.
Export to file: ../imgs/traj_opt_fold_13/scene_38.luisa
Export finished.
Export to file: ../imgs/traj_opt_fold_13/scene_39.luisa
Export finished.
Export to file: ../imgs/traj_opt_fold_13/scene_40.luisa
Export finished.
Export to file: ../imgs/traj_opt_fold_13/scene_41.luisa
Export finished.
Export to file: ../imgs/traj_opt_fold_13/scene_42.luisa
Export finished.
Export to file: ../imgs/traj_opt_fold_13/scene_43.luisa
Export finished.
Export to file: ../imgs/traj_opt_fold_13/scene_44.luisa
Export finished.
Export to file: ../imgs/traj_opt_fold_13/scene_45.luisa
Export finished.
Export to file: ../imgs/traj_opt_fold_13/scene_46.luisa
Export finished.
Export to file: ../imgs/traj_opt_fold_13/scene_47.luisa
Export finished.
Export to file: ../imgs/traj_opt_fold_13/scene_48.luisa
Export finished.
Export to file: ../imgs/traj_opt_fold_13/scene_49.luisa
Export finished.
done grad
