[Taichi] version 1.7.4, llvm 15.0.4, commit b4b956fd, linux, python 3.9.25
[Taichi] Starting on arch=cuda
tot node: 1209
[W 10/02/26 13:59:15.846 12828] TaichiWarning
While compiling `get_vertices_c208_0`, File "/root/ThinShellLab/code/engine/model_elastic_tactile.py", line 206, in get_vertices:
            self.F_vertices[i][0] = p[i, 0]
            ^^^^^^^^^^^^^^^^^^^^^^^^^^^^^^^
Assign may lose precision: i32 <- i64
[W 10/02/26 13:59:15.846 12828] TaichiWarning
While compiling `get_vertices_c208_0`, File "/root/ThinShellLab/code/engine/model_elastic_tactile.py", line 207, in get_vertices:
            self.F_vertices[i][1] = p[i, 1]
            ^^^^^^^^^^^^^^^^^^^^^^^^^^^^^^^
Assign may lose precision: i32 <- i64
[W 10/02/26 13:59:15.846 12828] TaichiWarning
While compiling `get_vertices_c208_0`, File "/root/ThinShellLab/code/engine/model_elastic_tactile.py", line 208, in get_vertices:
            self.F_vertices[i][2] = p[i, 2]
            ^^^^^^^^^^^^^^^^^^^^^^^^^^^^^^^
Assign may lose precision: i32 <- i64
[W 10/02/26 13:59:15.846 12828] TaichiWarning
While compiling `get_vertices_c208_0`, File "/root/ThinShellLab/code/engine/model_elastic_tactile.py", line 209, in get_vertices:
            self.F_vertices[i][3] = p[i, 3]
            ^^^^^^^^^^^^^^^^^^^^^^^^^^^^^^^
Assign may lose precision: i32 <- i64
[W 10/02/26 13:59:16.069 12828] TaichiWarning
While compiling `init_surface_indices_c216_0`, File "/root/ThinShellLab/code/engine/model_elastic_tactile.py", line 268, in init_surface_indices:
            self.f2v[i][0] = p[i, 0]
            ^^^^^^^^^^^^^^^^^^^^^^^^
Assign may lose precision: i32 <- i64
[W 10/02/26 13:59:16.069 12828] TaichiWarning
While compiling `init_surface_indices_c216_0`, File "/root/ThinShellLab/code/engine/model_elastic_tactile.py", line 269, in init_surface_indices:
            self.f2v[i][1] = p[i, 1]
            ^^^^^^^^^^^^^^^^^^^^^^^^
Assign may lose precision: i32 <- i64
[W 10/02/26 13:59:16.069 12828] TaichiWarning
While compiling `init_surface_indices_c216_0`, File "/root/ThinShellLab/code/engine/model_elastic_tactile.py", line 270, in init_surface_indices:
            self.f2v[i][2] = p[i, 2]
            ^^^^^^^^^^^^^^^^^^^^^^^^
Assign may lose precision: i32 <- i64
[W 10/02/26 13:59:16.138 12828] TaichiWarning
While compiling `get_vertices_c208_1`, File "/root/ThinShellLab/code/engine/model_elastic_tactile.py", line 206, in get_vertices:
            self.F_vertices[i][0] = p[i, 0]
            ^^^^^^^^^^^^^^^^^^^^^^^^^^^^^^^
Assign may lose precision: i32 <- i64
[W 10/02/26 13:59:16.138 12828] TaichiWarning
While compiling `get_vertices_c208_1`, File "/root/ThinShellLab/code/engine/model_elastic_tactile.py", line 207, in get_vertices:
            self.F_vertices[i][1] = p[i, 1]
            ^^^^^^^^^^^^^^^^^^^^^^^^^^^^^^^
Assign may lose precision: i32 <- i64
[W 10/02/26 13:59:16.138 12828] TaichiWarning
While compiling `get_vertices_c208_1`, File "/root/ThinShellLab/code/engine/model_elastic_tactile.py", line 208, in get_vertices:
            self.F_vertices[i][2] = p[i, 2]
            ^^^^^^^^^^^^^^^^^^^^^^^^^^^^^^^
Assign may lose precision: i32 <- i64
[W 10/02/26 13:59:16.138 12828] TaichiWarning
While compiling `get_vertices_c208_1`, File "/root/ThinShellLab/code/engine/model_elastic_tactile.py", line 209, in get_vertices:
            self.F_vertices[i][3] = p[i, 3]
            ^^^^^^^^^^^^^^^^^^^^^^^^^^^^^^^
Assign may lose precision: i32 <- i64
[W 10/02/26 13:59:16.320 12828] TaichiWarning
While compiling `init_surface_indices_c216_1`, File "/root/ThinShellLab/code/engine/model_elastic_tactile.py", line 268, in init_surface_indices:
            self.f2v[i][0] = p[i, 0]
            ^^^^^^^^^^^^^^^^^^^^^^^^
Assign may lose precision: i32 <- i64
[W 10/02/26 13:59:16.320 12828] TaichiWarning
While compiling `init_surface_indices_c216_1`, File "/root/ThinShellLab/code/engine/model_elastic_tactile.py", line 269, in init_surface_indices:
            self.f2v[i][1] = p[i, 1]
            ^^^^^^^^^^^^^^^^^^^^^^^^
Assign may lose precision: i32 <- i64
[W 10/02/26 13:59:16.320 12828] TaichiWarning
While compiling `init_surface_indices_c216_1`, File "/root/ThinShellLab/code/engine/model_elastic_tactile.py", line 270, in init_surface_indices:
            self.f2v[i][2] = p[i, 2]
            ^^^^^^^^^^^^^^^^^^^^^^^^
Assign may lose precision: i32 <- i64
[W 10/02/26 13:59:16.387 12828] TaichiWarning
While compiling `get_vertices_c208_2`, File "/root/ThinShellLab/code/engine/model_elastic_tactile.py", line 206, in get_vertices:
            self.F_vertices[i][0] = p[i, 0]
            ^^^^^^^^^^^^^^^^^^^^^^^^^^^^^^^
Assign may lose precision: i32 <- i64
[W 10/02/26 13:59:16.387 12828] TaichiWarning
While compiling `get_vertices_c208_2`, File "/root/ThinShellLab/code/engine/model_elastic_tactile.py", line 207, in get_vertices:
            self.F_vertices[i][1] = p[i, 1]
            ^^^^^^^^^^^^^^^^^^^^^^^^^^^^^^^
Assign may lose precision: i32 <- i64
[W 10/02/26 13:59:16.387 12828] TaichiWarning
While compiling `get_vertices_c208_2`, File "/root/ThinShellLab/code/engine/model_elastic_tactile.py", line 208, in get_vertices:
            self.F_vertices[i][2] = p[i, 2]
            ^^^^^^^^^^^^^^^^^^^^^^^^^^^^^^^
Assign may lose precision: i32 <- i64
[W 10/02/26 13:59:16.387 12828] TaichiWarning
While compiling `get_vertices_c208_2`, File "/root/ThinShellLab/code/engine/model_elastic_tactile.py", line 209, in get_vertices:
            self.F_vertices[i][3] = p[i, 3]
            ^^^^^^^^^^^^^^^^^^^^^^^^^^^^^^^
Assign may lose precision: i32 <- i64
[W 10/02/26 13:59:16.573 12828] TaichiWarning
While compiling `init_surface_indices_c216_2`, File "/root/ThinShellLab/code/engine/model_elastic_tactile.py", line 268, in init_surface_indices:
            self.f2v[i][0] = p[i, 0]
            ^^^^^^^^^^^^^^^^^^^^^^^^
Assign may lose precision: i32 <- i64
[W 10/02/26 13:59:16.573 12828] TaichiWarning
While compiling `init_surface_indices_c216_2`, File "/root/ThinShellLab/code/engine/model_elastic_tactile.py", line 269, in init_surface_indices:
            self.f2v[i][1] = p[i, 1]
            ^^^^^^^^^^^^^^^^^^^^^^^^
Assign may lose precision: i32 <- i64
[W 10/02/26 13:59:16.573 12828] TaichiWarning
While compiling `init_surface_indices_c216_2`, File "/root/ThinShellLab/code/engine/model_elastic_tactile.py", line 270, in init_surface_indices:
            self.f2v[i][2] = p[i, 2]
            ^^^^^^^^^^^^^^^^^^^^^^^^
Assign may lose precision: i32 <- i64
/root/venv_tsl/lib/python3.9/site-packages/taichi/ui/scene.py:460: DeprecationWarning: Instantiating ti.ui.Scene directly is deprecated, use the get_scene() function from a taichi.ui.Window object instead.
  warnings.warn(
Saving Path: ../imgs/traj_opt_lift_0
iter:  0
[W 10/02/26 13:59:18.569 12828] TaichiWarning
File "/root/venv_tsl/lib/python3.9/site-packages/taichi/ui/scene.py", line 66, in gen_normals_kernel_indexed:
        atomic_add(normals[i_a], n)
        ^^^^^^^^^^^^^^^^^^^^^^^^^^^
Atomic add may lose precision: f32 <- f64
[W 10/02/26 13:59:18.569 12828] TaichiWarning
File "/root/venv_tsl/lib/python3.9/site-packages/taichi/ui/scene.py", line 67, in gen_normals_kernel_indexed:
        atomic_add(normals[i_b], n)
        ^^^^^^^^^^^^^^^^^^^^^^^^^^^
Atomic add may lose precision: f32 <- f64
[W 10/02/26 13:59:18.569 12828] TaichiWarning
File "/root/venv_tsl/lib/python3.9/site-packages/taichi/ui/scene.py", line 68, in gen_normals_kernel_indexed:
        atomic_add(normals[i_c], n)
        ^^^^^^^^^^^^^^^^^^^^^^^^^^^
Atomic add may lose precision: f32 <- f64
[W 10/02/26 13:59:18.569 12828] TaichiWarning
File "/root/venv_tsl/lib/python3.9/site-packages/taichi/ui/scene.py", line 69, in gen_normals_kernel_indexed:
        atomic_add(weights[i_a], 1.0)
        ^^^^^^^^^^^^^^^^^^^^^^^^^^^^^
Atomic add may lose precision: f32 <- f64
[W 10/02/26 13:59:18.569 12828] TaichiWarning
File "/root/venv_tsl/lib/python3.9/site-packages/taichi/ui/scene.py", line 70, in gen_normals_kernel_indexed:
        atomic_add(weights[i_b], 1.0)
        ^^^^^^^^^^^^^^^^^^^^^^^^^^^^^
Atomic add may lose precision: f32 <- f64
[W 10/02/26 13:59:18.570 12828] TaichiWarning
File "/root/venv_tsl/lib/python3.9/site-packages/taichi/ui/scene.py", line 71, in gen_normals_kernel_indexed:
        atomic_add(weights[i_c], 1.0)
        ^^^^^^^^^^^^^^^^^^^^^^^^^^^^^
Atomic add may lose precision: f32 <- f64
[W 10/02/26 13:59:18.571 12828] TaichiWarning
While compiling `gen_normals_kernel_indexed_c78_0`, File "/root/venv_tsl/lib/python3.9/site-packages/taichi/ui/scene.py", line 56, in gen_normals_kernel_indexed:
        normals[i] = Vector([0.0, 0.0, 0.0])
        ^^^^^^^^^^^^^^^^^^^^^^^^^^^^^^^^^^^^
Assign may lose precision: f32 <- f64
[W 10/02/26 13:59:18.571 12828] TaichiWarning
While compiling `gen_normals_kernel_indexed_c78_0`, File "/root/venv_tsl/lib/python3.9/site-packages/taichi/ui/scene.py", line 57, in gen_normals_kernel_indexed:
        weights[i] = 0.0
        ^^^^^^^^^^^^^^^^
Assign may lose precision: f32 <- f64
[W 10/02/26 13:59:18.632 12828] TaichiWarning
While compiling `copy_all_to_vbo_c62_0`, File "/root/venv_tsl/lib/python3.9/site-packages/taichi/ui/staging_buffer.py", line 124, in copy_all_to_vbo:
                vbo[i][8:11] = color[i]
                ^^^^^^^^^^^^^^^^^^^^^^^
Assign may lose precision: f32 <- f64
[W 10/02/26 13:59:18.632 12828] TaichiWarning
While compiling `copy_all_to_vbo_c62_0`, File "/root/venv_tsl/lib/python3.9/site-packages/taichi/ui/staging_buffer.py", line 125, in copy_all_to_vbo:
                vbo[i][11] = 1.0
                ^^^^^^^^^^^^^^^^
Assign may lose precision: f32 <- f64
[I 10/02/26 13:59:18.714 12828] [swap_chain.cpp:dump_image_buffer@164] Dumping image buffer...
init time: 0.33333373069763184
contact time: 0.6934633255004883
tot contact: 29
contact analysis time: 0.17071843147277832
/root/ThinShellLab/code/engine/sparse_solver.py:103: VisibleDeprecationWarning: This function is deprecated and will be removed in a future release. Use the cupy.from_dlpack() array constructor instead.
  x = from_dlpack(spsolve(H, b).toDlpack())
solving time: 110.9324562549591 iter: 9
tot_time: 113.17086362838745
init time: 0.00025153160095214844
contact time: 0.0031070709228515625
tot contact: 26
contact analysis time: 0.0005097389221191406
solving time: 0.4746286869049072 iter: 9
tot_time: 113.65440630912781
init time: 0.00024175643920898438
contact time: 0.0032715797424316406
tot contact: 23
contact analysis time: 0.0005643367767333984
solving time: 0.46715474128723145 iter: 9
tot_time: 114.130606174469
init time: 0.00023412704467773438
contact time: 0.0034356117248535156
tot contact: 26
contact analysis time: 0.0004985332489013672
solving time: 0.5705842971801758 iter: 11
tot_time: 114.71033048629761
init time: 0.00025200843811035156
contact time: 0.003551006317138672
tot contact: 25
contact analysis time: 0.0004639625549316406
solving time: 0.6220009326934814 iter: 12
tot_time: 115.34158396720886
init time: 0.0002396106719970703
contact time: 0.0035948753356933594
tot contact: 22
contact analysis time: 0.000484466552734375
solving time: 0.6739132404327393 iter: 13
tot_time: 116.02492833137512
init time: 0.0002353191375732422
contact time: 0.0036106109619140625
tot contact: 26
contact analysis time: 0.00048661231994628906
solving time: 0.9070742130279541 iter: 15
tot_time: 116.94137930870056
init time: 0.0003304481506347656
contact time: 0.0035676956176757812
tot contact: 26
contact analysis time: 0.0005350112915039062
solving time: 0.902226448059082 iter: 15
tot_time: 117.85308027267456
init time: 0.0003223419189453125
contact time: 0.003637075424194336
tot contact: 28
contact analysis time: 0.0005033016204833984
solving time: 0.9355759620666504 iter: 15
tot_time: 118.7992684841156
init time: 0.0003211498260498047
contact time: 0.003598451614379883
tot contact: 29
contact analysis time: 0.0005402565002441406
solving time: 0.9403517246246338 iter: 15
tot_time: 119.74908804893494
init time: 0.0002429485321044922
contact time: 0.003635406494140625
tot contact: 28
contact analysis time: 0.0004761219024658203
solving time: 0.9465305805206299 iter: 15
tot_time: 120.70486688613892
init time: 0.00029158592224121094
contact time: 0.0036885738372802734
tot contact: 28
contact analysis time: 0.0004620552062988281
solving time: 0.9453825950622559 iter: 15
tot_time: 121.65966939926147
init time: 0.00024628639221191406
contact time: 0.003625154495239258
tot contact: 28
contact analysis time: 0.00048279762268066406
solving time: 0.9434390068054199 iter: 15
tot_time: 122.61235809326172
init time: 0.00023746490478515625
contact time: 0.0037033557891845703
tot contact: 29
contact analysis time: 0.00046944618225097656
solving time: 0.9322412014007568 iter: 15
tot_time: 123.55402565002441
init time: 0.000240325927734375
contact time: 0.003762960433959961
tot contact: 28
contact analysis time: 0.0004723072052001953
solving time: 0.936774730682373 iter: 15
tot_time: 124.50019478797913
init time: 0.0003590583801269531
contact time: 0.0037703514099121094
tot contact: 28
contact analysis time: 0.0006158351898193359
solving time: 0.9332888126373291 iter: 15
tot_time: 125.44391679763794
init time: 0.00023031234741210938
contact time: 0.0036516189575195312
tot contact: 30
contact analysis time: 0.00046944618225097656
solving time: 0.956758975982666 iter: 15
tot_time: 126.41000485420227
init time: 0.00023651123046875
contact time: 0.0037131309509277344
tot contact: 32
contact analysis time: 0.0004742145538330078
solving time: 0.9451196193695068 iter: 15
tot_time: 127.36449861526489
init time: 0.00024175643920898438
contact time: 0.0036673545837402344
tot contact: 33
contact analysis time: 0.0004754066467285156
solving time: 0.9495525360107422 iter: 15
tot_time: 128.3233880996704
init time: 0.0002460479736328125
contact time: 0.0037240982055664062
tot contact: 36
contact analysis time: 0.00048351287841796875
solving time: 0.956113338470459 iter: 15
tot_time: 129.28894209861755
init time: 0.00023698806762695312
contact time: 0.0037412643432617188
tot contact: 38
contact analysis time: 0.0004837512969970703
solving time: 0.964409351348877 iter: 15
tot_time: 130.26283311843872
init time: 0.00023365020751953125
contact time: 0.003760099411010742
tot contact: 38
contact analysis time: 0.0004792213439941406
solving time: 0.9669291973114014 iter: 15
tot_time: 131.23922157287598
init time: 0.0004544258117675781
contact time: 0.003899097442626953
tot contact: 36
contact analysis time: 0.0005316734313964844
solving time: 0.9637246131896973 iter: 15
tot_time: 132.21405053138733
init time: 0.00023555755615234375
contact time: 0.0037250518798828125
tot contact: 36
contact analysis time: 0.0004820823669433594
solving time: 0.9658081531524658 iter: 15
tot_time: 133.1892066001892
init time: 0.0003135204315185547
contact time: 0.003698587417602539
tot contact: 37
contact analysis time: 0.0005688667297363281
solving time: 0.9681227207183838 iter: 15
tot_time: 134.16683101654053
init time: 0.00023889541625976562
contact time: 0.003782987594604492
tot contact: 36
contact analysis time: 0.0004668235778808594
solving time: 0.9629580974578857 iter: 15
tot_time: 135.13948369026184
init time: 0.0002448558807373047
contact time: 0.003763914108276367
tot contact: 36
contact analysis time: 0.0005118846893310547
solving time: 0.9647979736328125 iter: 15
tot_time: 136.11372995376587
init time: 0.00024127960205078125
contact time: 0.0037603378295898438
tot contact: 41
contact analysis time: 0.00046896934509277344
solving time: 0.9655842781066895 iter: 15
tot_time: 137.0888912677765
init time: 0.00024008750915527344
contact time: 0.003722667694091797
tot contact: 40
contact analysis time: 0.0004715919494628906
solving time: 0.9767639636993408 iter: 15
tot_time: 138.0751404762268
init time: 0.00024247169494628906
contact time: 0.003725290298461914
tot contact: 28
contact analysis time: 0.0004897117614746094
solving time: 0.9360871315002441 iter: 15
tot_time: 139.02073001861572
init time: 0.0003085136413574219
contact time: 0.003711700439453125
tot contact: 30
contact analysis time: 0.0005393028259277344
solving time: 0.9458358287811279 iter: 15
tot_time: 139.97614121437073
init time: 0.0002453327178955078
contact time: 0.0038216114044189453
tot contact: 34
contact analysis time: 0.0004754066467285156
solving time: 0.9604959487915039 iter: 15
tot_time: 140.94632148742676
init time: 0.0002391338348388672
contact time: 0.0037848949432373047
tot contact: 31
contact analysis time: 0.0004754066467285156
solving time: 0.9595339298248291 iter: 15
tot_time: 141.91530084609985
init time: 0.00026345252990722656
contact time: 0.003832578659057617
tot contact: 31
contact analysis time: 0.00047588348388671875
solving time: 0.9556930065155029 iter: 15
tot_time: 142.88063836097717
init time: 0.00023889541625976562
contact time: 0.003738880157470703
tot contact: 33
contact analysis time: 0.0004825592041015625
solving time: 0.946263313293457 iter: 15
tot_time: 143.83634305000305
init time: 0.00030803680419921875
contact time: 0.0038404464721679688
tot contact: 36
contact analysis time: 0.00047969818115234375
solving time: 0.9621114730834961 iter: 15
tot_time: 144.80817985534668
init time: 0.00024127960205078125
contact time: 0.0036766529083251953
tot contact: 37
contact analysis time: 0.0004718303680419922
solving time: 0.96055006980896 iter: 15
tot_time: 145.778071641922
init time: 0.0003039836883544922
contact time: 0.0036656856536865234
tot contact: 37
contact analysis time: 0.0005338191986083984
solving time: 0.9538037776947021 iter: 15
tot_time: 146.7413682937622
init time: 0.0002548694610595703
contact time: 0.003787994384765625
tot contact: 36
contact analysis time: 0.0004849433898925781
solving time: 0.9630818367004395 iter: 15
tot_time: 147.71401691436768
init time: 0.00024271011352539062
contact time: 0.0037064552307128906
tot contact: 34
contact analysis time: 0.00047898292541503906
solving time: 0.9438245296478271 iter: 15
tot_time: 148.66721725463867
init time: 0.00023436546325683594
contact time: 0.003687143325805664
tot contact: 34
contact analysis time: 0.0004813671112060547
solving time: 0.9397754669189453 iter: 15
tot_time: 149.6164653301239
init time: 0.0002455711364746094
contact time: 0.003596782684326172
tot contact: 33
contact analysis time: 0.0004742145538330078
solving time: 0.9392497539520264 iter: 15
tot_time: 150.56496500968933
init time: 0.00031065940856933594
contact time: 0.003681659698486328
tot contact: 32
contact analysis time: 0.00047469139099121094
solving time: 0.9354407787322998 iter: 15
tot_time: 151.50989603996277
init time: 0.0002410411834716797
contact time: 0.0035805702209472656
tot contact: 32
contact analysis time: 0.0004611015319824219
solving time: 0.922450065612793 iter: 15
tot_time: 152.4416947364807
init time: 0.00038623809814453125
contact time: 0.003610849380493164
tot contact: 31
contact analysis time: 0.0005559921264648438
solving time: 0.9280545711517334 iter: 15
tot_time: 153.37998390197754
init time: 0.00023865699768066406
contact time: 0.003701925277709961
tot contact: 30
contact analysis time: 0.00048041343688964844
solving time: 0.9280910491943359 iter: 15
tot_time: 154.31744742393494
init time: 0.0002422332763671875
contact time: 0.0036797523498535156
tot contact: 30
contact analysis time: 0.0004870891571044922
solving time: 0.9206798076629639 iter: 15
tot_time: 155.24747896194458
init time: 0.00024199485778808594
contact time: 0.0036895275115966797
tot contact: 30
contact analysis time: 0.0004780292510986328
solving time: 0.9237418174743652 iter: 15
tot_time: 156.1806161403656
init time: 0.0002532005310058594
contact time: 0.003692626953125
tot contact: 31
contact analysis time: 0.0004878044128417969
solving time: 0.9234921932220459 iter: 15
tot_time: 157.1134672164917
tot_time: 157.11347603797913
total_reward: [-0.046209895831439425]
tot contact: 31
tot contact: 30
tot contact: 30
tot contact: 30
tot contact: 31
tot contact: 32
tot contact: 32
tot contact: 33
tot contact: 34
tot contact: 34
tot contact: 36
tot contact: 37
tot contact: 37
tot contact: 36
tot contact: 33
tot contact: 31
tot contact: 31
tot contact: 34
tot contact: 30
tot contact: 28
tot contact: 40
tot contact: 41
tot contact: 36
tot contact: 36
tot contact: 37
tot contact: 36
tot contact: 36
tot contact: 38
tot contact: 38
tot contact: 36
tot contact: 33
tot contact: 32
tot contact: 30
tot contact: 28
tot contact: 28
tot contact: 29
tot contact: 28
tot contact: 28
tot contact: 28
tot contact: 29
tot contact: 28
tot contact: 26
tot contact: 26
tot contact: 22
tot contact: 25
tot contact: 26
tot contact: 23
tot contact: 26
tot contact: 29
done grad
iter:  1
[I 10/02/26 14:02:00.816 12828] [swap_chain.cpp:dump_image_buffer@164] Dumping image buffer...
init time: 0.0003077983856201172
contact time: 0.0030007362365722656
tot contact: 29
contact analysis time: 0.0004875659942626953
solving time: 0.48401570320129395 iter: 9
tot_time: 0.5486569404602051
init time: 0.0002410411834716797
contact time: 0.003151416778564453
tot contact: 26
contact analysis time: 0.00048065185546875
solving time: 0.470409631729126 iter: 9
tot_time: 1.0279061794281006
init time: 0.0002684593200683594
contact time: 0.003356456756591797
tot contact: 23
contact analysis time: 0.00048828125
solving time: 0.4685487747192383 iter: 9
tot_time: 1.5055127143859863
init time: 0.0002994537353515625
contact time: 0.0035195350646972656
tot contact: 26
contact analysis time: 0.0004820823669433594
solving time: 0.5779533386230469 iter: 11
tot_time: 2.0927574634552
init time: 0.0002396106719970703
contact time: 0.003627300262451172
tot contact: 25
contact analysis time: 0.0004906654357910156
solving time: 0.6269652843475342 iter: 12
tot_time: 2.7291054725646973
init time: 0.0002384185791015625
contact time: 0.003604888916015625
tot contact: 22
contact analysis time: 0.0004956722259521484
solving time: 0.6780350208282471 iter: 13
tot_time: 3.4164912700653076
init time: 0.0003333091735839844
contact time: 0.0036368370056152344
tot contact: 26
contact analysis time: 0.0005233287811279297
solving time: 0.9107458591461182 iter: 15
tot_time: 4.336857318878174
init time: 0.0003139972686767578
contact time: 0.0035240650177001953
tot contact: 28
contact analysis time: 0.0005514621734619141
solving time: 0.9543271064758301 iter: 15
tot_time: 5.30057168006897
init time: 0.0002601146697998047
contact time: 0.0035905838012695312
tot contact: 27
contact analysis time: 0.0004904270172119141
solving time: 0.9397799968719482 iter: 15
tot_time: 6.2504143714904785
init time: 0.00024199485778808594
contact time: 0.0035610198974609375
tot contact: 26
contact analysis time: 0.0004911422729492188
solving time: 0.934159517288208 iter: 15
tot_time: 7.1938934326171875
init time: 0.0002396106719970703
contact time: 0.0036652088165283203
tot contact: 29
contact analysis time: 0.0004737377166748047
solving time: 0.9421372413635254 iter: 15
tot_time: 8.145537853240967
init time: 0.0002396106719970703
contact time: 0.003631114959716797
tot contact: 29
contact analysis time: 0.0004937648773193359
solving time: 0.9511828422546387 iter: 15
tot_time: 9.10603141784668
init time: 0.0003018379211425781
contact time: 0.0036864280700683594
tot contact: 29
contact analysis time: 0.0004744529724121094
solving time: 0.9480385780334473 iter: 15
tot_time: 10.063585758209229
init time: 0.0002474784851074219
contact time: 0.0037467479705810547
tot contact: 29
contact analysis time: 0.0005080699920654297
solving time: 0.9422848224639893 iter: 15
tot_time: 11.015382528305054
init time: 0.0003027915954589844
contact time: 0.0037734508514404297
tot contact: 29
contact analysis time: 0.0005536079406738281
solving time: 0.9492948055267334 iter: 15
tot_time: 11.974310636520386
init time: 0.00024819374084472656
contact time: 0.0036683082580566406
tot contact: 29
contact analysis time: 0.0005152225494384766
solving time: 0.9514245986938477 iter: 15
tot_time: 12.935304403305054
init time: 0.0002422332763671875
contact time: 0.0036191940307617188
tot contact: 30
contact analysis time: 0.00047898292541503906
solving time: 0.9573476314544678 iter: 15
tot_time: 13.902044296264648
init time: 0.00023865699768066406
contact time: 0.003752470016479492
tot contact: 30
contact analysis time: 0.0004870891571044922
solving time: 0.9539978504180908 iter: 15
tot_time: 14.865509271621704
init time: 0.0002429485321044922
contact time: 0.003675222396850586
tot contact: 34
contact analysis time: 0.0005025863647460938
solving time: 0.9553399085998535 iter: 15
tot_time: 15.83022403717041
init time: 0.00036072731018066406
contact time: 0.003823518753051758
tot contact: 36
contact analysis time: 0.0005280971527099609
solving time: 0.9587652683258057 iter: 15
tot_time: 16.799237728118896
init time: 0.00024080276489257812
contact time: 0.0036759376525878906
tot contact: 38
contact analysis time: 0.00048470497131347656
solving time: 0.962827205657959 iter: 15
tot_time: 17.771424770355225
init time: 0.0003020763397216797
contact time: 0.0036551952362060547
tot contact: 38
contact analysis time: 0.0005495548248291016
solving time: 0.9649014472961426 iter: 15
tot_time: 18.74583077430725
init time: 0.0002453327178955078
contact time: 0.003771066665649414
tot contact: 38
contact analysis time: 0.00047969818115234375
solving time: 0.9673247337341309 iter: 15
tot_time: 19.722721576690674
init time: 0.00024509429931640625
contact time: 0.0038039684295654297
tot contact: 37
contact analysis time: 0.0004792213439941406
solving time: 0.9663610458374023 iter: 15
tot_time: 20.69861340522766
init time: 0.00024366378784179688
contact time: 0.003816366195678711
tot contact: 41
contact analysis time: 0.0005495548248291016
solving time: 0.9601438045501709 iter: 15
tot_time: 21.668454885482788
init time: 0.0002465248107910156
contact time: 0.0037598609924316406
tot contact: 38
contact analysis time: 0.0004703998565673828
solving time: 0.9630117416381836 iter: 15
tot_time: 22.64091396331787
init time: 0.00030875205993652344
contact time: 0.0037381649017333984
tot contact: 33
contact analysis time: 0.00047850608825683594
solving time: 0.9493498802185059 iter: 15
tot_time: 23.599998712539673
init time: 0.00023627281188964844
contact time: 0.0037016868591308594
tot contact: 31
contact analysis time: 0.00047016143798828125
solving time: 0.9522964954376221 iter: 15
tot_time: 24.561795473098755
init time: 0.0003116130828857422
contact time: 0.003653287887573242
tot contact: 30
contact analysis time: 0.0005671977996826172
solving time: 0.9459478855133057 iter: 15
tot_time: 25.517218112945557
init time: 0.0002460479736328125
contact time: 0.0038022994995117188
tot contact: 28
contact analysis time: 0.0004849433898925781
solving time: 0.9557745456695557 iter: 15
tot_time: 26.482482194900513
init time: 0.00024175643920898438
contact time: 0.003773212432861328
tot contact: 29
contact analysis time: 0.0004761219024658203
solving time: 0.9542498588562012 iter: 15
tot_time: 27.446162700653076
init time: 0.00023365020751953125
contact time: 0.003689289093017578
tot contact: 29
contact analysis time: 0.0004811286926269531
solving time: 0.9548664093017578 iter: 15
tot_time: 28.410387754440308
init time: 0.0002460479736328125
contact time: 0.0037741661071777344
tot contact: 30
contact analysis time: 0.0005183219909667969
solving time: 0.9339241981506348 iter: 15
tot_time: 29.3539936542511
init time: 0.0003151893615722656
contact time: 0.003728151321411133
tot contact: 30
contact analysis time: 0.000499725341796875
solving time: 0.9424471855163574 iter: 15
tot_time: 30.30604362487793
init time: 0.00024271011352539062
contact time: 0.0036182403564453125
tot contact: 31
contact analysis time: 0.0005002021789550781
solving time: 0.9514942169189453 iter: 15
tot_time: 31.266890287399292
init time: 0.00030732154846191406
contact time: 0.0036809444427490234
tot contact: 33
contact analysis time: 0.0005388259887695312
solving time: 0.9425234794616699 iter: 15
tot_time: 32.218913316726685
init time: 0.0002396106719970703
contact time: 0.0037033557891845703
tot contact: 34
contact analysis time: 0.0004904270172119141
solving time: 0.9506309032440186 iter: 15
tot_time: 33.17905640602112
init time: 0.000240325927734375
contact time: 0.0036613941192626953
tot contact: 35
contact analysis time: 0.00048089027404785156
solving time: 0.9236719608306885 iter: 15
tot_time: 34.11209559440613
init time: 0.00023651123046875
contact time: 0.0036613941192626953
tot contact: 35
contact analysis time: 0.0005011558532714844
solving time: 0.9204766750335693 iter: 15
tot_time: 35.042121171951294
init time: 0.00023937225341796875
contact time: 0.003919124603271484
tot contact: 34
contact analysis time: 0.0006392002105712891
solving time: 0.9164745807647705 iter: 15
tot_time: 35.968297719955444
init time: 0.00030684471130371094
contact time: 0.0037431716918945312
tot contact: 33
contact analysis time: 0.0004837512969970703
solving time: 0.9204652309417725 iter: 15
tot_time: 36.89842510223389
init time: 0.00024366378784179688
contact time: 0.0037145614624023438
tot contact: 32
contact analysis time: 0.000484466552734375
solving time: 0.9123070240020752 iter: 15
tot_time: 37.820088386535645
init time: 0.00033092498779296875
contact time: 0.0036725997924804688
tot contact: 31
contact analysis time: 0.0005431175231933594
solving time: 0.9202733039855957 iter: 15
tot_time: 38.74984931945801
init time: 0.00024509429931640625
contact time: 0.003724813461303711
tot contact: 31
contact analysis time: 0.0004923343658447266
solving time: 0.9226760864257812 iter: 15
tot_time: 39.68198108673096
init time: 0.00026345252990722656
contact time: 0.003728151321411133
tot contact: 35
contact analysis time: 0.00048613548278808594
solving time: 0.9240307807922363 iter: 15
tot_time: 40.615668058395386
init time: 0.00023698806762695312
contact time: 0.003736257553100586
tot contact: 30
contact analysis time: 0.0004799365997314453
solving time: 0.9253461360931396 iter: 15
tot_time: 41.55047154426575
init time: 0.00024008750915527344
contact time: 0.0036466121673583984
tot contact: 28
contact analysis time: 0.00046753883361816406
solving time: 0.9180195331573486 iter: 15
tot_time: 42.477704763412476
init time: 0.0003211498260498047
contact time: 0.0037119388580322266
tot contact: 24
contact analysis time: 0.00048351287841796875
solving time: 0.9200806617736816 iter: 15
tot_time: 43.407352924346924
init time: 0.0002617835998535156
contact time: 0.003692626953125
tot contact: 24
contact analysis time: 0.0004963874816894531
solving time: 0.9160115718841553 iter: 15
tot_time: 44.33273649215698
tot_time: 44.332744121551514
total_reward: [-0.046209895831439425, -0.05104072691540746]
tot contact: 24
tot contact: 24
tot contact: 28
tot contact: 30
tot contact: 35
tot contact: 31
tot contact: 31
tot contact: 32
tot contact: 33
tot contact: 34
tot contact: 35
tot contact: 35
tot contact: 34
tot contact: 33
tot contact: 31
tot contact: 30
tot contact: 30
tot contact: 29
tot contact: 29
tot contact: 28
tot contact: 30
tot contact: 31
tot contact: 33
tot contact: 38
tot contact: 41
tot contact: 37
tot contact: 38
tot contact: 38
tot contact: 38
tot contact: 36
tot contact: 34
tot contact: 30
tot contact: 30
tot contact: 29
tot contact: 29
tot contact: 29
tot contact: 29
tot contact: 29
tot contact: 29
tot contact: 26
tot contact: 27
tot contact: 28
tot contact: 26
tot contact: 22
tot contact: 25
tot contact: 26
tot contact: 23
tot contact: 26
tot contact: 29
done grad
iter:  2
[I 10/02/26 14:02:48.355 12828] [swap_chain.cpp:dump_image_buffer@164] Dumping image buffer...
init time: 0.000247955322265625
contact time: 0.0029706954956054688
tot contact: 29
contact analysis time: 0.0005795955657958984
solving time: 0.4243781566619873 iter: 8
tot_time: 0.46459054946899414
init time: 0.00023818016052246094
contact time: 0.0031464099884033203
tot contact: 26
contact analysis time: 0.0004918575286865234
solving time: 0.4679577350616455 iter: 9
tot_time: 0.9413955211639404
init time: 0.00023674964904785156
contact time: 0.0033118724822998047
tot contact: 23
contact analysis time: 0.0004897117614746094
solving time: 0.46932125091552734 iter: 9
tot_time: 1.419851303100586
init time: 0.0002434253692626953
contact time: 0.003490924835205078
tot contact: 26
contact analysis time: 0.0004820823669433594
solving time: 0.576592206954956 iter: 11
tot_time: 2.005596876144409
init time: 0.00030422210693359375
contact time: 0.0035805702209472656
tot contact: 25
contact analysis time: 0.0005424022674560547
solving time: 0.6205980777740479 iter: 12
tot_time: 2.6355490684509277
init time: 0.0003108978271484375
contact time: 0.0035200119018554688
tot contact: 22
contact analysis time: 0.0005450248718261719
solving time: 0.6743848323822021 iter: 13
tot_time: 3.319216251373291
init time: 0.00023698806762695312
contact time: 0.0036084651947021484
tot contact: 26
contact analysis time: 0.0004801750183105469
solving time: 0.914924144744873 iter: 15
tot_time: 4.243539333343506
init time: 0.0002455711364746094
contact time: 0.003576040267944336
tot contact: 28
contact analysis time: 0.00047707557678222656
solving time: 0.9407308101654053 iter: 15
tot_time: 5.1934826374053955
init time: 0.0002472400665283203
contact time: 0.0035233497619628906
tot contact: 27
contact analysis time: 0.00048470497131347656
solving time: 0.9379439353942871 iter: 15
tot_time: 6.140671730041504
init time: 0.00023865699768066406
contact time: 0.0036478042602539062
tot contact: 26
contact analysis time: 0.0004775524139404297
solving time: 0.9307665824890137 iter: 15
tot_time: 7.080812215805054
init time: 0.00024080276489257812
contact time: 0.003660917282104492
tot contact: 29
contact analysis time: 0.0005161762237548828
solving time: 0.9441876411437988 iter: 15
tot_time: 8.034366369247437
init time: 0.0002384185791015625
contact time: 0.0036859512329101562
tot contact: 28
contact analysis time: 0.0004863739013671875
solving time: 0.9483327865600586 iter: 15
tot_time: 8.9921395778656
init time: 0.0002446174621582031
contact time: 0.0036323070526123047
tot contact: 28
contact analysis time: 0.00048542022705078125
solving time: 0.9580478668212891 iter: 15
tot_time: 9.959572792053223
init time: 0.0004024505615234375
contact time: 0.003883838653564453
tot contact: 29
contact analysis time: 0.0005035400390625
solving time: 0.9470224380493164 iter: 15
tot_time: 10.916932821273804
init time: 0.0002646446228027344
contact time: 0.003724813461303711
tot contact: 29
contact analysis time: 0.0004818439483642578
solving time: 0.9513895511627197 iter: 15
tot_time: 11.877829313278198
init time: 0.0003116130828857422
contact time: 0.0035347938537597656
tot contact: 28
contact analysis time: 0.0005586147308349609
solving time: 0.9462504386901855 iter: 15
tot_time: 12.833471298217773
init time: 0.0002567768096923828
contact time: 0.0037000179290771484
tot contact: 31
contact analysis time: 0.0005087852478027344
solving time: 0.9519393444061279 iter: 15
tot_time: 13.795527935028076
init time: 0.0002446174621582031
contact time: 0.0037322044372558594
tot contact: 31
contact analysis time: 0.00047898292541503906
solving time: 0.9667925834655762 iter: 15
tot_time: 14.771739721298218
init time: 0.000240325927734375
contact time: 0.00372314453125
tot contact: 33
contact analysis time: 0.0004825592041015625
solving time: 0.9578390121459961 iter: 15
tot_time: 15.739031076431274
init time: 0.0002446174621582031
contact time: 0.003650665283203125
tot contact: 36
contact analysis time: 0.00046706199645996094
solving time: 0.9613945484161377 iter: 15
tot_time: 16.70965838432312
init time: 0.0003135204315185547
contact time: 0.0037310123443603516
tot contact: 38
contact analysis time: 0.0004863739013671875
solving time: 0.9882717132568359 iter: 15
tot_time: 17.70752477645874
init time: 0.00023937225341796875
contact time: 0.0036618709564208984
tot contact: 38
contact analysis time: 0.00048470497131347656
solving time: 0.9720501899719238 iter: 15
tot_time: 18.68891716003418
init time: 0.0003120899200439453
contact time: 0.003687620162963867
tot contact: 37
contact analysis time: 0.0005486011505126953
solving time: 0.9677212238311768 iter: 15
tot_time: 19.666122913360596
init time: 0.00024580955505371094
contact time: 0.003754854202270508
tot contact: 37
contact analysis time: 0.0004558563232421875
solving time: 0.9608414173126221 iter: 15
tot_time: 20.636394500732422
init time: 0.00023984909057617188
contact time: 0.0037255287170410156
tot contact: 37
contact analysis time: 0.0004596710205078125
solving time: 0.9726064205169678 iter: 15
tot_time: 21.618431568145752
init time: 0.00024318695068359375
contact time: 0.0037431716918945312
tot contact: 41
contact analysis time: 0.00047898292541503906
solving time: 0.9669559001922607 iter: 15
tot_time: 22.594892978668213
init time: 0.00024771690368652344
contact time: 0.0037174224853515625
tot contact: 39
contact analysis time: 0.00048422813415527344
solving time: 0.9682929515838623 iter: 15
tot_time: 23.572734355926514
init time: 0.00031566619873046875
contact time: 0.003771543502807617
tot contact: 33
contact analysis time: 0.0005006790161132812
solving time: 0.9505915641784668 iter: 15
tot_time: 24.53426766395569
init time: 0.0002453327178955078
contact time: 0.0037055015563964844
tot contact: 35
contact analysis time: 0.0004706382751464844
solving time: 0.9549431800842285 iter: 15
tot_time: 25.49860191345215
init time: 0.0003204345703125
contact time: 0.0037736892700195312
tot contact: 33
contact analysis time: 0.0005631446838378906
solving time: 0.9546077251434326 iter: 15
tot_time: 26.4628803730011
init time: 0.0002486705780029297
contact time: 0.0038077831268310547
tot contact: 31
contact analysis time: 0.0004832744598388672
solving time: 0.9567201137542725 iter: 15
tot_time: 27.429237842559814
init time: 0.00039005279541015625
contact time: 0.004235506057739258
tot contact: 30
contact analysis time: 0.0006935596466064453
solving time: 0.9546875953674316 iter: 15
tot_time: 28.395601272583008
init time: 0.0002353191375732422
contact time: 0.0036971569061279297
tot contact: 30
contact analysis time: 0.0004787445068359375
solving time: 0.9536013603210449 iter: 15
tot_time: 29.35865354537964
init time: 0.00024247169494628906
contact time: 0.0037457942962646484
tot contact: 30
contact analysis time: 0.0004885196685791016
solving time: 0.95552659034729 iter: 15
tot_time: 30.32356286048889
init time: 0.0003075599670410156
contact time: 0.0037183761596679688
tot contact: 33
contact analysis time: 0.0004737377166748047
solving time: 0.9463045597076416 iter: 15
tot_time: 31.279440879821777
init time: 0.0002675056457519531
contact time: 0.003668069839477539
tot contact: 33
contact analysis time: 0.00047850608825683594
solving time: 0.9462146759033203 iter: 15
tot_time: 32.235618352890015
init time: 0.0003159046173095703
contact time: 0.003680706024169922
tot contact: 33
contact analysis time: 0.0005614757537841797
solving time: 0.951934814453125 iter: 15
tot_time: 33.197232246398926
init time: 0.00023937225341796875
contact time: 0.0037593841552734375
tot contact: 34
contact analysis time: 0.0004849433898925781
solving time: 0.9437930583953857 iter: 15
tot_time: 34.15053868293762
init time: 0.00031185150146484375
contact time: 0.0036363601684570312
tot contact: 34
contact analysis time: 0.0005283355712890625
solving time: 0.9441499710083008 iter: 15
tot_time: 35.104084730148315
init time: 0.00024175643920898438
contact time: 0.0037276744842529297
tot contact: 35
contact analysis time: 0.0004918575286865234
solving time: 0.9213550090789795 iter: 15
tot_time: 36.03495502471924
init time: 0.00024580955505371094
contact time: 0.003661632537841797
tot contact: 34
contact analysis time: 0.0004658699035644531
solving time: 0.9159696102142334 iter: 15
tot_time: 36.960203409194946
init time: 0.00023627281188964844
contact time: 0.0037300586700439453
tot contact: 33
contact analysis time: 0.0004749298095703125
solving time: 0.9203963279724121 iter: 15
tot_time: 37.890052318573
init time: 0.00028204917907714844
contact time: 0.003810882568359375
tot contact: 31
contact analysis time: 0.0004889965057373047
solving time: 0.9229462146759033 iter: 15
tot_time: 38.8226637840271
init time: 0.0003108978271484375
contact time: 0.003751516342163086
tot contact: 30
contact analysis time: 0.0004813671112060547
solving time: 0.9195961952209473 iter: 15
tot_time: 39.75183296203613
init time: 0.00024175643920898438
contact time: 0.0036563873291015625
tot contact: 30
contact analysis time: 0.0004603862762451172
solving time: 0.9223637580871582 iter: 15
tot_time: 40.683454513549805
init time: 0.00030803680419921875
contact time: 0.003670930862426758
tot contact: 34
contact analysis time: 0.0005373954772949219
solving time: 0.9252676963806152 iter: 15
tot_time: 41.61820340156555
init time: 0.00024175643920898438
contact time: 0.003731250762939453
tot contact: 31
contact analysis time: 0.00048351287841796875
solving time: 0.9252054691314697 iter: 15
tot_time: 42.55285906791687
init time: 0.0002448558807373047
contact time: 0.0037584304809570312
tot contact: 30
contact analysis time: 0.00048804283142089844
solving time: 0.923095703125 iter: 15
tot_time: 43.485429525375366
init time: 0.0002522468566894531
contact time: 0.003719806671142578
tot contact: 26
contact analysis time: 0.0004775524139404297
solving time: 0.9342238903045654 iter: 15
tot_time: 44.429166078567505
tot_time: 44.429173707962036
total_reward: [-0.046209895831439425, -0.05104072691540746, -0.04904567769781764]
tot contact: 26
tot contact: 30
tot contact: 31
tot contact: 34
tot contact: 30
tot contact: 30
tot contact: 31
tot contact: 33
tot contact: 34
tot contact: 35
tot contact: 34
tot contact: 34
tot contact: 33
tot contact: 33
tot contact: 33
tot contact: 30
tot contact: 30
tot contact: 30
tot contact: 31
tot contact: 33
tot contact: 35
tot contact: 33
tot contact: 39
tot contact: 41
tot contact: 37
tot contact: 37
tot contact: 37
tot contact: 38
tot contact: 38
tot contact: 36
tot contact: 33
tot contact: 31
tot contact: 31
tot contact: 28
tot contact: 29
tot contact: 29
tot contact: 28
tot contact: 28
tot contact: 29
tot contact: 26
tot contact: 27
tot contact: 28
tot contact: 26
tot contact: 22
tot contact: 25
tot contact: 26
tot contact: 23
tot contact: 26
tot contact: 29
done grad
iter:  3
[I 10/02/26 14:03:36.009 12828] [swap_chain.cpp:dump_image_buffer@164] Dumping image buffer...
init time: 0.0002815723419189453
contact time: 0.0031163692474365234
tot contact: 29
contact analysis time: 0.0005364418029785156
solving time: 0.4219396114349365 iter: 8
tot_time: 0.4643831253051758
init time: 0.0002446174621582031
contact time: 0.0031995773315429688
tot contact: 26
contact analysis time: 0.0004916191101074219
solving time: 0.46520280838012695 iter: 9
tot_time: 0.9386382102966309
init time: 0.0002472400665283203
contact time: 0.0033364295959472656
tot contact: 23
contact analysis time: 0.0004925727844238281
solving time: 0.4662895202636719 iter: 9
tot_time: 1.4139163494110107
init time: 0.00031495094299316406
contact time: 0.003425121307373047
tot contact: 26
contact analysis time: 0.0005490779876708984
solving time: 0.5821914672851562 iter: 11
tot_time: 2.0054266452789307
init time: 0.0004482269287109375
contact time: 0.004177570343017578
tot contact: 25
contact analysis time: 0.0007722377777099609
solving time: 0.6289379596710205 iter: 12
tot_time: 2.645693778991699
init time: 0.0002448558807373047
contact time: 0.0036134719848632812
tot contact: 22
contact analysis time: 0.0004658699035644531
solving time: 0.6890192031860352 iter: 13
tot_time: 3.344228506088257
init time: 0.0002994537353515625
contact time: 0.003623485565185547
tot contact: 25
contact analysis time: 0.0004975795745849609
solving time: 0.9128701686859131 iter: 15
tot_time: 4.2664244174957275
init time: 0.0003540515899658203
contact time: 0.0036687850952148438
tot contact: 28
contact analysis time: 0.0006024837493896484
solving time: 0.9410548210144043 iter: 15
tot_time: 5.217614650726318
init time: 0.00024175643920898438
contact time: 0.0035512447357177734
tot contact: 27
contact analysis time: 0.0004932880401611328
solving time: 0.9414434432983398 iter: 15
tot_time: 6.168323278427124
init time: 0.00025200843811035156
contact time: 0.0036351680755615234
tot contact: 26
contact analysis time: 0.0004749298095703125
solving time: 0.9352362155914307 iter: 15
tot_time: 7.112900733947754
init time: 0.00023889541625976562
contact time: 0.003710508346557617
tot contact: 29
contact analysis time: 0.0004913806915283203
solving time: 0.9485242366790771 iter: 15
tot_time: 8.070924282073975
init time: 0.00029659271240234375
contact time: 0.003651857376098633
tot contact: 28
contact analysis time: 0.0004856586456298828
solving time: 0.9644486904144287 iter: 15
tot_time: 9.044806003570557
init time: 0.0002391338348388672
contact time: 0.0037457942962646484
tot contact: 28
contact analysis time: 0.0004744529724121094
solving time: 0.9495537281036377 iter: 15
tot_time: 10.003905773162842
init time: 0.00023865699768066406
contact time: 0.0037889480590820312
tot contact: 29
contact analysis time: 0.0005249977111816406
solving time: 0.9482944011688232 iter: 15
tot_time: 10.961844682693481
init time: 0.0003075599670410156
contact time: 0.003800630569458008
tot contact: 29
contact analysis time: 0.0005049705505371094
solving time: 0.9663834571838379 iter: 15
tot_time: 11.93779706954956
init time: 0.00023412704467773438
contact time: 0.003615856170654297
tot contact: 28
contact analysis time: 0.00048065185546875
solving time: 0.939490795135498 iter: 15
tot_time: 12.886515140533447
init time: 0.0002396106719970703
contact time: 0.0037140846252441406
tot contact: 31
contact analysis time: 0.0004787445068359375
solving time: 0.9584708213806152 iter: 15
tot_time: 13.854494571685791
init time: 0.00024771690368652344
contact time: 0.0037326812744140625
tot contact: 31
contact analysis time: 0.00048828125
solving time: 0.9612293243408203 iter: 15
tot_time: 14.825164794921875
init time: 0.00024437904357910156
contact time: 0.0037109851837158203
tot contact: 34
contact analysis time: 0.00048470497131347656
solving time: 0.9550008773803711 iter: 15
tot_time: 15.789572715759277
init time: 0.00024127960205078125
contact time: 0.003651142120361328
tot contact: 36
contact analysis time: 0.00048804283142089844
solving time: 0.9565863609313965 iter: 15
tot_time: 16.755491495132446
init time: 0.00030231475830078125
contact time: 0.0037505626678466797
tot contact: 38
contact analysis time: 0.00047016143798828125
solving time: 0.9675498008728027 iter: 15
tot_time: 17.73260807991028
init time: 0.00027823448181152344
contact time: 0.0037567615509033203
tot contact: 38
contact analysis time: 0.0005207061767578125
solving time: 0.9689693450927734 iter: 15
tot_time: 18.711588382720947
init time: 0.0003097057342529297
contact time: 0.0036783218383789062
tot contact: 36
contact analysis time: 0.0005669593811035156
solving time: 0.9664232730865479 iter: 15
tot_time: 19.68759560585022
init time: 0.00024628639221191406
contact time: 0.003778696060180664
tot contact: 36
contact analysis time: 0.00048661231994628906
solving time: 0.9728679656982422 iter: 15
tot_time: 20.67006206512451
init time: 0.0002536773681640625
contact time: 0.0037631988525390625
tot contact: 36
contact analysis time: 0.0005116462707519531
solving time: 0.9636640548706055 iter: 15
tot_time: 21.643298625946045
init time: 0.00023698806762695312
contact time: 0.0037996768951416016
tot contact: 37
contact analysis time: 0.0004937648773193359
solving time: 0.968726634979248 iter: 15
tot_time: 22.62167978286743
init time: 0.0002448558807373047
contact time: 0.003763437271118164
tot contact: 38
contact analysis time: 0.000499725341796875
solving time: 0.9710266590118408 iter: 15
tot_time: 23.602197647094727
init time: 0.00034332275390625
contact time: 0.0037839412689208984
tot contact: 41
contact analysis time: 0.0004980564117431641
solving time: 0.9639303684234619 iter: 15
tot_time: 24.575918912887573
init time: 0.00024580955505371094
contact time: 0.0037529468536376953
tot contact: 39
contact analysis time: 0.0004999637603759766
solving time: 0.9683530330657959 iter: 15
tot_time: 25.553740739822388
init time: 0.0003204345703125
contact time: 0.0038263797760009766
tot contact: 33
contact analysis time: 0.0005862712860107422
solving time: 0.9887168407440186 iter: 15
tot_time: 26.55226492881775
init time: 0.0002448558807373047
contact time: 0.003756284713745117
tot contact: 33
contact analysis time: 0.0004944801330566406
solving time: 0.9516117572784424 iter: 15
tot_time: 27.513354301452637
init time: 0.0002541542053222656
contact time: 0.003747701644897461
tot contact: 32
contact analysis time: 0.0004780292510986328
solving time: 1.0099105834960938 iter: 15
tot_time: 28.533025979995728
init time: 0.0002818107604980469
contact time: 0.003949642181396484
tot contact: 33
contact analysis time: 0.0005199909210205078
solving time: 1.0069923400878906 iter: 15
tot_time: 29.550362586975098
init time: 0.0002906322479248047
contact time: 0.0038955211639404297
tot contact: 32
contact analysis time: 0.0005359649658203125
solving time: 0.9824602603912354 iter: 15
tot_time: 30.54307270050049
init time: 0.00032067298889160156
contact time: 0.003814697265625
tot contact: 33
contact analysis time: 0.0004868507385253906
solving time: 0.9632365703582764 iter: 15
tot_time: 31.516019105911255
init time: 0.00023984909057617188
contact time: 0.0036940574645996094
tot contact: 36
contact analysis time: 0.0004978179931640625
solving time: 1.0043480396270752 iter: 15
tot_time: 32.52977275848389
init time: 0.0003135204315185547
contact time: 0.0036957263946533203
tot contact: 35
contact analysis time: 0.0005292892456054688
solving time: 0.9716508388519287 iter: 15
tot_time: 33.51100993156433
init time: 0.00024056434631347656
contact time: 0.0036993026733398438
tot contact: 35
contact analysis time: 0.0004982948303222656
solving time: 0.9653112888336182 iter: 15
tot_time: 34.48565649986267
init time: 0.0004017353057861328
contact time: 0.004134416580200195
tot contact: 33
contact analysis time: 0.0006797313690185547
solving time: 0.9572527408599854 iter: 15
tot_time: 35.45302414894104
init time: 0.00024390220642089844
contact time: 0.003695249557495117
tot contact: 34
contact analysis time: 0.00047469139099121094
solving time: 0.9584808349609375 iter: 15
tot_time: 36.42099595069885
init time: 0.00031948089599609375
contact time: 0.0038611888885498047
tot contact: 33
contact analysis time: 0.0005223751068115234
solving time: 0.9480090141296387 iter: 15
tot_time: 37.37988209724426
init time: 0.00023698806762695312
contact time: 0.0037078857421875
tot contact: 34
contact analysis time: 0.0004696846008300781
solving time: 0.9318175315856934 iter: 15
tot_time: 38.321067810058594
init time: 0.00024199485778808594
contact time: 0.0037012100219726562
tot contact: 32
contact analysis time: 0.00048470497131347656
solving time: 0.9320790767669678 iter: 15
tot_time: 39.26245069503784
init time: 0.0003094673156738281
contact time: 0.0037050247192382812
tot contact: 30
contact analysis time: 0.00048041343688964844
solving time: 0.9404139518737793 iter: 15
tot_time: 40.212453842163086
init time: 0.00023436546325683594
contact time: 0.0035924911499023438
tot contact: 30
contact analysis time: 0.0004935264587402344
solving time: 0.9371590614318848 iter: 15
tot_time: 41.15902352333069
init time: 0.0004031658172607422
contact time: 0.003676891326904297
tot contact: 30
contact analysis time: 0.0005788803100585938
solving time: 0.9260649681091309 iter: 15
tot_time: 42.09579539299011
init time: 0.00025463104248046875
contact time: 0.0037789344787597656
tot contact: 29
contact analysis time: 0.0005130767822265625
solving time: 0.9295260906219482 iter: 15
tot_time: 43.03509759902954
init time: 0.0002467632293701172
contact time: 0.0037305355072021484
tot contact: 29
contact analysis time: 0.00046944618225097656
solving time: 0.9342560768127441 iter: 15
tot_time: 43.978766202926636
init time: 0.00028777122497558594
contact time: 0.0038361549377441406
tot contact: 38
contact analysis time: 0.0005147457122802734
solving time: 0.9278838634490967 iter: 15
tot_time: 44.91681528091431
tot_time: 44.916827917099
total_reward: [-0.046209895831439425, -0.05104072691540746, -0.04904567769781764, -0.045700585579545684]
tot contact: 38
tot contact: 29
tot contact: 29
tot contact: 30
tot contact: 30
tot contact: 30
tot contact: 32
tot contact: 34
tot contact: 33
tot contact: 34
tot contact: 33
tot contact: 35
tot contact: 35
tot contact: 36
tot contact: 33
tot contact: 32
tot contact: 33
tot contact: 32
tot contact: 33
tot contact: 33
tot contact: 39
tot contact: 41
tot contact: 38
tot contact: 37
tot contact: 36
tot contact: 36
tot contact: 36
tot contact: 38
tot contact: 38
tot contact: 36
tot contact: 34
tot contact: 31
tot contact: 31
tot contact: 28
tot contact: 29
tot contact: 29
tot contact: 28
tot contact: 28
tot contact: 29
tot contact: 26
tot contact: 27
tot contact: 28
tot contact: 25
tot contact: 22
tot contact: 25
tot contact: 26
tot contact: 23
tot contact: 26
tot contact: 29
done grad
iter:  4
[I 10/02/26 14:04:24.159 12828] [swap_chain.cpp:dump_image_buffer@164] Dumping image buffer...
init time: 0.0003495216369628906
contact time: 0.0029282569885253906
tot contact: 29
contact analysis time: 0.0005600452423095703
solving time: 0.4479367733001709 iter: 8
tot_time: 0.4880232810974121
init time: 0.0003056526184082031
contact time: 0.0031211376190185547
tot contact: 26
contact analysis time: 0.00054931640625
solving time: 0.5352919101715088 iter: 10
tot_time: 1.03236985206604
init time: 0.0003211498260498047
contact time: 0.0035114288330078125
tot contact: 23
contact analysis time: 0.0006003379821777344
solving time: 0.46707677841186523 iter: 9
tot_time: 1.5095815658569336
init time: 0.00023984909057617188
contact time: 0.0034971237182617188
tot contact: 26
contact analysis time: 0.00045609474182128906
solving time: 0.5749051570892334 iter: 11
tot_time: 2.0936362743377686
init time: 0.0003745555877685547
contact time: 0.004003286361694336
tot contact: 25
contact analysis time: 0.0006604194641113281
solving time: 0.6306042671203613 iter: 12
tot_time: 2.7353007793426514
init time: 0.00025463104248046875
contact time: 0.003643035888671875
tot contact: 22
contact analysis time: 0.0005011558532714844
solving time: 0.6795403957366943 iter: 13
tot_time: 3.424476146697998
init time: 0.00023674964904785156
contact time: 0.0036635398864746094
tot contact: 24
contact analysis time: 0.0004954338073730469
solving time: 0.9184398651123047 iter: 15
tot_time: 4.352336645126343
init time: 0.00024008750915527344
contact time: 0.0035963058471679688
tot contact: 28
contact analysis time: 0.00048089027404785156
solving time: 0.9400708675384521 iter: 15
tot_time: 5.30180811882019
init time: 0.00024247169494628906
contact time: 0.003637075424194336
tot contact: 27
contact analysis time: 0.0004801750183105469
solving time: 0.9508156776428223 iter: 15
tot_time: 6.261906862258911
init time: 0.00031685829162597656
contact time: 0.003592967987060547
tot contact: 27
contact analysis time: 0.0005478858947753906
solving time: 0.9309346675872803 iter: 15
tot_time: 7.2023725509643555
init time: 0.00024819374084472656
contact time: 0.0037119388580322266
tot contact: 28
contact analysis time: 0.0004699230194091797
solving time: 0.9369258880615234 iter: 15
tot_time: 8.14873743057251
init time: 0.0003139972686767578
contact time: 0.0035958290100097656
tot contact: 28
contact analysis time: 0.0005533695220947266
solving time: 0.9560716152191162 iter: 15
tot_time: 9.114364624023438
init time: 0.0003502368927001953
contact time: 0.004081010818481445
tot contact: 28
contact analysis time: 0.0005688667297363281
solving time: 0.9494161605834961 iter: 15
tot_time: 10.075815677642822
init time: 0.0002446174621582031
contact time: 0.003798961639404297
tot contact: 29
contact analysis time: 0.0004851818084716797
solving time: 0.9500038623809814 iter: 15
tot_time: 11.035372018814087
init time: 0.0002384185791015625
contact time: 0.0038061141967773438
tot contact: 28
contact analysis time: 0.00046324729919433594
solving time: 0.946162223815918 iter: 15
tot_time: 11.99110198020935
init time: 0.00025773048400878906
contact time: 0.0035948753356933594
tot contact: 28
contact analysis time: 0.0004956722259521484
solving time: 0.9417884349822998 iter: 15
tot_time: 12.94217824935913
init time: 0.0003066062927246094
contact time: 0.003760099411010742
tot contact: 31
contact analysis time: 0.00047707557678222656
solving time: 0.9516594409942627 iter: 15
tot_time: 13.903438091278076
init time: 0.0002446174621582031
contact time: 0.0036897659301757812
tot contact: 32
contact analysis time: 0.000492095947265625
solving time: 0.9553847312927246 iter: 15
tot_time: 14.868319749832153
init time: 0.00030875205993652344
contact time: 0.003617525100708008
tot contact: 34
contact analysis time: 0.0005419254302978516
solving time: 0.9583835601806641 iter: 15
tot_time: 15.836134433746338
init time: 0.0002453327178955078
contact time: 0.0037305355072021484
tot contact: 36
contact analysis time: 0.0004870891571044922
solving time: 0.9564230442047119 iter: 15
tot_time: 16.802136421203613
init time: 0.00025272369384765625
contact time: 0.0037584304809570312
tot contact: 38
contact analysis time: 0.0004928112030029297
solving time: 0.9657368659973145 iter: 15
tot_time: 17.777379989624023
init time: 0.0002593994140625
contact time: 0.0037636756896972656
tot contact: 37
contact analysis time: 0.0004899501800537109
solving time: 1.0095860958099365 iter: 15
tot_time: 18.797364950180054
init time: 0.00031495094299316406
contact time: 0.0038487911224365234
tot contact: 35
contact analysis time: 0.000583648681640625
solving time: 1.0215981006622314 iter: 15
tot_time: 19.829275608062744
init time: 0.00037860870361328125
contact time: 0.003910064697265625
tot contact: 33
contact analysis time: 0.0005700588226318359
solving time: 1.0000309944152832 iter: 15
tot_time: 20.83975052833557
init time: 0.00025916099548339844
contact time: 0.0037207603454589844
tot contact: 32
contact analysis time: 0.0004916191101074219
solving time: 0.9667885303497314 iter: 15
tot_time: 21.816259622573853
init time: 0.00043320655822753906
contact time: 0.004518747329711914
tot contact: 34
contact analysis time: 0.0006225109100341797
solving time: 0.9606943130493164 iter: 15
tot_time: 22.789088010787964
init time: 0.00024199485778808594
contact time: 0.0038383007049560547
tot contact: 35
contact analysis time: 0.00046706199645996094
solving time: 0.9635906219482422 iter: 15
tot_time: 23.762185096740723
init time: 0.0002455711364746094
contact time: 0.0037889480590820312
tot contact: 33
contact analysis time: 0.000484466552734375
solving time: 0.9639105796813965 iter: 15
tot_time: 24.735538005828857
init time: 0.00025343894958496094
contact time: 0.003806591033935547
tot contact: 32
contact analysis time: 0.00048661231994628906
solving time: 0.9610292911529541 iter: 15
tot_time: 25.706145524978638
init time: 0.0002448558807373047
contact time: 0.003746509552001953
tot contact: 29
contact analysis time: 0.000484466552734375
solving time: 0.9590222835540771 iter: 15
tot_time: 26.674540519714355
init time: 0.00029754638671875
contact time: 0.0037736892700195312
tot contact: 27
contact analysis time: 0.00043654441833496094
solving time: 0.9552187919616699 iter: 15
tot_time: 27.639264822006226
init time: 0.0002453327178955078
contact time: 0.003759145736694336
tot contact: 26
contact analysis time: 0.0005002021789550781
solving time: 0.976219892501831 iter: 15
tot_time: 28.625168561935425
init time: 0.0003120899200439453
contact time: 0.0037496089935302734
tot contact: 26
contact analysis time: 0.0005376338958740234
solving time: 0.9551589488983154 iter: 15
tot_time: 29.589990377426147
init time: 0.0002522468566894531
contact time: 0.003774881362915039
tot contact: 25
contact analysis time: 0.00048542022705078125
solving time: 0.9581460952758789 iter: 15
tot_time: 30.55757761001587
init time: 0.00024199485778808594
contact time: 0.0037546157836914062
tot contact: 24
contact analysis time: 0.00048351287841796875
solving time: 0.9753525257110596 iter: 15
tot_time: 31.542338848114014
init time: 0.00023984909057617188
contact time: 0.003721952438354492
tot contact: 24
contact analysis time: 0.00047588348388671875
solving time: 0.9570181369781494 iter: 15
tot_time: 32.50869631767273
init time: 0.0002624988555908203
contact time: 0.0037343502044677734
tot contact: 22
contact analysis time: 0.0005550384521484375
solving time: 0.8852565288543701 iter: 14
tot_time: 33.40365171432495
init time: 0.0002505779266357422
contact time: 0.003676176071166992
tot contact: 21
contact analysis time: 0.0004799365997314453
solving time: 0.9452731609344482 iter: 15
tot_time: 34.35829043388367
init time: 0.0002522468566894531
contact time: 0.003711223602294922
tot contact: 20
contact analysis time: 0.0004813671112060547
solving time: 0.873253345489502 iter: 14
tot_time: 35.241015672683716
init time: 0.00024080276489257812
contact time: 0.0036602020263671875
tot contact: 21
contact analysis time: 0.0004782676696777344
solving time: 0.6969606876373291 iter: 11
tot_time: 35.947317361831665
init time: 0.00033402442932128906
contact time: 0.003614664077758789
tot contact: 20
contact analysis time: 0.0005457401275634766
solving time: 0.6927599906921387 iter: 11
tot_time: 36.649712800979614
init time: 0.00031876564025878906
contact time: 0.0038483142852783203
tot contact: 20
contact analysis time: 0.0005810260772705078
solving time: 0.7010433673858643 iter: 11
tot_time: 37.36162614822388
init time: 0.00031828880310058594
contact time: 0.003556489944458008
tot contact: 20
contact analysis time: 0.0005409717559814453
solving time: 0.8983714580535889 iter: 14
tot_time: 38.269376039505005
init time: 0.00024509429931640625
contact time: 0.0036377906799316406
tot contact: 20
contact analysis time: 0.0004858970642089844
solving time: 0.8898570537567139 iter: 14
tot_time: 39.16853737831116
init time: 0.0002415180206298828
contact time: 0.0036263465881347656
tot contact: 21
contact analysis time: 0.0004863739013671875
solving time: 0.9544095993041992 iter: 15
tot_time: 40.13233041763306
init time: 0.00023865699768066406
contact time: 0.003640890121459961
tot contact: 22
contact analysis time: 0.00046372413635253906
solving time: 0.9370412826538086 iter: 15
tot_time: 41.07863092422485
init time: 0.00024175643920898438
contact time: 0.00399017333984375
tot contact: 21
contact analysis time: 0.0008900165557861328
solving time: 0.7768771648406982 iter: 12
tot_time: 41.86561846733093
init time: 0.0002372264862060547
contact time: 0.003634929656982422
tot contact: 22
contact analysis time: 0.0004801750183105469
solving time: 0.683854341506958 iter: 11
tot_time: 42.558796644210815
init time: 0.00023889541625976562
contact time: 0.003545522689819336
tot contact: 22
contact analysis time: 0.0004851818084716797
solving time: 0.6237771511077881 iter: 10
tot_time: 43.19191288948059
tot_time: 43.19192385673523
total_reward: [-0.046209895831439425, -0.05104072691540746, -0.04904567769781764, -0.045700585579545684, -0.04229456341279594]
tot contact: 22
tot contact: 22
tot contact: 21
tot contact: 22
tot contact: 21
tot contact: 20
tot contact: 20
tot contact: 20
tot contact: 20
tot contact: 21
tot contact: 20
tot contact: 21
tot contact: 22
tot contact: 24
tot contact: 24
tot contact: 25
tot contact: 26
tot contact: 26
tot contact: 27
tot contact: 29
tot contact: 32
tot contact: 33
tot contact: 35
tot contact: 34
tot contact: 32
tot contact: 33
tot contact: 35
tot contact: 37
tot contact: 38
tot contact: 36
tot contact: 34
tot contact: 32
tot contact: 31
tot contact: 28
tot contact: 28
tot contact: 29
tot contact: 28
tot contact: 28
tot contact: 28
tot contact: 27
tot contact: 27
tot contact: 28
tot contact: 24
tot contact: 22
tot contact: 25
tot contact: 26
tot contact: 23
tot contact: 26
tot contact: 29
done grad
iter:  5
[I 10/02/26 14:05:10.588 12828] [swap_chain.cpp:dump_image_buffer@164] Dumping image buffer...
init time: 0.0002617835998535156
contact time: 0.0030107498168945312
tot contact: 29
contact analysis time: 0.0005426406860351562
solving time: 0.4309806823730469 iter: 8
tot_time: 0.4718019962310791
init time: 0.0002391338348388672
contact time: 0.003153562545776367
tot contact: 26
contact analysis time: 0.0004730224609375
solving time: 0.46978139877319336 iter: 9
tot_time: 0.9503347873687744
init time: 0.0002460479736328125
contact time: 0.0033626556396484375
tot contact: 23
contact analysis time: 0.00048542022705078125
solving time: 0.46744704246520996 iter: 9
tot_time: 1.4269649982452393
init time: 0.00025200843811035156
contact time: 0.003494739532470703
tot contact: 26
contact analysis time: 0.0005042552947998047
solving time: 0.576725959777832 iter: 11
tot_time: 2.0128867626190186
init time: 0.00024080276489257812
contact time: 0.003633737564086914
tot contact: 25
contact analysis time: 0.0004916191101074219
solving time: 0.6280360221862793 iter: 12
tot_time: 2.650237560272217
init time: 0.00030875205993652344
contact time: 0.003612995147705078
tot contact: 23
contact analysis time: 0.0004956722259521484
solving time: 0.7409803867340088 iter: 13
tot_time: 3.40061092376709
init time: 0.00030112266540527344
contact time: 0.003581523895263672
tot contact: 24
contact analysis time: 0.0005652904510498047
solving time: 0.9192850589752197 iter: 15
tot_time: 4.329226016998291
init time: 0.0002446174621582031
contact time: 0.0035779476165771484
tot contact: 29
contact analysis time: 0.0005638599395751953
solving time: 0.9402928352355957 iter: 15
tot_time: 5.2788591384887695
init time: 0.0002453327178955078
contact time: 0.003655672073364258
tot contact: 27
contact analysis time: 0.0005159378051757812
solving time: 0.9368829727172852 iter: 15
tot_time: 6.225308895111084
init time: 0.00024628639221191406
contact time: 0.003657817840576172
tot contact: 27
contact analysis time: 0.00048351287841796875
solving time: 0.94624924659729 iter: 15
tot_time: 7.181015968322754
init time: 0.0002372264862060547
contact time: 0.003689289093017578
tot contact: 28
contact analysis time: 0.0004820823669433594
solving time: 0.9447956085205078 iter: 15
tot_time: 8.135289192199707
init time: 0.00024271011352539062
contact time: 0.0036771297454833984
tot contact: 28
contact analysis time: 0.0004825592041015625
solving time: 0.9500951766967773 iter: 15
tot_time: 9.094821214675903
init time: 0.0003864765167236328
contact time: 0.003915071487426758
tot contact: 28
contact analysis time: 0.0005908012390136719
solving time: 0.9388985633850098 iter: 15
tot_time: 10.044458389282227
init time: 0.0002415180206298828
contact time: 0.003742694854736328
tot contact: 29
contact analysis time: 0.0004749298095703125
solving time: 0.9413633346557617 iter: 15
tot_time: 10.995175838470459
init time: 0.00030994415283203125
contact time: 0.0037047863006591797
tot contact: 28
contact analysis time: 0.000522613525390625
solving time: 0.9381539821624756 iter: 15
tot_time: 11.942814350128174
init time: 0.00024700164794921875
contact time: 0.0036492347717285156
tot contact: 28
contact analysis time: 0.0005238056182861328
solving time: 0.9452838897705078 iter: 15
tot_time: 12.8975248336792
init time: 0.0002505779266357422
contact time: 0.003708362579345703
tot contact: 31
contact analysis time: 0.0005178451538085938
solving time: 0.9517402648925781 iter: 15
tot_time: 13.858733177185059
init time: 0.0003898143768310547
contact time: 0.004160642623901367
tot contact: 32
contact analysis time: 0.0006241798400878906
solving time: 0.9519898891448975 iter: 15
tot_time: 14.822376728057861
init time: 0.00024580955505371094
contact time: 0.0036907196044921875
tot contact: 35
contact analysis time: 0.0004956722259521484
solving time: 0.9514098167419434 iter: 15
tot_time: 15.783217906951904
init time: 0.00031256675720214844
contact time: 0.0037550926208496094
tot contact: 36
contact analysis time: 0.0004897117614746094
solving time: 0.9641480445861816 iter: 15
tot_time: 16.75696587562561
init time: 0.0002429485321044922
contact time: 0.003751993179321289
tot contact: 38
contact analysis time: 0.0004756450653076172
solving time: 0.9857909679412842 iter: 15
tot_time: 17.752129554748535
init time: 0.0003056526184082031
contact time: 0.0037174224853515625
tot contact: 37
contact analysis time: 0.0005452632904052734
solving time: 0.9869518280029297 iter: 15
tot_time: 18.74855399131775
init time: 0.00023698806762695312
contact time: 0.003762483596801758
tot contact: 35
contact analysis time: 0.0005056858062744141
solving time: 0.980074405670166 iter: 15
tot_time: 19.73821258544922
init time: 0.0002586841583251953
contact time: 0.0037796497344970703
tot contact: 33
contact analysis time: 0.0005056858062744141
solving time: 0.9639835357666016 iter: 15
tot_time: 20.711722135543823
init time: 0.0002455711364746094
contact time: 0.003777027130126953
tot contact: 32
contact analysis time: 0.0005114078521728516
solving time: 0.9726629257202148 iter: 15
tot_time: 21.693920373916626
init time: 0.0002491474151611328
contact time: 0.0037660598754882812
tot contact: 34
contact analysis time: 0.00048351287841796875
solving time: 0.9575908184051514 iter: 15
tot_time: 22.661001920700073
init time: 0.0003490447998046875
contact time: 0.0038499832153320312
tot contact: 35
contact analysis time: 0.0005049705505371094
solving time: 0.9560427665710449 iter: 15
tot_time: 23.62678050994873
init time: 0.0002491474151611328
contact time: 0.0037527084350585938
tot contact: 33
contact analysis time: 0.0004963874816894531
solving time: 0.9631912708282471 iter: 15
tot_time: 24.599494695663452
init time: 0.0003085136413574219
contact time: 0.0037109851837158203
tot contact: 32
contact analysis time: 0.0005748271942138672
solving time: 0.9786803722381592 iter: 15
tot_time: 25.587712049484253
init time: 0.0002617835998535156
contact time: 0.0038220882415771484
tot contact: 29
contact analysis time: 0.0005042552947998047
solving time: 0.9734551906585693 iter: 15
tot_time: 26.57086205482483
init time: 0.0002510547637939453
contact time: 0.0037870407104492188
tot contact: 27
contact analysis time: 0.0004658699035644531
solving time: 0.9577736854553223 iter: 15
tot_time: 27.53812003135681
init time: 0.0002357959747314453
contact time: 0.0037794113159179688
tot contact: 26
contact analysis time: 0.00047397613525390625
solving time: 0.966362714767456 iter: 15
tot_time: 28.51398777961731
init time: 0.0002503395080566406
contact time: 0.0036950111389160156
tot contact: 25
contact analysis time: 0.0004889965057373047
solving time: 0.9653120040893555 iter: 15
tot_time: 29.488769054412842
init time: 0.00024199485778808594
contact time: 0.0037572383880615234
tot contact: 25
contact analysis time: 0.00048542022705078125
solving time: 0.9736647605895996 iter: 15
tot_time: 30.471796989440918
init time: 0.00023698806762695312
contact time: 0.003723621368408203
tot contact: 24
contact analysis time: 0.00054931640625
solving time: 0.9624006748199463 iter: 15
tot_time: 31.44362497329712
init time: 0.0002353191375732422
contact time: 0.0037038326263427734
tot contact: 24
contact analysis time: 0.0004878044128417969
solving time: 0.954735517501831 iter: 15
tot_time: 32.40785264968872
init time: 0.00024962425231933594
contact time: 0.0037102699279785156
tot contact: 22
contact analysis time: 0.0004940032958984375
solving time: 0.9467501640319824 iter: 15
tot_time: 33.36402773857117
init time: 0.0002377033233642578
contact time: 0.0036776065826416016
tot contact: 21
contact analysis time: 0.00048542022705078125
solving time: 0.9428167343139648 iter: 15
tot_time: 34.316208600997925
init time: 0.00024318695068359375
contact time: 0.0036809444427490234
tot contact: 20
contact analysis time: 0.0004825592041015625
solving time: 0.7943437099456787 iter: 13
tot_time: 35.119967222213745
init time: 0.0002455711364746094
contact time: 0.003737211227416992
tot contact: 21
contact analysis time: 0.00047516822814941406
solving time: 0.6280372142791748 iter: 10
tot_time: 35.75761961936951
init time: 0.00024247169494628906
contact time: 0.0036416053771972656
tot contact: 20
contact analysis time: 0.00048279762268066406
solving time: 0.6979756355285645 iter: 11
tot_time: 36.464924573898315
init time: 0.0003368854522705078
contact time: 0.003797292709350586
tot contact: 20
contact analysis time: 0.0005388259887695312
solving time: 0.7581450939178467 iter: 12
tot_time: 37.233561992645264
init time: 0.0002434253692626953
contact time: 0.0036487579345703125
tot contact: 20
contact analysis time: 0.0004811286926269531
solving time: 0.8187768459320068 iter: 13
tot_time: 38.061737298965454
init time: 0.00033855438232421875
contact time: 0.0037331581115722656
tot contact: 20
contact analysis time: 0.0005037784576416016
solving time: 0.8872690200805664 iter: 14
tot_time: 38.958521127700806
init time: 0.0003037452697753906
contact time: 0.0035724639892578125
tot contact: 21
contact analysis time: 0.0005395412445068359
solving time: 0.9457767009735107 iter: 15
tot_time: 39.913703203201294
init time: 0.00024247169494628906
contact time: 0.0035924911499023438
tot contact: 22
contact analysis time: 0.00048279762268066406
solving time: 0.8732450008392334 iter: 14
tot_time: 40.79623460769653
init time: 0.00023627281188964844
contact time: 0.0035436153411865234
tot contact: 21
contact analysis time: 0.0004923343658447266
solving time: 0.6284599304199219 iter: 10
tot_time: 41.4339919090271
init time: 0.00024771690368652344
contact time: 0.0035762786865234375
tot contact: 21
contact analysis time: 0.00048542022705078125
solving time: 0.692652702331543 iter: 11
tot_time: 42.135974407196045
init time: 0.0002465248107910156
contact time: 0.003545522689819336
tot contact: 22
contact analysis time: 0.0004863739013671875
solving time: 0.6239738464355469 iter: 10
tot_time: 42.7691867351532
tot_time: 42.769195795059204
total_reward: [-0.046209895831439425, -0.05104072691540746, -0.04904567769781764, -0.045700585579545684, -0.04229456341279594, -0.042003135904651975]
tot contact: 22
tot contact: 21
tot contact: 21
tot contact: 22
tot contact: 21
tot contact: 20
tot contact: 20
tot contact: 20
tot contact: 20
tot contact: 21
tot contact: 20
tot contact: 21
tot contact: 22
tot contact: 24
tot contact: 24
tot contact: 25
tot contact: 25
tot contact: 26
tot contact: 27
tot contact: 29
tot contact: 32
tot contact: 33
tot contact: 35
tot contact: 34
tot contact: 32
tot contact: 33
tot contact: 35
tot contact: 37
tot contact: 38
tot contact: 36
tot contact: 35
tot contact: 32
tot contact: 31
tot contact: 28
tot contact: 28
tot contact: 29
tot contact: 28
tot contact: 28
tot contact: 28
tot contact: 27
tot contact: 27
tot contact: 29
tot contact: 24
tot contact: 23
tot contact: 25
tot contact: 26
tot contact: 23
tot contact: 26
tot contact: 29
done grad
iter:  6
[I 10/02/26 14:05:56.630 12828] [swap_chain.cpp:dump_image_buffer@164] Dumping image buffer...
init time: 0.00030040740966796875
contact time: 0.002930164337158203
tot contact: 29
contact analysis time: 0.0005693435668945312
solving time: 0.416825532913208 iter: 8
tot_time: 0.4570901393890381
init time: 0.000247955322265625
contact time: 0.0031585693359375
tot contact: 26
contact analysis time: 0.0004868507385253906
solving time: 0.46659207344055176 iter: 9
tot_time: 0.9325804710388184
init time: 0.0003116130828857422
contact time: 0.003273487091064453
tot contact: 23
contact analysis time: 0.0005383491516113281
solving time: 0.46846604347229004 iter: 9
tot_time: 1.4101991653442383
init time: 0.00024580955505371094
contact time: 0.0035114288330078125
tot contact: 26
contact analysis time: 0.00047969818115234375
solving time: 0.5717551708221436 iter: 11
tot_time: 1.9911653995513916
init time: 0.0002453327178955078
contact time: 0.0036439895629882812
tot contact: 25
contact analysis time: 0.0005068778991699219
solving time: 0.6261851787567139 iter: 12
tot_time: 2.6267178058624268
init time: 0.00024700164794921875
contact time: 0.003591299057006836
tot contact: 23
contact analysis time: 0.0004775524139404297
solving time: 0.7394299507141113 iter: 13
tot_time: 3.37542986869812
init time: 0.00023603439331054688
contact time: 0.0035927295684814453
tot contact: 25
contact analysis time: 0.0004856586456298828
solving time: 0.8416907787322998 iter: 14
tot_time: 4.226456642150879
init time: 0.00023984909057617188
contact time: 0.0036051273345947266
tot contact: 29
contact analysis time: 0.00048160552978515625
solving time: 0.9424378871917725 iter: 15
tot_time: 5.178112745285034
init time: 0.0003199577331542969
contact time: 0.003622770309448242
tot contact: 27
contact analysis time: 0.0004982948303222656
solving time: 0.9422307014465332 iter: 15
tot_time: 6.129885196685791
init time: 0.0002617835998535156
contact time: 0.0036530494689941406
tot contact: 28
contact analysis time: 0.0005233287811279297
solving time: 0.939525842666626 iter: 15
tot_time: 7.079107284545898
init time: 0.0003070831298828125
contact time: 0.003671884536743164
tot contact: 28
contact analysis time: 0.0004913806915283203
solving time: 0.939335823059082 iter: 15
tot_time: 8.027927875518799
init time: 0.0002529621124267578
contact time: 0.003627300262451172
tot contact: 28
contact analysis time: 0.00048041343688964844
solving time: 0.9479165077209473 iter: 15
tot_time: 8.985142230987549
init time: 0.00023412704467773438
contact time: 0.0036597251892089844
tot contact: 28
contact analysis time: 0.0004982948303222656
solving time: 0.9460625648498535 iter: 15
tot_time: 9.940601348876953
init time: 0.00024580955505371094
contact time: 0.00380706787109375
tot contact: 29
contact analysis time: 0.0004956722259521484
solving time: 0.8859195709228516 iter: 14
tot_time: 10.836021423339844
init time: 0.0002391338348388672
contact time: 0.0037958621978759766
tot contact: 28
contact analysis time: 0.0004830360412597656
solving time: 0.940253734588623 iter: 15
tot_time: 11.78581190109253
init time: 0.0002384185791015625
contact time: 0.0036242008209228516
tot contact: 28
contact analysis time: 0.0004968643188476562
solving time: 0.9449982643127441 iter: 15
tot_time: 12.740156412124634
init time: 0.000244140625
contact time: 0.003736257553100586
tot contact: 31
contact analysis time: 0.0004899501800537109
solving time: 0.9504148960113525 iter: 15
tot_time: 13.70009183883667
init time: 0.00024580955505371094
contact time: 0.0038166046142578125
tot contact: 33
contact analysis time: 0.0004982948303222656
solving time: 0.9487359523773193 iter: 15
tot_time: 14.658450603485107
init time: 0.0003502368927001953
contact time: 0.0037262439727783203
tot contact: 35
contact analysis time: 0.0005035400390625
solving time: 0.9487569332122803 iter: 15
tot_time: 15.61707615852356
init time: 0.00024962425231933594
contact time: 0.003705739974975586
tot contact: 36
contact analysis time: 0.0005037784576416016
solving time: 0.967022180557251 iter: 15
tot_time: 16.5935378074646
init time: 0.00038623809814453125
contact time: 0.0037326812744140625
tot contact: 37
contact analysis time: 0.0005462169647216797
solving time: 0.9675261974334717 iter: 15
tot_time: 17.57074761390686
init time: 0.0002467632293701172
contact time: 0.0038034915924072266
tot contact: 36
contact analysis time: 0.0004792213439941406
solving time: 0.9660956859588623 iter: 15
tot_time: 18.546344757080078
init time: 0.0002472400665283203
contact time: 0.003776073455810547
tot contact: 33
contact analysis time: 0.0004906654357910156
solving time: 0.9613804817199707 iter: 15
tot_time: 19.51717972755432
init time: 0.0002372264862060547
contact time: 0.003796815872192383
tot contact: 32
contact analysis time: 0.0004954338073730469
solving time: 0.9582860469818115 iter: 15
tot_time: 20.485079288482666
init time: 0.00026416778564453125
contact time: 0.0038785934448242188
tot contact: 32
contact analysis time: 0.0005331039428710938
solving time: 0.9590644836425781 iter: 15
tot_time: 21.454143047332764
init time: 0.0003159046173095703
contact time: 0.0037584304809570312
tot contact: 34
contact analysis time: 0.0004870891571044922
solving time: 0.9651882648468018 iter: 15
tot_time: 22.428861141204834
init time: 0.00025343894958496094
contact time: 0.003822803497314453
tot contact: 35
contact analysis time: 0.0004923343658447266
solving time: 0.9570021629333496 iter: 15
tot_time: 23.39542508125305
init time: 0.00037980079650878906
contact time: 0.0038628578186035156
tot contact: 35
contact analysis time: 0.0005598068237304688
solving time: 0.9565048217773438 iter: 15
tot_time: 24.361703395843506
init time: 0.00024437904357910156
contact time: 0.0038411617279052734
tot contact: 32
contact analysis time: 0.00048160552978515625
solving time: 0.9609601497650146 iter: 15
tot_time: 25.332250833511353
init time: 0.0002434253692626953
contact time: 0.0038318634033203125
tot contact: 28
contact analysis time: 0.0005059242248535156
solving time: 0.9496915340423584 iter: 15
tot_time: 26.291510343551636
init time: 0.00024580955505371094
contact time: 0.0038123130798339844
tot contact: 27
contact analysis time: 0.0004856586456298828
solving time: 0.9524731636047363 iter: 15
tot_time: 27.253575801849365
init time: 0.0002448558807373047
contact time: 0.003679513931274414
tot contact: 26
contact analysis time: 0.0004944801330566406
solving time: 0.9630663394927979 iter: 15
tot_time: 28.226024627685547
init time: 0.00030994415283203125
contact time: 0.0038042068481445312
tot contact: 25
contact analysis time: 0.00048613548278808594
solving time: 0.9532225131988525 iter: 15
tot_time: 29.188994884490967
init time: 0.0002512931823730469
contact time: 0.0036733150482177734
tot contact: 24
contact analysis time: 0.0004801750183105469
solving time: 0.918330192565918 iter: 15
tot_time: 30.11672306060791
init time: 0.00023698806762695312
contact time: 0.0037293434143066406
tot contact: 24
contact analysis time: 0.0004787445068359375
solving time: 0.9564051628112793 iter: 15
tot_time: 31.082616090774536
init time: 0.00024628639221191406
contact time: 0.003724336624145508
tot contact: 24
contact analysis time: 0.00049591064453125
solving time: 0.9525842666625977 iter: 15
tot_time: 32.044620752334595
init time: 0.0002396106719970703
contact time: 0.003690004348754883
tot contact: 22
contact analysis time: 0.0004818439483642578
solving time: 0.9481265544891357 iter: 15
tot_time: 33.00215697288513
init time: 0.0002429485321044922
contact time: 0.003676176071166992
tot contact: 21
contact analysis time: 0.0004906654357910156
solving time: 0.9454617500305176 iter: 15
tot_time: 33.9569365978241
init time: 0.0003077983856201172
contact time: 0.003698587417602539
tot contact: 20
contact analysis time: 0.00048542022705078125
solving time: 0.8044264316558838 iter: 13
tot_time: 34.77079129219055
init time: 0.0003178119659423828
contact time: 0.0036725997924804688
tot contact: 21
contact analysis time: 0.0005679130554199219
solving time: 0.6351439952850342 iter: 10
tot_time: 35.41571307182312
init time: 0.0002353191375732422
contact time: 0.0036253929138183594
tot contact: 20
contact analysis time: 0.0004851818084716797
solving time: 0.6939444541931152 iter: 11
tot_time: 36.1190025806427
init time: 0.00023984909057617188
contact time: 0.0035369396209716797
tot contact: 20
contact analysis time: 0.0004830360412597656
solving time: 0.7538325786590576 iter: 12
tot_time: 36.882014989852905
init time: 0.0003132820129394531
contact time: 0.0035698413848876953
tot contact: 20
contact analysis time: 0.0005450248718261719
solving time: 0.754256010055542 iter: 12
tot_time: 37.64571166038513
init time: 0.00031375885009765625
contact time: 0.0035827159881591797
tot contact: 20
contact analysis time: 0.0005483627319335938
solving time: 0.882037878036499 iter: 14
tot_time: 38.5372040271759
init time: 0.0002434253692626953
contact time: 0.0035886764526367188
tot contact: 20
contact analysis time: 0.0004775524139404297
solving time: 0.9397683143615723 iter: 15
tot_time: 39.48619723320007
init time: 0.00030994415283203125
contact time: 0.0035734176635742188
tot contact: 22
contact analysis time: 0.0005362033843994141
solving time: 0.806560754776001 iter: 13
tot_time: 40.30220913887024
init time: 0.0002384185791015625
contact time: 0.0036013126373291016
tot contact: 21
contact analysis time: 0.000484466552734375
solving time: 0.6974103450775146 iter: 11
tot_time: 41.008907079696655
init time: 0.00024819374084472656
contact time: 0.0036106109619140625
tot contact: 21
contact analysis time: 0.0004825592041015625
solving time: 0.694382905960083 iter: 11
tot_time: 41.71260452270508
init time: 0.00025391578674316406
contact time: 0.0036377906799316406
tot contact: 22
contact analysis time: 0.0005619525909423828
solving time: 0.6212630271911621 iter: 10
tot_time: 42.343260049819946
tot_time: 42.3432674407959
total_reward: [-0.046209895831439425, -0.05104072691540746, -0.04904567769781764, -0.045700585579545684, -0.04229456341279594, -0.042003135904651975, -0.0415964755100213]
tot contact: 22
tot contact: 21
tot contact: 21
tot contact: 22
tot contact: 20
tot contact: 20
tot contact: 20
tot contact: 20
tot contact: 20
tot contact: 21
tot contact: 20
tot contact: 21
tot contact: 22
tot contact: 24
tot contact: 24
tot contact: 24
tot contact: 25
tot contact: 26
tot contact: 27
tot contact: 28
tot contact: 32
tot contact: 35
tot contact: 35
tot contact: 34
tot contact: 32
tot contact: 32
tot contact: 33
tot contact: 36
tot contact: 37
tot contact: 36
tot contact: 35
tot contact: 33
tot contact: 31
tot contact: 28
tot contact: 28
tot contact: 29
tot contact: 28
tot contact: 28
tot contact: 28
tot contact: 28
tot contact: 27
tot contact: 29
tot contact: 25
tot contact: 23
tot contact: 25
tot contact: 26
tot contact: 23
tot contact: 26
tot contact: 29
done grad
iter:  7
[I 10/02/26 14:06:42.209 12828] [swap_chain.cpp:dump_image_buffer@164] Dumping image buffer...
init time: 0.00026106834411621094
contact time: 0.0030083656311035156
tot contact: 29
contact analysis time: 0.0004913806915283203
solving time: 0.5319812297821045 iter: 10
tot_time: 0.5743007659912109
init time: 0.00024318695068359375
contact time: 0.0031347274780273438
tot contact: 26
contact analysis time: 0.0004839897155761719
solving time: 0.4675450325012207 iter: 9
tot_time: 1.0506372451782227
init time: 0.0003185272216796875
contact time: 0.003342151641845703
tot contact: 23
contact analysis time: 0.0004863739013671875
solving time: 0.4665365219116211 iter: 9
tot_time: 1.5264272689819336
init time: 0.0002887248992919922
contact time: 0.003510713577270508
tot contact: 26
contact analysis time: 0.0004763603210449219
solving time: 0.5737948417663574 iter: 11
tot_time: 2.1095592975616455
init time: 0.0003161430358886719
contact time: 0.0035440921783447266
tot contact: 25
contact analysis time: 0.0005466938018798828
solving time: 0.6242716312408447 iter: 12
tot_time: 2.743234157562256
init time: 0.0003173351287841797
contact time: 0.0035805702209472656
tot contact: 25
contact analysis time: 0.0005548000335693359
solving time: 0.7638030052185059 iter: 13
tot_time: 3.5164990425109863
init time: 0.00026226043701171875
contact time: 0.0036156177520751953
tot contact: 25
contact analysis time: 0.00048470497131347656
solving time: 0.8397073745727539 iter: 14
tot_time: 4.365707159042358
init time: 0.00024008750915527344
contact time: 0.003573179244995117
tot contact: 29
contact analysis time: 0.0004799365997314453
solving time: 0.9419865608215332 iter: 15
tot_time: 5.316993951797485
init time: 0.000316619873046875
contact time: 0.003553152084350586
tot contact: 27
contact analysis time: 0.0005393028259277344
solving time: 0.9371151924133301 iter: 15
tot_time: 6.263570785522461
init time: 0.000244140625
contact time: 0.0036230087280273438
tot contact: 28
contact analysis time: 0.0004820823669433594
solving time: 0.9405090808868408 iter: 15
tot_time: 7.2133629322052
init time: 0.0003209114074707031
contact time: 0.003587961196899414
tot contact: 28
contact analysis time: 0.0005688667297363281
solving time: 0.9511218070983887 iter: 15
tot_time: 8.174026489257812
init time: 0.000240325927734375
contact time: 0.003629922866821289
tot contact: 28
contact analysis time: 0.0004734992980957031
solving time: 0.9691877365112305 iter: 15
tot_time: 9.152599811553955
init time: 0.0003063678741455078
contact time: 0.0036301612854003906
tot contact: 28
contact analysis time: 0.0005457401275634766
solving time: 0.9597959518432617 iter: 15
tot_time: 10.121795654296875
init time: 0.0002453327178955078
contact time: 0.004044532775878906
tot contact: 29
contact analysis time: 0.0007512569427490234
solving time: 0.8926715850830078 iter: 14
tot_time: 11.024569511413574
init time: 0.0002453327178955078
contact time: 0.003782033920288086
tot contact: 28
contact analysis time: 0.0004763603210449219
solving time: 0.9491357803344727 iter: 15
tot_time: 11.9832124710083
init time: 0.00024580955505371094
contact time: 0.004180431365966797
tot contact: 28
contact analysis time: 0.0007348060607910156
solving time: 0.9444484710693359 iter: 15
tot_time: 12.937782049179077
init time: 0.00023555755615234375
contact time: 0.003737211227416992
tot contact: 32
contact analysis time: 0.0004918575286865234
solving time: 0.9684934616088867 iter: 15
tot_time: 13.915791511535645
init time: 0.0002484321594238281
contact time: 0.003687143325805664
tot contact: 32
contact analysis time: 0.0004718303680419922
solving time: 0.9562132358551025 iter: 15
tot_time: 14.881428480148315
init time: 0.0003044605255126953
contact time: 0.003831148147583008
tot contact: 35
contact analysis time: 0.0005528926849365234
solving time: 0.9527914524078369 iter: 15
tot_time: 15.844411849975586
init time: 0.00024056434631347656
contact time: 0.0037012100219726562
tot contact: 36
contact analysis time: 0.0005114078521728516
solving time: 0.9587421417236328 iter: 15
tot_time: 16.812523365020752
init time: 0.00031876564025878906
contact time: 0.003722667694091797
tot contact: 35
contact analysis time: 0.0005664825439453125
solving time: 0.9642767906188965 iter: 15
tot_time: 17.786405324935913
init time: 0.0002460479736328125
contact time: 0.0037627220153808594
tot contact: 36
contact analysis time: 0.0004744529724121094
solving time: 0.9652936458587646 iter: 15
tot_time: 18.761296033859253
init time: 0.00024390220642089844
contact time: 0.0038080215454101562
tot contact: 33
contact analysis time: 0.0004947185516357422
solving time: 0.9625921249389648 iter: 15
tot_time: 19.73344612121582
init time: 0.00024080276489257812
contact time: 0.0038063526153564453
tot contact: 32
contact analysis time: 0.0005130767822265625
solving time: 0.962355375289917 iter: 15
tot_time: 20.70551037788391
init time: 0.00025081634521484375
contact time: 0.003706216812133789
tot contact: 33
contact analysis time: 0.0004773139953613281
solving time: 0.9639527797698975 iter: 15
tot_time: 21.67892551422119
init time: 0.0003135204315185547
contact time: 0.003806591033935547
tot contact: 33
contact analysis time: 0.0004706382751464844
solving time: 0.9592509269714355 iter: 15
tot_time: 22.647841215133667
init time: 0.0002448558807373047
contact time: 0.0037546157836914062
tot contact: 35
contact analysis time: 0.00046443939208984375
solving time: 0.956453800201416 iter: 15
tot_time: 23.61373543739319
init time: 0.0003113746643066406
contact time: 0.0037107467651367188
tot contact: 34
contact analysis time: 0.0006363391876220703
solving time: 0.966911792755127 iter: 15
tot_time: 24.59027624130249
init time: 0.00024628639221191406
contact time: 0.0038421154022216797
tot contact: 32
contact analysis time: 0.00047206878662109375
solving time: 0.9589555263519287 iter: 15
tot_time: 25.558812856674194
init time: 0.00025272369384765625
contact time: 0.0037641525268554688
tot contact: 28
contact analysis time: 0.00047898292541503906
solving time: 0.9511749744415283 iter: 15
tot_time: 26.51951265335083
init time: 0.0002675056457519531
contact time: 0.003789663314819336
tot contact: 26
contact analysis time: 0.0004794597625732422
solving time: 0.9592921733856201 iter: 15
tot_time: 27.488468170166016
init time: 0.00029158592224121094
contact time: 0.0038471221923828125
tot contact: 26
contact analysis time: 0.0004966259002685547
solving time: 0.9641201496124268 iter: 15
tot_time: 28.46242332458496
init time: 0.0003197193145751953
contact time: 0.003714323043823242
tot contact: 25
contact analysis time: 0.0004878044128417969
solving time: 0.9592223167419434 iter: 15
tot_time: 29.431113958358765
init time: 0.0002434253692626953
contact time: 0.003735065460205078
tot contact: 24
contact analysis time: 0.0005028247833251953
solving time: 0.9142098426818848 iter: 15
tot_time: 30.354854106903076
init time: 0.00024771690368652344
contact time: 0.0037038326263427734
tot contact: 23
contact analysis time: 0.00048232078552246094
solving time: 0.9153399467468262 iter: 15
tot_time: 31.27961039543152
init time: 0.00024008750915527344
contact time: 0.0037641525268554688
tot contact: 24
contact analysis time: 0.0004868507385253906
solving time: 0.954571008682251 iter: 15
tot_time: 32.243674755096436
init time: 0.0002422332763671875
contact time: 0.003681182861328125
tot contact: 22
contact analysis time: 0.0005099773406982422
solving time: 0.9514732360839844 iter: 15
tot_time: 33.204700231552124
init time: 0.0003094673156738281
contact time: 0.003779172897338867
tot contact: 21
contact analysis time: 0.0004794597625732422
solving time: 0.9482448101043701 iter: 15
tot_time: 34.1625759601593
init time: 0.00024580955505371094
contact time: 0.0036516189575195312
tot contact: 19
contact analysis time: 0.00048422813415527344
solving time: 0.8761167526245117 iter: 14
tot_time: 35.04802989959717
init time: 0.0003197193145751953
contact time: 0.003701448440551758
tot contact: 21
contact analysis time: 0.0005056858062744141
solving time: 0.6348235607147217 iter: 10
tot_time: 35.69257855415344
init time: 0.0002384185791015625
contact time: 0.0036292076110839844
tot contact: 20
contact analysis time: 0.0004734992980957031
solving time: 0.6929569244384766 iter: 11
tot_time: 36.39490818977356
init time: 0.00024056434631347656
contact time: 0.0036764144897460938
tot contact: 20
contact analysis time: 0.0005035400390625
solving time: 0.750777006149292 iter: 12
tot_time: 37.1551308631897
init time: 0.00023293495178222656
contact time: 0.0036797523498535156
tot contact: 20
contact analysis time: 0.0004811286926269531
solving time: 0.7697060108184814 iter: 12
tot_time: 37.93423914909363
init time: 0.00024509429931640625
contact time: 0.003645658493041992
tot contact: 19
contact analysis time: 0.00047278404235839844
solving time: 0.8736412525177002 iter: 14
tot_time: 38.81721043586731
init time: 0.00023818016052246094
contact time: 0.003627777099609375
tot contact: 20
contact analysis time: 0.00049591064453125
solving time: 0.9491639137268066 iter: 15
tot_time: 39.77578544616699
init time: 0.0002446174621582031
contact time: 0.0035593509674072266
tot contact: 22
contact analysis time: 0.0005240440368652344
solving time: 0.8395688533782959 iter: 13
tot_time: 40.624680519104004
init time: 0.00024056434631347656
contact time: 0.0036029815673828125
tot contact: 20
contact analysis time: 0.0005097389221191406
solving time: 0.7667434215545654 iter: 12
tot_time: 41.40089225769043
init time: 0.00029969215393066406
contact time: 0.003683328628540039
tot contact: 21
contact analysis time: 0.0005176067352294922
solving time: 0.7689383029937744 iter: 12
tot_time: 42.18013405799866
init time: 0.00024771690368652344
contact time: 0.003599882125854492
tot contact: 21
contact analysis time: 0.0004813671112060547
solving time: 0.6427984237670898 iter: 10
tot_time: 42.83224678039551
tot_time: 42.83225893974304
total_reward: [-0.046209895831439425, -0.05104072691540746, -0.04904567769781764, -0.045700585579545684, -0.04229456341279594, -0.042003135904651975, -0.0415964755100213, -0.04099983669640499]
tot contact: 21
tot contact: 21
tot contact: 20
tot contact: 22
tot contact: 20
tot contact: 19
tot contact: 20
tot contact: 20
tot contact: 20
tot contact: 21
tot contact: 19
tot contact: 21
tot contact: 22
tot contact: 24
tot contact: 23
tot contact: 24
tot contact: 25
tot contact: 26
tot contact: 26
tot contact: 28
tot contact: 32
tot contact: 34
tot contact: 35
tot contact: 33
tot contact: 33
tot contact: 32
tot contact: 33
tot contact: 36
tot contact: 35
tot contact: 36
tot contact: 35
tot contact: 32
tot contact: 32
tot contact: 28
tot contact: 28
tot contact: 29
tot contact: 28
tot contact: 28
tot contact: 28
tot contact: 28
tot contact: 27
tot contact: 29
tot contact: 25
tot contact: 25
tot contact: 25
tot contact: 26
tot contact: 23
tot contact: 26
tot contact: 29
done grad
iter:  8
[I 10/02/26 14:07:28.281 12828] [swap_chain.cpp:dump_image_buffer@164] Dumping image buffer...
init time: 0.0002522468566894531
contact time: 0.003136157989501953
tot contact: 29
contact analysis time: 0.0005745887756347656
solving time: 0.4180936813354492 iter: 8
tot_time: 0.4609527587890625
init time: 0.0005125999450683594
contact time: 0.0033614635467529297
tot contact: 26
contact analysis time: 0.0005409717559814453
solving time: 0.473372220993042 iter: 9
tot_time: 0.9454255104064941
init time: 0.00031757354736328125
contact time: 0.003267526626586914
tot contact: 23
contact analysis time: 0.0005576610565185547
solving time: 0.4790477752685547 iter: 9
tot_time: 1.4335618019104004
init time: 0.0005831718444824219
contact time: 0.005028963088989258
tot contact: 26
contact analysis time: 0.0006730556488037109
solving time: 0.5783312320709229 iter: 11
tot_time: 2.025322914123535
init time: 0.0002601146697998047
contact time: 0.0036983489990234375
tot contact: 25
contact analysis time: 0.0005526542663574219
solving time: 0.6368470191955566 iter: 12
tot_time: 2.6720571517944336
init time: 0.00024056434631347656
contact time: 0.0035583972930908203
tot contact: 25
contact analysis time: 0.00048160552978515625
solving time: 0.6819171905517578 iter: 12
tot_time: 3.3633229732513428
init time: 0.00030994415283203125
contact time: 0.003565073013305664
tot contact: 24
contact analysis time: 0.0005567073822021484
solving time: 0.7113101482391357 iter: 13
tot_time: 4.084617614746094
init time: 0.0002505779266357422
contact time: 0.0035958290100097656
tot contact: 28
contact analysis time: 0.0004928112030029297
solving time: 0.9537570476531982 iter: 15
tot_time: 5.047657251358032
init time: 0.0002474784851074219
contact time: 0.0036444664001464844
tot contact: 28
contact analysis time: 0.00048470497131347656
solving time: 0.9380629062652588 iter: 15
tot_time: 5.995248794555664
init time: 0.0002467632293701172
contact time: 0.0035932064056396484
tot contact: 28
contact analysis time: 0.0004999637603759766
solving time: 0.9439554214477539 iter: 15
tot_time: 6.94852089881897
init time: 0.00031447410583496094
contact time: 0.0036280155181884766
tot contact: 28
contact analysis time: 0.0004839897155761719
solving time: 0.9568893909454346 iter: 15
tot_time: 7.914876699447632
init time: 0.0002486705780029297
contact time: 0.0035741329193115234
tot contact: 28
contact analysis time: 0.0004961490631103516
solving time: 0.9468998908996582 iter: 15
tot_time: 8.871087074279785
init time: 0.00036072731018066406
contact time: 0.0036268234252929688
tot contact: 28
contact analysis time: 0.0005576610565185547
solving time: 0.8969323635101318 iter: 14
tot_time: 9.777651309967041
init time: 0.00031757354736328125
contact time: 0.0037512779235839844
tot contact: 29
contact analysis time: 0.0005464553833007812
solving time: 0.9618332386016846 iter: 15
tot_time: 10.749220132827759
init time: 0.00024080276489257812
contact time: 0.0038046836853027344
tot contact: 28
contact analysis time: 0.00047326087951660156
solving time: 0.9450638294219971 iter: 15
tot_time: 11.703735828399658
init time: 0.00024509429931640625
contact time: 0.0037224292755126953
tot contact: 28
contact analysis time: 0.00048041343688964844
solving time: 0.9504590034484863 iter: 15
tot_time: 12.663600444793701
init time: 0.0002372264862060547
contact time: 0.0037813186645507812
tot contact: 32
contact analysis time: 0.0004813671112060547
solving time: 0.9484400749206543 iter: 15
tot_time: 13.621633291244507
init time: 0.0002512931823730469
contact time: 0.0037870407104492188
tot contact: 32
contact analysis time: 0.0005078315734863281
solving time: 0.9546213150024414 iter: 15
tot_time: 14.585968494415283
init time: 0.0004687309265136719
contact time: 0.004620552062988281
tot contact: 34
contact analysis time: 0.0009059906005859375
solving time: 0.9764835834503174 iter: 15
tot_time: 15.575919151306152
init time: 0.00024628639221191406
contact time: 0.0036678314208984375
tot contact: 36
contact analysis time: 0.0004990100860595703
solving time: 0.9748551845550537 iter: 15
tot_time: 16.560113191604614
init time: 0.00031280517578125
contact time: 0.0037038326263427734
tot contact: 34
contact analysis time: 0.0005528926849365234
solving time: 0.966827392578125 iter: 15
tot_time: 17.536444902420044
init time: 0.00024890899658203125
contact time: 0.0038080215454101562
tot contact: 33
contact analysis time: 0.0004763603210449219
solving time: 0.9627048969268799 iter: 15
tot_time: 18.50869107246399
init time: 0.00024962425231933594
contact time: 0.0037446022033691406
tot contact: 32
contact analysis time: 0.0004684925079345703
solving time: 0.9675464630126953 iter: 15
tot_time: 19.48565936088562
init time: 0.00023746490478515625
contact time: 0.0037767887115478516
tot contact: 32
contact analysis time: 0.00048804283142089844
solving time: 0.9638521671295166 iter: 15
tot_time: 20.45902919769287
init time: 0.00024962425231933594
contact time: 0.0037369728088378906
tot contact: 33
contact analysis time: 0.0004940032958984375
solving time: 0.9624686241149902 iter: 15
tot_time: 21.430985927581787
init time: 0.00031948089599609375
contact time: 0.0038330554962158203
tot contact: 33
contact analysis time: 0.000492095947265625
solving time: 0.9685211181640625 iter: 15
tot_time: 22.409234762191772
init time: 0.0002429485321044922
contact time: 0.0037314891815185547
tot contact: 34
contact analysis time: 0.0004897117614746094
solving time: 0.9592366218566895 iter: 15
tot_time: 23.377944707870483
init time: 0.0003154277801513672
contact time: 0.0037741661071777344
tot contact: 34
contact analysis time: 0.0005583763122558594
solving time: 0.9655916690826416 iter: 15
tot_time: 24.353189945220947
init time: 0.00024819374084472656
contact time: 0.003831624984741211
tot contact: 33
contact analysis time: 0.0004975795745849609
solving time: 0.9634277820587158 iter: 15
tot_time: 25.326242446899414
init time: 0.0002472400665283203
contact time: 0.003808736801147461
tot contact: 28
contact analysis time: 0.0005068778991699219
solving time: 0.9514374732971191 iter: 15
tot_time: 26.28721284866333
init time: 0.0002498626708984375
contact time: 0.0037789344787597656
tot contact: 26
contact analysis time: 0.00048065185546875
solving time: 0.9669806957244873 iter: 15
tot_time: 27.263863563537598
init time: 0.0002422332763671875
contact time: 0.0037305355072021484
tot contact: 25
contact analysis time: 0.00048542022705078125
solving time: 0.959754228591919 iter: 15
tot_time: 28.233265161514282
init time: 0.0003256797790527344
contact time: 0.0037755966186523438
tot contact: 24
contact analysis time: 0.0005202293395996094
solving time: 0.9617257118225098 iter: 15
tot_time: 29.204575538635254
init time: 0.0002532005310058594
contact time: 0.003808259963989258
tot contact: 25
contact analysis time: 0.0005395412445068359
solving time: 0.9203846454620361 iter: 15
tot_time: 30.134806632995605
init time: 0.0002579689025878906
contact time: 0.0038466453552246094
tot contact: 24
contact analysis time: 0.0005118846893310547
solving time: 0.9512820243835449 iter: 15
tot_time: 31.09569549560547
init time: 0.00030422210693359375
contact time: 0.003771543502807617
tot contact: 24
contact analysis time: 0.0004913806915283203
solving time: 0.957991361618042 iter: 15
tot_time: 32.06331133842468
init time: 0.00024771690368652344
contact time: 0.0036919116973876953
tot contact: 23
contact analysis time: 0.0004909038543701172
solving time: 0.9592969417572021 iter: 15
tot_time: 33.0320200920105
init time: 0.0003075599670410156
contact time: 0.0036957263946533203
tot contact: 21
contact analysis time: 0.0005660057067871094
solving time: 0.9428184032440186 iter: 15
tot_time: 33.98436713218689
init time: 0.0002689361572265625
contact time: 0.0038034915924072266
tot contact: 19
contact analysis time: 0.0005021095275878906
solving time: 0.8734111785888672 iter: 14
tot_time: 34.867669105529785
init time: 0.00042700767517089844
contact time: 0.003862142562866211
tot contact: 21
contact analysis time: 0.0006151199340820312
solving time: 0.6416497230529785 iter: 10
tot_time: 35.52005124092102
init time: 0.0002396106719970703
contact time: 0.003654003143310547
tot contact: 20
contact analysis time: 0.0004801750183105469
solving time: 0.6943359375 iter: 11
tot_time: 36.223761320114136
init time: 0.00023555755615234375
contact time: 0.0037097930908203125
tot contact: 20
contact analysis time: 0.0004889965057373047
solving time: 0.7599050998687744 iter: 12
tot_time: 36.99315690994263
init time: 0.0002484321594238281
contact time: 0.0035996437072753906
tot contact: 19
contact analysis time: 0.0004730224609375
solving time: 0.8176109790802002 iter: 13
tot_time: 37.8200888633728
init time: 0.00030422210693359375
contact time: 0.0036628246307373047
tot contact: 19
contact analysis time: 0.0004954338073730469
solving time: 0.9447708129882812 iter: 15
tot_time: 38.774409532547
init time: 0.0002491474151611328
contact time: 0.0035958290100097656
tot contact: 20
contact analysis time: 0.00048828125
solving time: 0.9445691108703613 iter: 15
tot_time: 39.728251457214355
init time: 0.00033092498779296875
contact time: 0.003607511520385742
tot contact: 22
contact analysis time: 0.0005488395690917969
solving time: 0.870023250579834 iter: 14
tot_time: 40.60820531845093
init time: 0.0005154609680175781
contact time: 0.0044858455657958984
tot contact: 20
contact analysis time: 0.0009191036224365234
solving time: 0.8787047863006592 iter: 14
tot_time: 41.50416159629822
init time: 0.0002636909484863281
contact time: 0.003656148910522461
tot contact: 21
contact analysis time: 0.0005030632019042969
solving time: 0.9028167724609375 iter: 14
tot_time: 42.41662573814392
init time: 0.0003116130828857422
contact time: 0.0035552978515625
tot contact: 19
contact analysis time: 0.0005698204040527344
solving time: 0.6185503005981445 iter: 10
tot_time: 43.04462647438049
tot_time: 43.044633626937866
total_reward: [-0.046209895831439425, -0.05104072691540746, -0.04904567769781764, -0.045700585579545684, -0.04229456341279594, -0.042003135904651975, -0.0415964755100213, -0.04099983669640499, -0.04042578611448546]
tot contact: 19
tot contact: 21
tot contact: 20
tot contact: 22
tot contact: 20
tot contact: 19
tot contact: 19
tot contact: 20
tot contact: 20
tot contact: 21
tot contact: 19
tot contact: 21
tot contact: 23
tot contact: 24
tot contact: 24
tot contact: 25
tot contact: 24
tot contact: 25
tot contact: 26
tot contact: 28
tot contact: 33
tot contact: 34
tot contact: 34
tot contact: 33
tot contact: 33
tot contact: 32
tot contact: 32
tot contact: 33
tot contact: 34
tot contact: 36
tot contact: 34
tot contact: 32
tot contact: 32
tot contact: 28
tot contact: 28
tot contact: 29
tot contact: 28
tot contact: 28
tot contact: 28
tot contact: 28
tot contact: 28
tot contact: 28
tot contact: 24
tot contact: 25
tot contact: 25
tot contact: 26
tot contact: 23
tot contact: 26
tot contact: 29
done grad
iter:  9
[I 10/02/26 14:08:14.568 12828] [swap_chain.cpp:dump_image_buffer@164] Dumping image buffer...
init time: 0.0003516674041748047
contact time: 0.002922534942626953
tot contact: 29
contact analysis time: 0.0005555152893066406
solving time: 0.4216306209564209 iter: 8
tot_time: 0.46174168586730957
init time: 0.000316619873046875
contact time: 0.0030946731567382812
tot contact: 26
contact analysis time: 0.0005409717559814453
solving time: 0.4715561866760254 iter: 9
tot_time: 0.9422621726989746
init time: 0.0002493858337402344
contact time: 0.0033380985260009766
tot contact: 23
contact analysis time: 0.0005123615264892578
solving time: 0.46924519538879395 iter: 9
tot_time: 1.4205992221832275
init time: 0.00023651123046875
contact time: 0.0035390853881835938
tot contact: 26
contact analysis time: 0.000484466552734375
solving time: 0.5767998695373535 iter: 11
tot_time: 2.0066545009613037
init time: 0.00024437904357910156
contact time: 0.0036339759826660156
tot contact: 25
contact analysis time: 0.0005018711090087891
solving time: 0.6332275867462158 iter: 12
tot_time: 2.6493918895721436
init time: 0.00024962425231933594
contact time: 0.0036439895629882812
tot contact: 25
contact analysis time: 0.0004956722259521484
solving time: 0.7395961284637451 iter: 13
tot_time: 3.3983845710754395
init time: 0.0002524852752685547
contact time: 0.003688335418701172
tot contact: 24
contact analysis time: 0.0005114078521728516
solving time: 0.7166802883148193 iter: 13
tot_time: 4.124603033065796
init time: 0.00031065940856933594
contact time: 0.0035495758056640625
tot contact: 28
contact analysis time: 0.0004935264587402344
solving time: 0.9557147026062012 iter: 15
tot_time: 5.089752674102783
init time: 0.0003249645233154297
contact time: 0.0037817955017089844
tot contact: 28
contact analysis time: 0.0005831718444824219
solving time: 0.9422323703765869 iter: 15
tot_time: 6.042952299118042
init time: 0.00035691261291503906
contact time: 0.0036003589630126953
tot contact: 28
contact analysis time: 0.0006031990051269531
solving time: 0.9443051815032959 iter: 15
tot_time: 6.997291803359985
init time: 0.0002524852752685547
contact time: 0.003655672073364258
tot contact: 28
contact analysis time: 0.0004963874816894531
solving time: 0.9424796104431152 iter: 15
tot_time: 7.949687719345093
init time: 0.00024437904357910156
contact time: 0.0036661624908447266
tot contact: 28
contact analysis time: 0.0004944801330566406
solving time: 0.9480652809143066 iter: 15
tot_time: 8.907098531723022
init time: 0.00023937225341796875
contact time: 0.0036945343017578125
tot contact: 28
contact analysis time: 0.0005011558532714844
solving time: 0.891444206237793 iter: 14
tot_time: 9.807985067367554
init time: 0.00024199485778808594
contact time: 0.003759622573852539
tot contact: 28
contact analysis time: 0.0005514621734619141
solving time: 0.95357346534729 iter: 15
tot_time: 10.771188020706177
init time: 0.0002410411834716797
contact time: 0.0037238597869873047
tot contact: 28
contact analysis time: 0.00048542022705078125
solving time: 0.9439897537231445 iter: 15
tot_time: 11.72460651397705
init time: 0.0002493858337402344
contact time: 0.003663301467895508
tot contact: 29
contact analysis time: 0.0005486011505126953
solving time: 0.9526810646057129 iter: 15
tot_time: 12.686829090118408
init time: 0.0002772808074951172
contact time: 0.003860950469970703
tot contact: 32
contact analysis time: 0.0005271434783935547
solving time: 0.9541947841644287 iter: 15
tot_time: 13.651810884475708
init time: 0.0002522468566894531
contact time: 0.003769397735595703
tot contact: 33
contact analysis time: 0.0004825592041015625
solving time: 0.9536988735198975 iter: 15
tot_time: 14.61500358581543
init time: 0.00023651123046875
contact time: 0.0037064552307128906
tot contact: 34
contact analysis time: 0.0004849433898925781
solving time: 0.9548444747924805 iter: 15
tot_time: 15.57942247390747
init time: 0.000240325927734375
contact time: 0.0036945343017578125
tot contact: 35
contact analysis time: 0.0005068778991699219
solving time: 0.9728713035583496 iter: 15
tot_time: 16.561691999435425
init time: 0.00032639503479003906
contact time: 0.0037355422973632812
tot contact: 34
contact analysis time: 0.00047397613525390625
solving time: 0.9690506458282471 iter: 15
tot_time: 17.540310382843018
init time: 0.00024080276489257812
contact time: 0.003686666488647461
tot contact: 32
contact analysis time: 0.0004932880401611328
solving time: 0.9612128734588623 iter: 15
tot_time: 18.510936498641968
init time: 0.00031304359436035156
contact time: 0.0036678314208984375
tot contact: 32
contact analysis time: 0.0005407333374023438
solving time: 0.968949556350708 iter: 15
tot_time: 19.489346027374268
init time: 0.00024366378784179688
contact time: 0.0038018226623535156
tot contact: 32
contact analysis time: 0.0004703998565673828
solving time: 0.9614393711090088 iter: 15
tot_time: 20.460269689559937
init time: 0.0002484321594238281
contact time: 0.003828763961791992
tot contact: 33
contact analysis time: 0.00048041343688964844
solving time: 0.9655485153198242 iter: 15
tot_time: 21.435314416885376
init time: 0.0002384185791015625
contact time: 0.00379180908203125
tot contact: 33
contact analysis time: 0.0005173683166503906
solving time: 0.9644443988800049 iter: 15
tot_time: 22.409339904785156
init time: 0.0002448558807373047
contact time: 0.003715991973876953
tot contact: 34
contact analysis time: 0.0004875659942626953
solving time: 0.9610118865966797 iter: 15
tot_time: 23.379746198654175
init time: 0.0003249645233154297
contact time: 0.0037686824798583984
tot contact: 34
contact analysis time: 0.00047469139099121094
solving time: 0.9652483463287354 iter: 15
tot_time: 24.35457468032837
init time: 0.00024247169494628906
contact time: 0.0037643909454345703
tot contact: 33
contact analysis time: 0.0004782676696777344
solving time: 0.963892936706543 iter: 15
tot_time: 25.327882528305054
init time: 0.0003390312194824219
contact time: 0.003767728805541992
tot contact: 28
contact analysis time: 0.0005555152893066406
solving time: 0.950333833694458 iter: 15
tot_time: 26.28789520263672
init time: 0.0002467632293701172
contact time: 0.0038177967071533203
tot contact: 26
contact analysis time: 0.0004942417144775391
solving time: 0.964618444442749 iter: 15
tot_time: 27.26209568977356
init time: 0.00026988983154296875
contact time: 0.00382232666015625
tot contact: 25
contact analysis time: 0.0005006790161132812
solving time: 0.9617595672607422 iter: 15
tot_time: 28.23356032371521
init time: 0.00026726722717285156
contact time: 0.003850221633911133
tot contact: 24
contact analysis time: 0.0005137920379638672
solving time: 0.9691309928894043 iter: 15
tot_time: 29.212870836257935
init time: 0.00024127960205078125
contact time: 0.0036764144897460938
tot contact: 24
contact analysis time: 0.000476837158203125
solving time: 0.9235146045684814 iter: 15
tot_time: 30.145861864089966
init time: 0.0002655982971191406
contact time: 0.0037479400634765625
tot contact: 23
contact analysis time: 0.0004968643188476562
solving time: 0.8694355487823486 iter: 14
tot_time: 31.02520227432251
init time: 0.0002493858337402344
contact time: 0.0037069320678710938
tot contact: 24
contact analysis time: 0.00046634674072265625
solving time: 0.9562187194824219 iter: 15
tot_time: 31.990983724594116
init time: 0.000255584716796875
contact time: 0.0037431716918945312
tot contact: 23
contact analysis time: 0.00048089027404785156
solving time: 0.9551043510437012 iter: 15
tot_time: 32.95555663108826
init time: 0.0002372264862060547
contact time: 0.0037534236907958984
tot contact: 22
contact analysis time: 0.0004832744598388672
solving time: 0.9580035209655762 iter: 15
tot_time: 33.92307734489441
init time: 0.0002460479736328125
contact time: 0.003686189651489258
tot contact: 19
contact analysis time: 0.00048542022705078125
solving time: 0.9489455223083496 iter: 15
tot_time: 34.88138508796692
init time: 0.0003159046173095703
contact time: 0.0037260055541992188
tot contact: 21
contact analysis time: 0.00047206878662109375
solving time: 0.7690606117248535 iter: 12
tot_time: 35.65991258621216
init time: 0.0003192424774169922
contact time: 0.0035538673400878906
tot contact: 20
contact analysis time: 0.00048613548278808594
solving time: 0.6909477710723877 iter: 11
tot_time: 36.36023187637329
init time: 0.0003762245178222656
contact time: 0.003998994827270508
tot contact: 20
contact analysis time: 0.0006480216979980469
solving time: 0.7650997638702393 iter: 12
tot_time: 37.136441230773926
init time: 0.0002472400665283203
contact time: 0.0037102699279785156
tot contact: 18
contact analysis time: 0.0004699230194091797
solving time: 0.9597823619842529 iter: 15
tot_time: 38.10566329956055
init time: 0.00024127960205078125
contact time: 0.0036482810974121094
tot contact: 18
contact analysis time: 0.0005371570587158203
solving time: 0.9331881999969482 iter: 15
tot_time: 39.04823303222656
init time: 0.0002377033233642578
contact time: 0.0037221908569335938
tot contact: 19
contact analysis time: 0.00047898292541503906
solving time: 0.9321260452270508 iter: 15
tot_time: 39.98978352546692
init time: 0.0002586841583251953
contact time: 0.0035750865936279297
tot contact: 21
contact analysis time: 0.0004901885986328125
solving time: 0.9423041343688965 iter: 15
tot_time: 40.941381216049194
init time: 0.0002377033233642578
contact time: 0.0036020278930664062
tot contact: 19
contact analysis time: 0.0004811286926269531
solving time: 0.930347204208374 iter: 15
tot_time: 41.88107872009277
init time: 0.0002465248107910156
contact time: 0.003587007522583008
tot contact: 20
contact analysis time: 0.000507354736328125
solving time: 0.9341769218444824 iter: 15
tot_time: 42.824506998062134
init time: 0.00032520294189453125
contact time: 0.0036203861236572266
tot contact: 19
contact analysis time: 0.00048160552978515625
solving time: 0.6100702285766602 iter: 10
tot_time: 43.44398021697998
tot_time: 43.44398784637451
total_reward: [-0.046209895831439425, -0.05104072691540746, -0.04904567769781764, -0.045700585579545684, -0.04229456341279594, -0.042003135904651975, -0.0415964755100213, -0.04099983669640499, -0.04042578611448546, -0.039655262645921965]
tot contact: 19
tot contact: 20
tot contact: 19
tot contact: 21
tot contact: 19
tot contact: 18
tot contact: 18
tot contact: 20
tot contact: 20
tot contact: 21
tot contact: 19
tot contact: 22
tot contact: 23
tot contact: 24
tot contact: 23
tot contact: 24
tot contact: 24
tot contact: 25
tot contact: 26
tot contact: 28
tot contact: 33
tot contact: 34
tot contact: 34
tot contact: 33
tot contact: 33
tot contact: 32
tot contact: 32
tot contact: 32
tot contact: 34
tot contact: 35
tot contact: 34
tot contact: 33
tot contact: 32
tot contact: 29
tot contact: 28
tot contact: 28
tot contact: 28
tot contact: 28
tot contact: 28
tot contact: 28
tot contact: 28
tot contact: 28
tot contact: 24
tot contact: 25
tot contact: 25
tot contact: 26
tot contact: 23
tot contact: 26
tot contact: 29
done grad
iter:  10
[I 10/02/26 14:09:01.229 12828] [swap_chain.cpp:dump_image_buffer@164] Dumping image buffer...
init time: 0.0003409385681152344
contact time: 0.0029342174530029297
tot contact: 29
contact analysis time: 0.0005953311920166016
solving time: 0.4238893985748291 iter: 8
tot_time: 0.4644134044647217
init time: 0.0003046989440917969
contact time: 0.003127574920654297
tot contact: 26
contact analysis time: 0.0004811286926269531
solving time: 0.472470760345459 iter: 9
tot_time: 0.9457211494445801
init time: 0.00030350685119628906
contact time: 0.003354310989379883
tot contact: 23
contact analysis time: 0.0004818439483642578
solving time: 0.4661421775817871 iter: 9
tot_time: 1.420966625213623
init time: 0.0002434253692626953
contact time: 0.003545045852661133
tot contact: 26
contact analysis time: 0.00047135353088378906
solving time: 0.5960490703582764 iter: 11
tot_time: 2.0262675285339355
init time: 0.00024199485778808594
contact time: 0.0036377906799316406
tot contact: 26
contact analysis time: 0.00048065185546875
solving time: 0.6986868381500244 iter: 12
tot_time: 2.7342851161956787
init time: 0.0002467632293701172
contact time: 0.003655672073364258
tot contact: 25
contact analysis time: 0.0005109310150146484
solving time: 0.7401201725006104 iter: 13
tot_time: 3.4837207794189453
init time: 0.00030875205993652344
contact time: 0.0035355091094970703
tot contact: 24
contact analysis time: 0.0005519390106201172
solving time: 0.7087602615356445 iter: 13
tot_time: 4.20181131362915
init time: 0.00024366378784179688
contact time: 0.0035300254821777344
tot contact: 29
contact analysis time: 0.0004782676696777344
solving time: 0.9413793087005615 iter: 15
tot_time: 5.152361631393433
init time: 0.00031113624572753906
contact time: 0.0036051273345947266
tot contact: 29
contact analysis time: 0.00048661231994628906
solving time: 0.9360294342041016 iter: 15
tot_time: 6.097941875457764
init time: 0.00024008750915527344
contact time: 0.003568410873413086
tot contact: 28
contact analysis time: 0.0004684925079345703
solving time: 0.9391107559204102 iter: 15
tot_time: 7.046277284622192
init time: 0.0003123283386230469
contact time: 0.0035703182220458984
tot contact: 29
contact analysis time: 0.0005452632904052734
solving time: 0.9463808536529541 iter: 15
tot_time: 8.001999139785767
init time: 0.00024056434631347656
contact time: 0.0036525726318359375
tot contact: 28
contact analysis time: 0.0004930496215820312
solving time: 0.9437322616577148 iter: 15
tot_time: 8.955175399780273
init time: 0.0002484321594238281
contact time: 0.0036439895629882812
tot contact: 27
contact analysis time: 0.00047469139099121094
solving time: 0.9460775852203369 iter: 15
tot_time: 9.910521745681763
init time: 0.00023889541625976562
contact time: 0.0037903785705566406
tot contact: 29
contact analysis time: 0.0004818439483642578
solving time: 0.886970043182373 iter: 14
tot_time: 10.807121515274048
init time: 0.0002739429473876953
contact time: 0.003816366195678711
tot contact: 28
contact analysis time: 0.0005612373352050781
solving time: 0.9422001838684082 iter: 15
tot_time: 11.75914454460144
init time: 0.0002589225769042969
contact time: 0.003732919692993164
tot contact: 29
contact analysis time: 0.0005147457122802734
solving time: 0.9502646923065186 iter: 15
tot_time: 12.71911907196045
init time: 0.00024318695068359375
contact time: 0.003766775131225586
tot contact: 32
contact analysis time: 0.0005023479461669922
solving time: 0.9521396160125732 iter: 15
tot_time: 13.680715560913086
init time: 0.00023627281188964844
contact time: 0.0037310123443603516
tot contact: 33
contact analysis time: 0.0004909038543701172
solving time: 0.952603816986084 iter: 15
tot_time: 14.642820835113525
init time: 0.0002493858337402344
contact time: 0.0036635398864746094
tot contact: 34
contact analysis time: 0.0004734992980957031
solving time: 0.9577457904815674 iter: 15
tot_time: 15.610036611557007
init time: 0.0003383159637451172
contact time: 0.004361629486083984
tot contact: 35
contact analysis time: 0.0008697509765625
solving time: 0.963045597076416 iter: 15
tot_time: 16.583965301513672
init time: 0.0002455711364746094
contact time: 0.0036880970001220703
tot contact: 33
contact analysis time: 0.0004904270172119141
solving time: 0.956981897354126 iter: 15
tot_time: 17.550362825393677
init time: 0.0003113746643066406
contact time: 0.0037164688110351562
tot contact: 33
contact analysis time: 0.0005450248718261719
solving time: 0.9629974365234375 iter: 15
tot_time: 18.522897720336914
init time: 0.00025081634521484375
contact time: 0.0037779808044433594
tot contact: 32
contact analysis time: 0.0005016326904296875
solving time: 0.9660921096801758 iter: 15
tot_time: 19.498697996139526
init time: 0.00024199485778808594
contact time: 0.0037512779235839844
tot contact: 34
contact analysis time: 0.0004699230194091797
solving time: 0.9592189788818359 iter: 15
tot_time: 20.467310905456543
init time: 0.0002346038818359375
contact time: 0.0037682056427001953
tot contact: 33
contact analysis time: 0.0004627704620361328
solving time: 0.9618585109710693 iter: 15
tot_time: 21.438677072525024
init time: 0.0002460479736328125
contact time: 0.003985404968261719
tot contact: 33
contact analysis time: 0.0008959770202636719
solving time: 0.9752693176269531 iter: 15
tot_time: 22.42518639564514
init time: 0.0003116130828857422
contact time: 0.003768444061279297
tot contact: 34
contact analysis time: 0.0004706382751464844
solving time: 0.9627964496612549 iter: 15
tot_time: 23.397544145584106
init time: 0.00023889541625976562
contact time: 0.0037369728088378906
tot contact: 34
contact analysis time: 0.0004661083221435547
solving time: 0.9596800804138184 iter: 15
tot_time: 24.367566347122192
init time: 0.00032067298889160156
contact time: 0.0037505626678466797
tot contact: 33
contact analysis time: 0.0005733966827392578
solving time: 0.9599881172180176 iter: 15
tot_time: 25.337186813354492
init time: 0.00024962425231933594
contact time: 0.003837108612060547
tot contact: 28
contact analysis time: 0.0004642009735107422
solving time: 0.9576728343963623 iter: 15
tot_time: 26.30448818206787
init time: 0.0003292560577392578
contact time: 0.0038564205169677734
tot contact: 25
contact analysis time: 0.0005114078521728516
solving time: 0.9582138061523438 iter: 15
tot_time: 27.27374505996704
init time: 0.00023436546325683594
contact time: 0.0038230419158935547
tot contact: 25
contact analysis time: 0.00047397613525390625
solving time: 0.96246337890625 iter: 15
tot_time: 28.245742797851562
init time: 0.0002460479736328125
contact time: 0.0038306713104248047
tot contact: 24
contact analysis time: 0.00048422813415527344
solving time: 0.9634220600128174 iter: 15
tot_time: 29.21871304512024
init time: 0.00023889541625976562
contact time: 0.0036933422088623047
tot contact: 24
contact analysis time: 0.0004799365997314453
solving time: 0.8600068092346191 iter: 14
tot_time: 30.088039875030518
init time: 0.00023794174194335938
contact time: 0.0037016868591308594
tot contact: 23
contact analysis time: 0.00047659873962402344
solving time: 0.874030351638794 iter: 14
tot_time: 30.9715359210968
init time: 0.00023555755615234375
contact time: 0.0036611557006835938
tot contact: 25
contact analysis time: 0.00047016143798828125
solving time: 0.9675469398498535 iter: 15
tot_time: 31.948495388031006
init time: 0.00024199485778808594
contact time: 0.003688335418701172
tot contact: 23
contact analysis time: 0.0005013942718505859
solving time: 0.9593002796173096 iter: 15
tot_time: 32.917168378829956
init time: 0.00032019615173339844
contact time: 0.0037221908569335938
tot contact: 22
contact analysis time: 0.0004763603210449219
solving time: 0.9588773250579834 iter: 15
tot_time: 33.885605335235596
init time: 0.00023818016052246094
contact time: 0.003592967987060547
tot contact: 19
contact analysis time: 0.0004887580871582031
solving time: 0.9380595684051514 iter: 15
tot_time: 34.83298921585083
init time: 0.0003075599670410156
contact time: 0.003692150115966797
tot contact: 21
contact analysis time: 0.0005502700805664062
solving time: 0.8277685642242432 iter: 13
tot_time: 35.670326232910156
init time: 0.00024318695068359375
contact time: 0.003617525100708008
tot contact: 21
contact analysis time: 0.000507354736328125
solving time: 0.7417507171630859 iter: 12
tot_time: 36.42148017883301
init time: 0.00025081634521484375
contact time: 0.0036764144897460938
tot contact: 19
contact analysis time: 0.00048351287841796875
solving time: 0.6876273155212402 iter: 11
tot_time: 37.11854577064514
init time: 0.00025463104248046875
contact time: 0.0036776065826416016
tot contact: 18
contact analysis time: 0.00047469139099121094
solving time: 0.8729674816131592 iter: 14
tot_time: 38.00103712081909
init time: 0.00026226043701171875
contact time: 0.0037140846252441406
tot contact: 18
contact analysis time: 0.0005002021789550781
solving time: 0.9292972087860107 iter: 15
tot_time: 38.94002318382263
init time: 0.0002551078796386719
contact time: 0.0036864280700683594
tot contact: 18
contact analysis time: 0.00047779083251953125
solving time: 0.9255461692810059 iter: 15
tot_time: 39.875120878219604
init time: 0.00023698806762695312
contact time: 0.003626585006713867
tot contact: 21
contact analysis time: 0.0005099773406982422
solving time: 0.9393401145935059 iter: 15
tot_time: 40.82377243041992
init time: 0.00023865699768066406
contact time: 0.0035762786865234375
tot contact: 18
contact analysis time: 0.0005035400390625
solving time: 0.9299595355987549 iter: 15
tot_time: 41.76302433013916
init time: 0.00024437904357910156
contact time: 0.0035974979400634766
tot contact: 20
contact analysis time: 0.0004754066467285156
solving time: 0.9385080337524414 iter: 15
tot_time: 42.7108108997345
init time: 0.0002353191375732422
contact time: 0.003548860549926758
tot contact: 19
contact analysis time: 0.0004878044128417969
solving time: 0.6860084533691406 iter: 11
tot_time: 43.406012296676636
tot_time: 43.406020164489746
total_reward: [-0.046209895831439425, -0.05104072691540746, -0.04904567769781764, -0.045700585579545684, -0.04229456341279594, -0.042003135904651975, -0.0415964755100213, -0.04099983669640499, -0.04042578611448546, -0.039655262645921965, -0.038883072312060535]
tot contact: 19
tot contact: 20
tot contact: 18
tot contact: 21
tot contact: 18
tot contact: 18
tot contact: 18
tot contact: 19
tot contact: 21
tot contact: 21
tot contact: 19
tot contact: 22
tot contact: 23
tot contact: 25
tot contact: 23
tot contact: 24
tot contact: 24
tot contact: 25
tot contact: 25
tot contact: 28
tot contact: 33
tot contact: 34
tot contact: 34
tot contact: 33
tot contact: 33
tot contact: 34
tot contact: 32
tot contact: 33
tot contact: 33
tot contact: 35
tot contact: 34
tot contact: 33
tot contact: 32
tot contact: 29
tot contact: 28
tot contact: 29
tot contact: 27
tot contact: 28
tot contact: 29
tot contact: 28
tot contact: 29
tot contact: 29
tot contact: 24
tot contact: 25
tot contact: 26
tot contact: 26
tot contact: 23
tot contact: 26
tot contact: 29
done grad
iter:  11
[I 10/02/26 14:09:47.852 12828] [swap_chain.cpp:dump_image_buffer@164] Dumping image buffer...
init time: 0.0003077983856201172
contact time: 0.0032024383544921875
tot contact: 29
contact analysis time: 0.0005891323089599609
solving time: 0.42076635360717773 iter: 8
tot_time: 0.46365785598754883
init time: 0.000308990478515625
contact time: 0.0031251907348632812
tot contact: 26
contact analysis time: 0.00047516822814941406
solving time: 0.4907093048095703 iter: 9
tot_time: 0.9633541107177734
init time: 0.00024056434631347656
contact time: 0.003272533416748047
tot contact: 23
contact analysis time: 0.0004966259002685547
solving time: 0.4690861701965332 iter: 9
tot_time: 1.4413671493530273
init time: 0.0002472400665283203
contact time: 0.0035130977630615234
tot contact: 26
contact analysis time: 0.0004975795745849609
solving time: 0.572819709777832 iter: 11
tot_time: 2.023390769958496
init time: 0.00024962425231933594
contact time: 0.0036551952362060547
tot contact: 26
contact analysis time: 0.0004999637603759766
solving time: 0.6789772510528564 iter: 12
tot_time: 2.71175479888916
init time: 0.0002512931823730469
contact time: 0.003522634506225586
tot contact: 25
contact analysis time: 0.0004892349243164062
solving time: 0.7559754848480225 iter: 13
tot_time: 3.4769577980041504
init time: 0.00024271011352539062
contact time: 0.003582000732421875
tot contact: 24
contact analysis time: 0.0005042552947998047
solving time: 0.7202310562133789 iter: 13
tot_time: 4.206614971160889
init time: 0.00023865699768066406
contact time: 0.0035648345947265625
tot contact: 29
contact analysis time: 0.0005087852478027344
solving time: 0.9442334175109863 iter: 15
tot_time: 5.160131454467773
init time: 0.00033092498779296875
contact time: 0.0035490989685058594
tot contact: 29
contact analysis time: 0.0005526542663574219
solving time: 0.9378373622894287 iter: 15
tot_time: 6.107372760772705
init time: 0.0002448558807373047
contact time: 0.003669261932373047
tot contact: 28
contact analysis time: 0.0004718303680419922
solving time: 0.9402785301208496 iter: 15
tot_time: 7.0570478439331055
init time: 0.0002465248107910156
contact time: 0.0037004947662353516
tot contact: 29
contact analysis time: 0.0004975795745849609
solving time: 0.9449312686920166 iter: 15
tot_time: 8.011420726776123
init time: 0.0002315044403076172
contact time: 0.0036144256591796875
tot contact: 28
contact analysis time: 0.0005016326904296875
solving time: 0.9475579261779785 iter: 15
tot_time: 8.96829891204834
init time: 0.00024318695068359375
contact time: 0.003642559051513672
tot contact: 27
contact analysis time: 0.0004985332489013672
solving time: 0.944786548614502 iter: 15
tot_time: 9.922520875930786
init time: 0.00024175643920898438
contact time: 0.00376129150390625
tot contact: 29
contact analysis time: 0.0004975795745849609
solving time: 0.8948259353637695 iter: 14
tot_time: 10.826836824417114
init time: 0.00023746490478515625
contact time: 0.003765583038330078
tot contact: 28
contact analysis time: 0.0004885196685791016
solving time: 0.9501523971557617 iter: 15
tot_time: 11.786442518234253
init time: 0.0002434253692626953
contact time: 0.003613710403442383
tot contact: 29
contact analysis time: 0.0004949569702148438
solving time: 0.9478318691253662 iter: 15
tot_time: 12.743563175201416
init time: 0.0002849102020263672
contact time: 0.0037491321563720703
tot contact: 32
contact analysis time: 0.0005068778991699219
solving time: 0.959331750869751 iter: 15
tot_time: 13.712719917297363
init time: 0.0002512931823730469
contact time: 0.003804922103881836
tot contact: 33
contact analysis time: 0.0004928112030029297
solving time: 0.9633362293243408 iter: 15
tot_time: 14.685618162155151
init time: 0.00032520294189453125
contact time: 0.0037004947662353516
tot contact: 33
contact analysis time: 0.0004897117614746094
solving time: 0.9639294147491455 iter: 15
tot_time: 15.65917682647705
init time: 0.0002472400665283203
contact time: 0.0038793087005615234
tot contact: 35
contact analysis time: 0.0005648136138916016
solving time: 0.9605355262756348 iter: 15
tot_time: 16.629350900650024
init time: 0.0003113746643066406
contact time: 0.003665924072265625
tot contact: 33
contact analysis time: 0.0005583763122558594
solving time: 0.9543173313140869 iter: 15
tot_time: 17.593160152435303
init time: 0.00024318695068359375
contact time: 0.003753662109375
tot contact: 33
contact analysis time: 0.0004603862762451172
solving time: 0.9628641605377197 iter: 15
tot_time: 18.565468549728394
init time: 0.00024962425231933594
contact time: 0.003727436065673828
tot contact: 31
contact analysis time: 0.0005016326904296875
solving time: 0.9588375091552734 iter: 15
tot_time: 19.533751726150513
init time: 0.00023746490478515625
contact time: 0.003717184066772461
tot contact: 34
contact analysis time: 0.0005044937133789062
solving time: 0.9638452529907227 iter: 15
tot_time: 20.507062911987305
init time: 0.00025582313537597656
contact time: 0.0037415027618408203
tot contact: 33
contact analysis time: 0.00048279762268066406
solving time: 0.9618966579437256 iter: 15
tot_time: 21.478469610214233
init time: 0.00031280517578125
contact time: 0.0038144588470458984
tot contact: 33
contact analysis time: 0.00049591064453125
solving time: 0.961911678314209 iter: 15
tot_time: 22.450010299682617
init time: 0.0002460479736328125
contact time: 0.0037255287170410156
tot contact: 34
contact analysis time: 0.00048279762268066406
solving time: 0.9587705135345459 iter: 15
tot_time: 23.418330669403076
init time: 0.0003066062927246094
contact time: 0.0037620067596435547
tot contact: 35
contact analysis time: 0.0005762577056884766
solving time: 0.9560539722442627 iter: 15
tot_time: 24.383981227874756
init time: 0.0002467632293701172
contact time: 0.0038394927978515625
tot contact: 33
contact analysis time: 0.0004951953887939453
solving time: 0.9561183452606201 iter: 15
tot_time: 25.349692344665527
init time: 0.0002434253692626953
contact time: 0.003806591033935547
tot contact: 28
contact analysis time: 0.00047016143798828125
solving time: 0.955482006072998 iter: 15
tot_time: 26.314629793167114
init time: 0.00024318695068359375
contact time: 0.0038022994995117188
tot contact: 25
contact analysis time: 0.0004947185516357422
solving time: 0.963935136795044 iter: 15
tot_time: 27.28811812400818
init time: 0.00024318695068359375
contact time: 0.003728151321411133
tot contact: 25
contact analysis time: 0.0005102157592773438
solving time: 0.9592478275299072 iter: 15
tot_time: 28.256794929504395
init time: 0.0003504753112792969
contact time: 0.003805875778198242
tot contact: 24
contact analysis time: 0.0004775524139404297
solving time: 0.9635715484619141 iter: 15
tot_time: 29.229939222335815
init time: 0.00029969215393066406
contact time: 0.0037567615509033203
tot contact: 25
contact analysis time: 0.00047397613525390625
solving time: 0.8574116230010986 iter: 14
tot_time: 30.09680438041687
init time: 0.00024700164794921875
contact time: 0.0036187171936035156
tot contact: 23
contact analysis time: 0.0004825592041015625
solving time: 0.8819646835327148 iter: 14
tot_time: 30.988052129745483
init time: 0.00024509429931640625
contact time: 0.0036973953247070312
tot contact: 25
contact analysis time: 0.0004634857177734375
solving time: 0.9640600681304932 iter: 15
tot_time: 31.961604118347168
init time: 0.0002522468566894531
contact time: 0.0036721229553222656
tot contact: 23
contact analysis time: 0.0004856586456298828
solving time: 0.9596550464630127 iter: 15
tot_time: 32.93067264556885
init time: 0.00032711029052734375
contact time: 0.003635883331298828
tot contact: 22
contact analysis time: 0.0005731582641601562
solving time: 0.9559838771820068 iter: 15
tot_time: 33.8961341381073
init time: 0.00024437904357910156
contact time: 0.0036792755126953125
tot contact: 19
contact analysis time: 0.0004668235778808594
solving time: 0.9360311031341553 iter: 15
tot_time: 34.841552734375
init time: 0.00024271011352539062
contact time: 0.003759622573852539
tot contact: 21
contact analysis time: 0.00048351287841796875
solving time: 0.9527313709259033 iter: 15
tot_time: 35.80367994308472
init time: 0.00024366378784179688
contact time: 0.003667116165161133
tot contact: 21
contact analysis time: 0.0004944801330566406
solving time: 0.8017086982727051 iter: 13
tot_time: 36.61480736732483
init time: 0.00031185150146484375
contact time: 0.003711223602294922
tot contact: 19
contact analysis time: 0.0005526542663574219
solving time: 0.6936161518096924 iter: 11
tot_time: 37.317965030670166
init time: 0.00024008750915527344
contact time: 0.0037169456481933594
tot contact: 18
contact analysis time: 0.0004932880401611328
solving time: 0.8042593002319336 iter: 13
tot_time: 38.13168525695801
init time: 0.00034928321838378906
contact time: 0.003728151321411133
tot contact: 18
contact analysis time: 0.0005724430084228516
solving time: 0.944145679473877 iter: 15
tot_time: 39.085803747177124
init time: 0.000240325927734375
contact time: 0.0035638809204101562
tot contact: 18
contact analysis time: 0.00054168701171875
solving time: 0.9262845516204834 iter: 15
tot_time: 40.02130961418152
init time: 0.0002377033233642578
contact time: 0.0036246776580810547
tot contact: 21
contact analysis time: 0.0004756450653076172
solving time: 0.882735013961792 iter: 14
tot_time: 40.913371324539185
init time: 0.0003120899200439453
contact time: 0.003542661666870117
tot contact: 18
contact analysis time: 0.0005517005920410156
solving time: 0.9428186416625977 iter: 15
tot_time: 41.8655903339386
init time: 0.00024199485778808594
contact time: 0.003648042678833008
tot contact: 19
contact analysis time: 0.0004937648773193359
solving time: 0.9255044460296631 iter: 15
tot_time: 42.800657510757446
init time: 0.00024509429931640625
contact time: 0.0036056041717529297
tot contact: 19
contact analysis time: 0.0004937648773193359
solving time: 0.6835997104644775 iter: 11
tot_time: 43.49358367919922
tot_time: 43.49359440803528
total_reward: [-0.046209895831439425, -0.05104072691540746, -0.04904567769781764, -0.045700585579545684, -0.04229456341279594, -0.042003135904651975, -0.0415964755100213, -0.04099983669640499, -0.04042578611448546, -0.039655262645921965, -0.038883072312060535, -0.03819892705033534]
tot contact: 19
tot contact: 19
tot contact: 18
tot contact: 21
tot contact: 18
tot contact: 18
tot contact: 18
tot contact: 19
tot contact: 21
tot contact: 21
tot contact: 19
tot contact: 22
tot contact: 23
tot contact: 25
tot contact: 23
tot contact: 25
tot contact: 24
tot contact: 25
tot contact: 25
tot contact: 28
tot contact: 33
tot contact: 35
tot contact: 34
tot contact: 33
tot contact: 33
tot contact: 34
tot contact: 31
tot contact: 33
tot contact: 33
tot contact: 35
tot contact: 33
tot contact: 33
tot contact: 32
tot contact: 29
tot contact: 28
tot contact: 29
tot contact: 27
tot contact: 28
tot contact: 29
tot contact: 28
tot contact: 29
tot contact: 29
tot contact: 24
tot contact: 25
tot contact: 26
tot contact: 26
tot contact: 23
tot contact: 26
tot contact: 29
done grad
iter:  12
[I 10/02/26 14:10:34.576 12828] [swap_chain.cpp:dump_image_buffer@164] Dumping image buffer...
init time: 0.0007314682006835938
contact time: 0.0038383007049560547
tot contact: 29
contact analysis time: 0.0009148120880126953
solving time: 0.4316236972808838 iter: 8
tot_time: 0.48090362548828125
init time: 0.00026869773864746094
contact time: 0.003157377243041992
tot contact: 26
contact analysis time: 0.00047206878662109375
solving time: 0.49206042289733887 iter: 9
tot_time: 0.981959342956543
init time: 0.0002372264862060547
contact time: 0.0032279491424560547
tot contact: 23
contact analysis time: 0.00048160552978515625
solving time: 0.4675779342651367 iter: 9
tot_time: 1.4583892822265625
init time: 0.00023865699768066406
contact time: 0.003492116928100586
tot contact: 26
contact analysis time: 0.0004718303680419922
solving time: 0.5752556324005127 iter: 11
tot_time: 2.0428550243377686
init time: 0.00024080276489257812
contact time: 0.0036885738372802734
tot contact: 28
contact analysis time: 0.0004870891571044922
solving time: 0.768913984298706 iter: 13
tot_time: 2.82124662399292
init time: 0.00024271011352539062
contact time: 0.0036172866821289062
tot contact: 25
contact analysis time: 0.0005021095275878906
solving time: 0.7921652793884277 iter: 14
tot_time: 3.6227431297302246
init time: 0.0003161430358886719
contact time: 0.0035681724548339844
tot contact: 24
contact analysis time: 0.0005521774291992188
solving time: 0.7073938846588135 iter: 13
tot_time: 4.33958888053894
init time: 0.00024580955505371094
contact time: 0.003554821014404297
tot contact: 28
contact analysis time: 0.0005502700805664062
solving time: 0.945199728012085 iter: 15
tot_time: 5.294110298156738
init time: 0.0002377033233642578
contact time: 0.003576517105102539
tot contact: 29
contact analysis time: 0.0004787445068359375
solving time: 0.938544750213623 iter: 15
tot_time: 6.242095470428467
init time: 0.00026488304138183594
contact time: 0.0036268234252929688
tot contact: 28
contact analysis time: 0.0004825592041015625
solving time: 0.9386928081512451 iter: 15
tot_time: 7.1900835037231445
init time: 0.00025081634521484375
contact time: 0.0036749839782714844
tot contact: 30
contact analysis time: 0.0005011558532714844
solving time: 0.943763256072998 iter: 15
tot_time: 8.143288135528564
init time: 0.00024056434631347656
contact time: 0.0036056041717529297
tot contact: 28
contact analysis time: 0.000507354736328125
solving time: 0.9421026706695557 iter: 15
tot_time: 9.094856262207031
init time: 0.00030994415283203125
contact time: 0.0036830902099609375
tot contact: 27
contact analysis time: 0.0005085468292236328
solving time: 0.9466805458068848 iter: 15
tot_time: 10.051118850708008
init time: 0.0002593994140625
contact time: 0.0037140846252441406
tot contact: 29
contact analysis time: 0.0005033016204833984
solving time: 0.8853788375854492 iter: 14
tot_time: 10.945887565612793
init time: 0.000308990478515625
contact time: 0.003826618194580078
tot contact: 28
contact analysis time: 0.0004863739013671875
solving time: 0.9401633739471436 iter: 15
tot_time: 11.895735263824463
init time: 0.0002415180206298828
contact time: 0.0036096572875976562
tot contact: 29
contact analysis time: 0.0004572868347167969
solving time: 0.9456696510314941 iter: 15
tot_time: 12.85064959526062
init time: 0.0003116130828857422
contact time: 0.0036787986755371094
tot contact: 32
contact analysis time: 0.0005450248718261719
solving time: 0.9495837688446045 iter: 15
tot_time: 13.809669971466064
init time: 0.0002465248107910156
contact time: 0.0037949085235595703
tot contact: 33
contact analysis time: 0.0004496574401855469
solving time: 0.945965051651001 iter: 15
tot_time: 14.765104532241821
init time: 0.0002455711364746094
contact time: 0.0037298202514648438
tot contact: 33
contact analysis time: 0.00046324729919433594
solving time: 0.9486236572265625 iter: 15
tot_time: 15.72307801246643
init time: 0.0002422332763671875
contact time: 0.003719329833984375
tot contact: 33
contact analysis time: 0.0004870891571044922
solving time: 0.9496777057647705 iter: 15
tot_time: 16.682214498519897
init time: 0.0002529621124267578
contact time: 0.0037686824798583984
tot contact: 34
contact analysis time: 0.0004885196685791016
solving time: 0.967958927154541 iter: 15
tot_time: 17.659658432006836
init time: 0.0003123283386230469
contact time: 0.0038084983825683594
tot contact: 33
contact analysis time: 0.0005190372467041016
solving time: 0.9710879325866699 iter: 15
tot_time: 18.640642404556274
init time: 0.0002498626708984375
contact time: 0.003693819046020508
tot contact: 31
contact analysis time: 0.0004742145538330078
solving time: 0.9633300304412842 iter: 15
tot_time: 19.613412141799927
init time: 0.00031280517578125
contact time: 0.003668546676635742
tot contact: 33
contact analysis time: 0.0005674362182617188
solving time: 0.9655520915985107 iter: 15
tot_time: 20.58860945701599
init time: 0.0002620220184326172
contact time: 0.0038008689880371094
tot contact: 33
contact analysis time: 0.000476837158203125
solving time: 0.9600415229797363 iter: 15
tot_time: 21.558419704437256
init time: 0.00024318695068359375
contact time: 0.0037670135498046875
tot contact: 33
contact analysis time: 0.0004723072052001953
solving time: 0.9593520164489746 iter: 15
tot_time: 22.527214288711548
init time: 0.00024962425231933594
contact time: 0.003779172897338867
tot contact: 34
contact analysis time: 0.00045752525329589844
solving time: 0.9586710929870605 iter: 15
tot_time: 23.49543070793152
init time: 0.00024509429931640625
contact time: 0.0037317276000976562
tot contact: 35
contact analysis time: 0.0004982948303222656
solving time: 0.957042932510376 iter: 15
tot_time: 24.46198558807373
init time: 0.0003426074981689453
contact time: 0.003879070281982422
tot contact: 34
contact analysis time: 0.0004999637603759766
solving time: 0.9585099220275879 iter: 15
tot_time: 25.430580854415894
init time: 0.00024437904357910156
contact time: 0.003749847412109375
tot contact: 29
contact analysis time: 0.00048804283142089844
solving time: 0.9474058151245117 iter: 15
tot_time: 26.387402534484863
init time: 0.0003075599670410156
contact time: 0.003694295883178711
tot contact: 25
contact analysis time: 0.0005443096160888672
solving time: 0.9581854343414307 iter: 15
tot_time: 27.35510230064392
init time: 0.00024819374084472656
contact time: 0.003857851028442383
tot contact: 25
contact analysis time: 0.00046896934509277344
solving time: 0.9568917751312256 iter: 15
tot_time: 28.321716785430908
init time: 0.00023818016052246094
contact time: 0.0037946701049804688
tot contact: 24
contact analysis time: 0.00045943260192871094
solving time: 0.9507119655609131 iter: 15
tot_time: 29.281804084777832
init time: 0.0002391338348388672
contact time: 0.0037088394165039062
tot contact: 24
contact analysis time: 0.0004668235778808594
solving time: 0.8827004432678223 iter: 14
tot_time: 30.17395329475403
init time: 0.0003147125244140625
contact time: 0.003730297088623047
tot contact: 23
contact analysis time: 0.0006959438323974609
solving time: 0.8684628009796143 iter: 14
tot_time: 31.052129983901978
init time: 0.0002486705780029297
contact time: 0.003617525100708008
tot contact: 25
contact analysis time: 0.00048232078552246094
solving time: 0.9616050720214844 iter: 15
tot_time: 32.0230188369751
init time: 0.00023984909057617188
contact time: 0.003744363784790039
tot contact: 23
contact analysis time: 0.00046634674072265625
solving time: 0.955472469329834 iter: 15
tot_time: 32.987915992736816
init time: 0.000278472900390625
contact time: 0.0037145614624023438
tot contact: 22
contact analysis time: 0.0005047321319580078
solving time: 0.9574301242828369 iter: 15
tot_time: 33.9549777507782
init time: 0.0003173351287841797
contact time: 0.0036988258361816406
tot contact: 19
contact analysis time: 0.0004839897155761719
solving time: 0.9340133666992188 iter: 15
tot_time: 34.89849543571472
init time: 0.0002446174621582031
contact time: 0.0037283897399902344
tot contact: 21
contact analysis time: 0.0004887580871582031
solving time: 0.9579970836639404 iter: 15
tot_time: 35.86595153808594
init time: 0.00031566619873046875
contact time: 0.0036869049072265625
tot contact: 21
contact analysis time: 0.0005390644073486328
solving time: 0.9543681144714355 iter: 15
tot_time: 36.82987189292908
init time: 0.00024175643920898438
contact time: 0.003684520721435547
tot contact: 18
contact analysis time: 0.0004646778106689453
solving time: 0.6808285713195801 iter: 11
tot_time: 37.52011322975159
init time: 0.00024509429931640625
contact time: 0.003579854965209961
tot contact: 18
contact analysis time: 0.00045871734619140625
solving time: 0.8060076236724854 iter: 13
tot_time: 38.33536624908447
init time: 0.0002396106719970703
contact time: 0.003625154495239258
tot contact: 18
contact analysis time: 0.0004756450653076172
solving time: 0.9334020614624023 iter: 15
tot_time: 39.2780225276947
init time: 0.0002434253692626953
contact time: 0.0036191940307617188
tot contact: 18
contact analysis time: 0.0004992485046386719
solving time: 0.9324719905853271 iter: 15
tot_time: 40.21982192993164
init time: 0.0002493858337402344
contact time: 0.0036950111389160156
tot contact: 21
contact analysis time: 0.0004966259002685547
solving time: 0.8822641372680664 iter: 14
tot_time: 41.1114764213562
init time: 0.0002377033233642578
contact time: 0.003587961196899414
tot contact: 18
contact analysis time: 0.00047326087951660156
solving time: 0.939997673034668 iter: 15
tot_time: 42.060776233673096
init time: 0.0002567768096923828
contact time: 0.003733396530151367
tot contact: 20
contact analysis time: 0.0005090236663818359
solving time: 0.931359052658081 iter: 15
tot_time: 43.001641273498535
init time: 0.00023651123046875
contact time: 0.0036394596099853516
tot contact: 18
contact analysis time: 0.0004832744598388672
solving time: 0.6771378517150879 iter: 11
tot_time: 43.68813920021057
tot_time: 43.688148498535156
total_reward: [-0.046209895831439425, -0.05104072691540746, -0.04904567769781764, -0.045700585579545684, -0.04229456341279594, -0.042003135904651975, -0.0415964755100213, -0.04099983669640499, -0.04042578611448546, -0.039655262645921965, -0.038883072312060535, -0.03819892705033534, -0.03744875790125622]
tot contact: 18
tot contact: 20
tot contact: 18
tot contact: 21
tot contact: 18
tot contact: 18
tot contact: 18
tot contact: 18
tot contact: 21
tot contact: 21
tot contact: 19
tot contact: 22
tot contact: 23
tot contact: 25
tot contact: 23
tot contact: 24
tot contact: 24
tot contact: 25
tot contact: 25
tot contact: 29
tot contact: 34
tot contact: 35
tot contact: 34
tot contact: 33
tot contact: 33
tot contact: 33
tot contact: 31
tot contact: 33
tot contact: 34
tot contact: 33
tot contact: 33
tot contact: 33
tot contact: 32
tot contact: 29
tot contact: 28
tot contact: 29
tot contact: 27
tot contact: 28
tot contact: 30
tot contact: 28
tot contact: 29
tot contact: 28
tot contact: 24
tot contact: 25
tot contact: 28
tot contact: 26
tot contact: 23
tot contact: 26
tot contact: 29
done grad
iter:  13
[I 10/02/26 14:11:21.530 12828] [swap_chain.cpp:dump_image_buffer@164] Dumping image buffer...
init time: 0.0002567768096923828
contact time: 0.003009319305419922
tot contact: 29
contact analysis time: 0.0004987716674804688
solving time: 0.42023229598999023 iter: 8
tot_time: 0.46794629096984863
init time: 0.00024318695068359375
contact time: 0.0031316280364990234
tot contact: 26
contact analysis time: 0.0004825592041015625
solving time: 0.4714360237121582 iter: 9
tot_time: 0.9481983184814453
init time: 0.00024437904357910156
contact time: 0.003327608108520508
tot contact: 23
contact analysis time: 0.0004942417144775391
solving time: 0.4745304584503174 iter: 9
tot_time: 1.4318451881408691
init time: 0.00024509429931640625
contact time: 0.0034759044647216797
tot contact: 26
contact analysis time: 0.0004761219024658203
solving time: 0.6487705707550049 iter: 12
tot_time: 2.0896718502044678
init time: 0.0002396106719970703
contact time: 0.0036423206329345703
tot contact: 29
contact analysis time: 0.00048351287841796875
solving time: 0.7741475105285645 iter: 13
tot_time: 2.8731701374053955
init time: 0.00024628639221191406
contact time: 0.003569364547729492
tot contact: 25
contact analysis time: 0.0004954338073730469
solving time: 0.8066160678863525 iter: 14
tot_time: 3.689007520675659
init time: 0.0002956390380859375
contact time: 0.0035257339477539062
tot contact: 24
contact analysis time: 0.0005400180816650391
solving time: 0.7127583026885986 iter: 13
tot_time: 4.411022901535034
init time: 0.0002410411834716797
contact time: 0.0035691261291503906
tot contact: 27
contact analysis time: 0.000484466552734375
solving time: 0.9549641609191895 iter: 15
tot_time: 5.3755269050598145
init time: 0.00024199485778808594
contact time: 0.0035331249237060547
tot contact: 29
contact analysis time: 0.00046706199645996094
solving time: 0.9362576007843018 iter: 15
tot_time: 6.320950508117676
init time: 0.0003159046173095703
contact time: 0.003544330596923828
tot contact: 29
contact analysis time: 0.0005564689636230469
solving time: 0.9394292831420898 iter: 15
tot_time: 7.269725561141968
init time: 0.0002391338348388672
contact time: 0.0036678314208984375
tot contact: 29
contact analysis time: 0.00047135353088378906
solving time: 0.9435694217681885 iter: 15
tot_time: 8.222668647766113
init time: 0.0002429485321044922
contact time: 0.0036537647247314453
tot contact: 29
contact analysis time: 0.0004901885986328125
solving time: 0.9439671039581299 iter: 15
tot_time: 9.175987720489502
init time: 0.000244140625
contact time: 0.0036687850952148438
tot contact: 27
contact analysis time: 0.0004968643188476562
solving time: 0.9493100643157959 iter: 15
tot_time: 10.134774684906006
init time: 0.0002453327178955078
contact time: 0.003717660903930664
tot contact: 29
contact analysis time: 0.0004887580871582031
solving time: 0.8824820518493652 iter: 14
tot_time: 11.026836156845093
init time: 0.000244140625
contact time: 0.0037865638732910156
tot contact: 28
contact analysis time: 0.00048089027404785156
solving time: 0.9448111057281494 iter: 15
tot_time: 11.981205463409424
init time: 0.0002448558807373047
contact time: 0.0036427974700927734
tot contact: 29
contact analysis time: 0.00047469139099121094
solving time: 0.9468598365783691 iter: 15
tot_time: 12.937365293502808
init time: 0.00023984909057617188
contact time: 0.0037262439727783203
tot contact: 32
contact analysis time: 0.000469207763671875
solving time: 0.949587345123291 iter: 15
tot_time: 13.896411657333374
init time: 0.00024437904357910156
contact time: 0.0037186145782470703
tot contact: 32
contact analysis time: 0.00048613548278808594
solving time: 0.9491705894470215 iter: 15
tot_time: 14.854954719543457
init time: 0.00031447410583496094
contact time: 0.003713369369506836
tot contact: 33
contact analysis time: 0.0004811286926269531
solving time: 0.9498462677001953 iter: 15
tot_time: 15.814385414123535
init time: 0.00027823448181152344
contact time: 0.0036890506744384766
tot contact: 33
contact analysis time: 0.00048232078552246094
solving time: 0.9474871158599854 iter: 15
tot_time: 16.771273612976074
init time: 0.0005269050598144531
contact time: 0.0038874149322509766
tot contact: 33
contact analysis time: 0.0006737709045410156
solving time: 0.9555253982543945 iter: 15
tot_time: 17.73710560798645
init time: 0.0002460479736328125
contact time: 0.0037076473236083984
tot contact: 32
contact analysis time: 0.00046443939208984375
solving time: 0.9697785377502441 iter: 15
tot_time: 18.7162446975708
init time: 0.0002453327178955078
contact time: 0.0037374496459960938
tot contact: 32
contact analysis time: 0.0004718303680419922
solving time: 0.962852954864502 iter: 15
tot_time: 19.68853521347046
init time: 0.0002338886260986328
contact time: 0.0037555694580078125
tot contact: 33
contact analysis time: 0.0004749298095703125
solving time: 0.9586689472198486 iter: 15
tot_time: 20.656712293624878
init time: 0.0002467632293701172
contact time: 0.0037653446197509766
tot contact: 33
contact analysis time: 0.00047850608825683594
solving time: 0.9582529067993164 iter: 15
tot_time: 21.624455451965332
init time: 0.00030112266540527344
contact time: 0.0037910938262939453
tot contact: 33
contact analysis time: 0.0004763603210449219
solving time: 0.9596660137176514 iter: 15
tot_time: 22.59375810623169
init time: 0.00023794174194335938
contact time: 0.003782987594604492
tot contact: 33
contact analysis time: 0.0004863739013671875
solving time: 0.9586071968078613 iter: 15
tot_time: 23.561827659606934
init time: 0.00031375885009765625
contact time: 0.0037598609924316406
tot contact: 34
contact analysis time: 0.0005466938018798828
solving time: 0.9556312561035156 iter: 15
tot_time: 24.527045488357544
init time: 0.00024580955505371094
contact time: 0.0038568973541259766
tot contact: 35
contact analysis time: 0.00048613548278808594
solving time: 0.9541604518890381 iter: 15
tot_time: 25.490927696228027
init time: 0.00023674964904785156
contact time: 0.0038514137268066406
tot contact: 29
contact analysis time: 0.00048041343688964844
solving time: 0.9559881687164307 iter: 15
tot_time: 26.456417083740234
init time: 0.00023484230041503906
contact time: 0.0038330554962158203
tot contact: 24
contact analysis time: 0.0004696846008300781
solving time: 0.9341235160827637 iter: 15
tot_time: 27.40009903907776
init time: 0.0002613067626953125
contact time: 0.003708362579345703
tot contact: 25
contact analysis time: 0.00047707557678222656
solving time: 0.9723937511444092 iter: 15
tot_time: 28.381853818893433
init time: 0.000316619873046875
contact time: 0.003767251968383789
tot contact: 25
contact analysis time: 0.00046753883361816406
solving time: 0.9682958126068115 iter: 15
tot_time: 29.36008095741272
init time: 0.00031113624572753906
contact time: 0.0036575794219970703
tot contact: 23
contact analysis time: 0.0005331039428710938
solving time: 0.8129434585571289 iter: 13
tot_time: 30.182408809661865
init time: 0.0002486705780029297
contact time: 0.0037314891815185547
tot contact: 23
contact analysis time: 0.0004811286926269531
solving time: 0.9340052604675293 iter: 15
tot_time: 31.125861167907715
init time: 0.0002353191375732422
contact time: 0.003706693649291992
tot contact: 25
contact analysis time: 0.000469207763671875
solving time: 0.9642808437347412 iter: 15
tot_time: 32.09953808784485
init time: 0.00024175643920898438
contact time: 0.0036551952362060547
tot contact: 23
contact analysis time: 0.0004699230194091797
solving time: 0.9596757888793945 iter: 15
tot_time: 33.06848978996277
init time: 0.00031447410583496094
contact time: 0.003689289093017578
tot contact: 23
contact analysis time: 0.0004668235778808594
solving time: 0.9597673416137695 iter: 15
tot_time: 34.03781771659851
init time: 0.00024366378784179688
contact time: 0.0037126541137695312
tot contact: 19
contact analysis time: 0.0004956722259521484
solving time: 0.9373962879180908 iter: 15
tot_time: 34.98461842536926
init time: 0.0003077983856201172
contact time: 0.0037064552307128906
tot contact: 20
contact analysis time: 0.0005562305450439453
solving time: 0.952178955078125 iter: 15
tot_time: 35.94638466835022
init time: 0.00023889541625976562
contact time: 0.0036706924438476562
tot contact: 21
contact analysis time: 0.0005145072937011719
solving time: 0.9571161270141602 iter: 15
tot_time: 36.91301083564758
init time: 0.00024199485778808594
contact time: 0.0036613941192626953
tot contact: 18
contact analysis time: 0.0004978179931640625
solving time: 0.7416868209838867 iter: 12
tot_time: 37.66413354873657
init time: 0.00032138824462890625
contact time: 0.003642559051513672
tot contact: 18
contact analysis time: 0.0004870891571044922
solving time: 0.8058907985687256 iter: 13
tot_time: 38.47936654090881
init time: 0.000244140625
contact time: 0.003670930862426758
tot contact: 18
contact analysis time: 0.0005064010620117188
solving time: 0.9318375587463379 iter: 15
tot_time: 39.420547008514404
init time: 0.00023674964904785156
contact time: 0.003652811050415039
tot contact: 17
contact analysis time: 0.0004928112030029297
solving time: 0.9303061962127686 iter: 15
tot_time: 40.36020255088806
init time: 0.0002448558807373047
contact time: 0.0036916732788085938
tot contact: 20
contact analysis time: 0.0004899501800537109
solving time: 0.8157801628112793 iter: 13
tot_time: 41.18540167808533
init time: 0.00024962425231933594
contact time: 0.003584623336791992
tot contact: 18
contact analysis time: 0.00048470497131347656
solving time: 0.9381308555603027 iter: 15
tot_time: 42.132951498031616
init time: 0.0002472400665283203
contact time: 0.0036852359771728516
tot contact: 21
contact analysis time: 0.0004780292510986328
solving time: 0.9311120510101318 iter: 15
tot_time: 43.07341527938843
init time: 0.0003113746643066406
contact time: 0.003664731979370117
tot contact: 18
contact analysis time: 0.0004968643188476562
solving time: 0.6815617084503174 iter: 11
tot_time: 43.76442790031433
tot_time: 43.764435052871704
total_reward: [-0.046209895831439425, -0.05104072691540746, -0.04904567769781764, -0.045700585579545684, -0.04229456341279594, -0.042003135904651975, -0.0415964755100213, -0.04099983669640499, -0.04042578611448546, -0.039655262645921965, -0.038883072312060535, -0.03819892705033534, -0.03744875790125622, -0.03670318733639744]
tot contact: 18
tot contact: 21
tot contact: 18
tot contact: 20
tot contact: 17
tot contact: 18
tot contact: 18
tot contact: 18
tot contact: 21
tot contact: 20
tot contact: 19
tot contact: 23
tot contact: 23
tot contact: 25
tot contact: 23
tot contact: 23
tot contact: 25
tot contact: 25
tot contact: 24
tot contact: 29
tot contact: 35
tot contact: 34
tot contact: 33
tot contact: 33
tot contact: 33
tot contact: 33
tot contact: 32
tot contact: 32
tot contact: 33
tot contact: 33
tot contact: 33
tot contact: 32
tot contact: 32
tot contact: 29
tot contact: 28
tot contact: 29
tot contact: 27
tot contact: 29
tot contact: 29
tot contact: 29
tot contact: 29
tot contact: 27
tot contact: 24
tot contact: 25
tot contact: 29
tot contact: 26
tot contact: 23
tot contact: 26
tot contact: 29
done grad
iter:  14
[I 10/02/26 14:12:08.523 12828] [swap_chain.cpp:dump_image_buffer@164] Dumping image buffer...
init time: 0.0002551078796386719
contact time: 0.0030591487884521484
tot contact: 29
contact analysis time: 0.0005843639373779297
solving time: 0.4812905788421631 iter: 9
tot_time: 0.5211491584777832
init time: 0.0002396106719970703
contact time: 0.0031452178955078125
tot contact: 26
contact analysis time: 0.0005023479461669922
solving time: 0.4668393135070801 iter: 9
tot_time: 0.9969747066497803
init time: 0.000247955322265625
contact time: 0.0033097267150878906
tot contact: 23
contact analysis time: 0.0005106925964355469
solving time: 0.4673888683319092 iter: 9
tot_time: 1.4735774993896484
init time: 0.0002703666687011719
contact time: 0.0035572052001953125
tot contact: 26
contact analysis time: 0.0005104541778564453
solving time: 0.5735626220703125 iter: 11
tot_time: 2.056549072265625
init time: 0.00031685829162597656
contact time: 0.003586292266845703
tot contact: 29
contact analysis time: 0.0005426406860351562
solving time: 0.7735354900360107 iter: 13
tot_time: 2.839512825012207
init time: 0.0002467632293701172
contact time: 0.003607511520385742
tot contact: 25
contact analysis time: 0.000476837158203125
solving time: 0.7923398017883301 iter: 14
tot_time: 3.6411144733428955
init time: 0.00029730796813964844
contact time: 0.003987312316894531
tot contact: 24
contact analysis time: 0.0007572174072265625
solving time: 0.7071850299835205 iter: 13
tot_time: 4.358251094818115
init time: 0.0002484321594238281
contact time: 0.003591299057006836
tot contact: 27
contact analysis time: 0.0005483627319335938
solving time: 0.9551379680633545 iter: 15
tot_time: 5.322755575180054
init time: 0.00023818016052246094
contact time: 0.003603219985961914
tot contact: 29
contact analysis time: 0.0005037784576416016
solving time: 0.9398188591003418 iter: 15
tot_time: 6.271988391876221
init time: 0.00024127960205078125
contact time: 0.0036988258361816406
tot contact: 29
contact analysis time: 0.0004932880401611328
solving time: 0.9387269020080566 iter: 15
tot_time: 7.2201759815216064
init time: 0.00024008750915527344
contact time: 0.0036809444427490234
tot contact: 30
contact analysis time: 0.0004909038543701172
solving time: 0.9425413608551025 iter: 15
tot_time: 8.172103881835938
init time: 0.00030612945556640625
contact time: 0.0036334991455078125
tot contact: 29
contact analysis time: 0.0005614757537841797
solving time: 0.9455831050872803 iter: 15
tot_time: 9.127236604690552
init time: 0.0002989768981933594
contact time: 0.003708362579345703
tot contact: 27
contact analysis time: 0.0004961490631103516
solving time: 0.9469144344329834 iter: 15
tot_time: 10.083819389343262
init time: 0.0002624988555908203
contact time: 0.003724813461303711
tot contact: 29
contact analysis time: 0.0004985332489013672
solving time: 0.885401725769043 iter: 14
tot_time: 10.97874402999878
init time: 0.00024700164794921875
contact time: 0.003779888153076172
tot contact: 28
contact analysis time: 0.0004870891571044922
solving time: 0.9395120143890381 iter: 15
tot_time: 11.927775859832764
init time: 0.0003132820129394531
contact time: 0.0035698413848876953
tot contact: 29
contact analysis time: 0.0005824565887451172
solving time: 0.9456028938293457 iter: 15
tot_time: 12.882847547531128
init time: 0.00024199485778808594
contact time: 0.0037567615509033203
tot contact: 32
contact analysis time: 0.0004925727844238281
solving time: 0.948115348815918 iter: 15
tot_time: 13.840424537658691
init time: 0.00024580955505371094
contact time: 0.003772258758544922
tot contact: 32
contact analysis time: 0.0004870891571044922
solving time: 0.9604308605194092 iter: 15
tot_time: 14.810341358184814
init time: 0.00024199485778808594
contact time: 0.003761768341064453
tot contact: 32
contact analysis time: 0.0004813671112060547
solving time: 0.9474871158599854 iter: 15
tot_time: 15.76728367805481
init time: 0.0002562999725341797
contact time: 0.0036597251892089844
tot contact: 32
contact analysis time: 0.00046944618225097656
solving time: 0.9437839984893799 iter: 15
tot_time: 16.720482110977173
init time: 0.00030875205993652344
contact time: 0.0037696361541748047
tot contact: 33
contact analysis time: 0.000484466552734375
solving time: 0.9514026641845703 iter: 15
tot_time: 17.681493043899536
init time: 0.0002415180206298828
contact time: 0.0036935806274414062
tot contact: 32
contact analysis time: 0.00048232078552246094
solving time: 0.9665133953094482 iter: 15
tot_time: 18.65734624862671
init time: 0.00031447410583496094
contact time: 0.0036783218383789062
tot contact: 33
contact analysis time: 0.0005221366882324219
solving time: 0.9599795341491699 iter: 15
tot_time: 19.62768316268921
init time: 0.00024247169494628906
contact time: 0.0037305355072021484
tot contact: 33
contact analysis time: 0.00046181678771972656
solving time: 0.9555518627166748 iter: 15
tot_time: 20.592644453048706
init time: 0.0002548694610595703
contact time: 0.003770112991333008
tot contact: 32
contact analysis time: 0.0004935264587402344
solving time: 0.9608380794525146 iter: 15
tot_time: 21.56301522254944
init time: 0.0002415180206298828
contact time: 0.003746509552001953
tot contact: 33
contact analysis time: 0.0004622936248779297
solving time: 0.95682692527771 iter: 15
tot_time: 22.529255390167236
init time: 0.00024318695068359375
contact time: 0.0037202835083007812
tot contact: 33
contact analysis time: 0.00047779083251953125
solving time: 0.9565198421478271 iter: 15
tot_time: 23.49516248703003
init time: 0.0003120899200439453
contact time: 0.003758668899536133
tot contact: 34
contact analysis time: 0.00046372413635253906
solving time: 0.9548156261444092 iter: 15
tot_time: 24.45956826210022
init time: 0.0002422332763671875
contact time: 0.003749370574951172
tot contact: 36
contact analysis time: 0.000469207763671875
solving time: 0.9566614627838135 iter: 15
tot_time: 25.42569875717163
init time: 0.00031375885009765625
contact time: 0.003790140151977539
tot contact: 29
contact analysis time: 0.000553131103515625
solving time: 0.949608325958252 iter: 15
tot_time: 26.384934186935425
init time: 0.0002455711364746094
contact time: 0.0037577152252197266
tot contact: 24
contact analysis time: 0.0004646778106689453
solving time: 0.9141438007354736 iter: 15
tot_time: 27.308560848236084
init time: 0.0002486705780029297
contact time: 0.0037682056427001953
tot contact: 25
contact analysis time: 0.0004954338073730469
solving time: 0.9724011421203613 iter: 15
tot_time: 28.290440797805786
init time: 0.00023698806762695312
contact time: 0.0037474632263183594
tot contact: 25
contact analysis time: 0.0004734992980957031
solving time: 0.9671452045440674 iter: 15
tot_time: 29.26702117919922
init time: 0.0002422332763671875
contact time: 0.0039174556732177734
tot contact: 23
contact analysis time: 0.0005447864532470703
solving time: 0.8132033348083496 iter: 13
tot_time: 30.08994460105896
init time: 0.00024366378784179688
contact time: 0.0037572383880615234
tot contact: 24
contact analysis time: 0.0004894733428955078
solving time: 0.9621353149414062 iter: 15
tot_time: 31.06216859817505
init time: 0.00024318695068359375
contact time: 0.0036835670471191406
tot contact: 25
contact analysis time: 0.00045943260192871094
solving time: 0.9658858776092529 iter: 15
tot_time: 32.037357330322266
init time: 0.0003178119659423828
contact time: 0.0036821365356445312
tot contact: 23
contact analysis time: 0.0005507469177246094
solving time: 0.9587266445159912 iter: 15
tot_time: 33.00581693649292
init time: 0.0002532005310058594
contact time: 0.0037436485290527344
tot contact: 23
contact analysis time: 0.00048160552978515625
solving time: 0.9589905738830566 iter: 15
tot_time: 33.97421932220459
init time: 0.00035762786865234375
contact time: 0.003729104995727539
tot contact: 19
contact analysis time: 0.0005757808685302734
solving time: 0.9364688396453857 iter: 15
tot_time: 34.92051291465759
init time: 0.0002455711364746094
contact time: 0.0037086009979248047
tot contact: 20
contact analysis time: 0.0004749298095703125
solving time: 0.942371129989624 iter: 15
tot_time: 35.87233090400696
init time: 0.00024199485778808594
contact time: 0.0036907196044921875
tot contact: 21
contact analysis time: 0.0004723072052001953
solving time: 0.9500401020050049 iter: 15
tot_time: 36.83171510696411
init time: 0.0002415180206298828
contact time: 0.0036492347717285156
tot contact: 18
contact analysis time: 0.0004937648773193359
solving time: 0.8650622367858887 iter: 14
tot_time: 37.706233739852905
init time: 0.0002503395080566406
contact time: 0.0036766529083251953
tot contact: 18
contact analysis time: 0.00045561790466308594
solving time: 0.8775196075439453 iter: 14
tot_time: 38.593169927597046
init time: 0.0003457069396972656
contact time: 0.003613710403442383
tot contact: 18
contact analysis time: 0.0005321502685546875
solving time: 0.9360847473144531 iter: 15
tot_time: 39.538692235946655
init time: 0.0002455711364746094
contact time: 0.0036933422088623047
tot contact: 17
contact analysis time: 0.00046634674072265625
solving time: 0.9367494583129883 iter: 15
tot_time: 40.484806060791016
init time: 0.00025653839111328125
contact time: 0.0036809444427490234
tot contact: 20
contact analysis time: 0.0004811286926269531
solving time: 0.9420962333679199 iter: 15
tot_time: 41.43632364273071
init time: 0.000244140625
contact time: 0.003661632537841797
tot contact: 18
contact analysis time: 0.00047588348388671875
solving time: 0.937070369720459 iter: 15
tot_time: 42.382739543914795
init time: 0.00031685829162597656
contact time: 0.0036592483520507812
tot contact: 20
contact analysis time: 0.0005517005920410156
solving time: 0.9377236366271973 iter: 15
tot_time: 43.329933881759644
init time: 0.0002460479736328125
contact time: 0.0036935806274414062
tot contact: 19
contact analysis time: 0.00047707557678222656
solving time: 0.6780076026916504 iter: 11
tot_time: 44.017330169677734
tot_time: 44.01733899116516
total_reward: [-0.046209895831439425, -0.05104072691540746, -0.04904567769781764, -0.045700585579545684, -0.04229456341279594, -0.042003135904651975, -0.0415964755100213, -0.04099983669640499, -0.04042578611448546, -0.039655262645921965, -0.038883072312060535, -0.03819892705033534, -0.03744875790125622, -0.03670318733639744, -0.035901940058726704]
tot contact: 19
tot contact: 20
tot contact: 18
tot contact: 20
tot contact: 17
tot contact: 18
tot contact: 18
tot contact: 18
tot contact: 21
tot contact: 20
tot contact: 19
tot contact: 23
tot contact: 23
tot contact: 25
tot contact: 24
tot contact: 23
tot contact: 25
tot contact: 25
tot contact: 24
tot contact: 29
tot contact: 36
tot contact: 34
tot contact: 33
tot contact: 33
tot contact: 32
tot contact: 33
tot contact: 33
tot contact: 32
tot contact: 33
tot contact: 32
tot contact: 32
tot contact: 32
tot contact: 32
tot contact: 29
tot contact: 28
tot contact: 29
tot contact: 27
tot contact: 29
tot contact: 30
tot contact: 29
tot contact: 29
tot contact: 27
tot contact: 24
tot contact: 25
tot contact: 29
tot contact: 26
tot contact: 23
tot contact: 26
tot contact: 29
done grad
iter:  15
[I 10/02/26 14:12:55.776 12828] [swap_chain.cpp:dump_image_buffer@164] Dumping image buffer...
init time: 0.0002467632293701172
contact time: 0.003007173538208008
tot contact: 29
contact analysis time: 0.0005450248718261719
solving time: 0.42267942428588867 iter: 8
tot_time: 0.4626021385192871
init time: 0.00023889541625976562
contact time: 0.003106832504272461
tot contact: 26
contact analysis time: 0.00045752525329589844
solving time: 0.4665336608886719 iter: 9
tot_time: 0.9379012584686279
init time: 0.00024127960205078125
contact time: 0.0033240318298339844
tot contact: 23
contact analysis time: 0.00048804283142089844
solving time: 0.46878862380981445 iter: 9
tot_time: 1.4156711101531982
init time: 0.0004572868347167969
contact time: 0.003633737564086914
tot contact: 26
contact analysis time: 0.0005166530609130859
solving time: 0.5686466693878174 iter: 11
tot_time: 1.9958164691925049
init time: 0.00023555755615234375
contact time: 0.0036590099334716797
tot contact: 29
contact analysis time: 0.00046825408935546875
solving time: 0.7714943885803223 iter: 13
tot_time: 2.7766497135162354
init time: 0.00031685829162597656
contact time: 0.0035762786865234375
tot contact: 25
contact analysis time: 0.00047397613525390625
solving time: 0.7951364517211914 iter: 14
tot_time: 3.581211805343628
init time: 0.00027942657470703125
contact time: 0.003659963607788086
tot contact: 24
contact analysis time: 0.00048089027404785156
solving time: 0.7128546237945557 iter: 13
tot_time: 4.304219961166382
init time: 0.00024271011352539062
contact time: 0.0035104751586914062
tot contact: 27
contact analysis time: 0.0004680156707763672
solving time: 0.9594433307647705 iter: 15
tot_time: 5.272785663604736
init time: 0.00024318695068359375
contact time: 0.0036466121673583984
tot contact: 29
contact analysis time: 0.0004951953887939453
solving time: 0.9354321956634521 iter: 15
tot_time: 6.217741250991821
init time: 0.00023245811462402344
contact time: 0.003614187240600586
tot contact: 29
contact analysis time: 0.000484466552734375
solving time: 0.9403326511383057 iter: 15
tot_time: 7.167425155639648
init time: 0.00025081634521484375
contact time: 0.0036721229553222656
tot contact: 30
contact analysis time: 0.0004818439483642578
solving time: 0.9492592811584473 iter: 15
tot_time: 8.12606692314148
init time: 0.00023555755615234375
contact time: 0.0036230087280273438
tot contact: 29
contact analysis time: 0.0004818439483642578
solving time: 0.9441430568695068 iter: 15
tot_time: 9.079587697982788
init time: 0.0002536773681640625
contact time: 0.003635406494140625
tot contact: 27
contact analysis time: 0.0005097389221191406
solving time: 0.946690559387207 iter: 15
tot_time: 10.035598039627075
init time: 0.00031876564025878906
contact time: 0.0037932395935058594
tot contact: 29
contact analysis time: 0.00047588348388671875
solving time: 0.892794132232666 iter: 14
tot_time: 10.937939405441284
init time: 0.00024962425231933594
contact time: 0.0037758350372314453
tot contact: 28
contact analysis time: 0.0004956722259521484
solving time: 0.9401633739471436 iter: 15
tot_time: 11.887600660324097
init time: 0.00028061866760253906
contact time: 0.0037107467651367188
tot contact: 29
contact analysis time: 0.0004992485046386719
solving time: 0.9441564083099365 iter: 15
tot_time: 12.841278314590454
init time: 0.00024247169494628906
contact time: 0.003764629364013672
tot contact: 32
contact analysis time: 0.0004870891571044922
solving time: 0.9495894908905029 iter: 15
tot_time: 13.80045199394226
init time: 0.0002696514129638672
contact time: 0.0037288665771484375
tot contact: 32
contact analysis time: 0.000499725341796875
solving time: 0.9561090469360352 iter: 15
tot_time: 14.766193151473999
init time: 0.0004184246063232422
contact time: 0.0039288997650146484
tot contact: 32
contact analysis time: 0.0004913806915283203
solving time: 0.9477694034576416 iter: 15
tot_time: 15.723883152008057
init time: 0.0002434253692626953
contact time: 0.0036542415618896484
tot contact: 32
contact analysis time: 0.0005011558532714844
solving time: 0.9460835456848145 iter: 15
tot_time: 16.679322242736816
init time: 0.00030684471130371094
contact time: 0.0036590099334716797
tot contact: 32
contact analysis time: 0.0005648136138916016
solving time: 0.9501066207885742 iter: 15
tot_time: 17.638967037200928
init time: 0.00024175643920898438
contact time: 0.0037708282470703125
tot contact: 32
contact analysis time: 0.0004897117614746094
solving time: 0.960676908493042 iter: 15
tot_time: 18.609156608581543
init time: 0.0003371238708496094
contact time: 0.0038437843322753906
tot contact: 33
contact analysis time: 0.0005300045013427734
solving time: 0.9619243144989014 iter: 15
tot_time: 19.582481622695923
init time: 0.0002579689025878906
contact time: 0.0037889480590820312
tot contact: 33
contact analysis time: 0.000499725341796875
solving time: 0.9599401950836182 iter: 15
tot_time: 20.551968574523926
init time: 0.00026988983154296875
contact time: 0.003803730010986328
tot contact: 32
contact analysis time: 0.000522613525390625
solving time: 0.9611988067626953 iter: 15
tot_time: 21.522998809814453
init time: 0.0003299713134765625
contact time: 0.0037682056427001953
tot contact: 33
contact analysis time: 0.0004811286926269531
solving time: 0.9543185234069824 iter: 15
tot_time: 22.48702311515808
init time: 0.00024127960205078125
contact time: 0.003641843795776367
tot contact: 33
contact analysis time: 0.0004966259002685547
solving time: 0.9539012908935547 iter: 15
tot_time: 23.450307846069336
init time: 0.00031280517578125
contact time: 0.0038518905639648438
tot contact: 34
contact analysis time: 0.0005764961242675781
solving time: 0.9538173675537109 iter: 15
tot_time: 24.413829803466797
init time: 0.0002372264862060547
contact time: 0.003812074661254883
tot contact: 36
contact analysis time: 0.00046753883361816406
solving time: 0.9562067985534668 iter: 15
tot_time: 25.379577159881592
init time: 0.0002465248107910156
contact time: 0.0038192272186279297
tot contact: 29
contact analysis time: 0.000507354736328125
solving time: 0.9522356986999512 iter: 15
tot_time: 26.341304779052734
init time: 0.0002415180206298828
contact time: 0.003841400146484375
tot contact: 24
contact analysis time: 0.0005462169647216797
solving time: 0.9170281887054443 iter: 15
tot_time: 27.26797580718994
init time: 0.00024509429931640625
contact time: 0.003803253173828125
tot contact: 25
contact analysis time: 0.0005040168762207031
solving time: 0.9592084884643555 iter: 15
tot_time: 28.236737728118896
init time: 0.00031495094299316406
contact time: 0.003770589828491211
tot contact: 26
contact analysis time: 0.0004870891571044922
solving time: 0.958869457244873 iter: 15
tot_time: 29.20513391494751
init time: 0.00023984909057617188
contact time: 0.003712892532348633
tot contact: 22
contact analysis time: 0.0004553794860839844
solving time: 0.8168721199035645 iter: 13
tot_time: 30.031368255615234
init time: 0.00031447410583496094
contact time: 0.0037457942962646484
tot contact: 24
contact analysis time: 0.00048542022705078125
solving time: 0.9386415481567383 iter: 15
tot_time: 30.979650497436523
init time: 0.00024771690368652344
contact time: 0.003700733184814453
tot contact: 25
contact analysis time: 0.00047588348388671875
solving time: 0.978111982345581 iter: 15
tot_time: 31.96712851524353
init time: 0.000308990478515625
contact time: 0.0036814212799072266
tot contact: 23
contact analysis time: 0.0005359649658203125
solving time: 0.9790074825286865 iter: 15
tot_time: 32.955729246139526
init time: 0.0002446174621582031
contact time: 0.0037364959716796875
tot contact: 23
contact analysis time: 0.0004928112030029297
solving time: 0.9687654972076416 iter: 15
tot_time: 33.93396067619324
init time: 0.0002434253692626953
contact time: 0.003584146499633789
tot contact: 18
contact analysis time: 0.00048542022705078125
solving time: 0.9400644302368164 iter: 15
tot_time: 34.883267641067505
init time: 0.0002391338348388672
contact time: 0.0037021636962890625
tot contact: 20
contact analysis time: 0.00048160552978515625
solving time: 0.9702372550964355 iter: 15
tot_time: 35.86295032501221
init time: 0.0002448558807373047
contact time: 0.003648519515991211
tot contact: 20
contact analysis time: 0.00048542022705078125
solving time: 0.9453871250152588 iter: 15
tot_time: 36.817702293395996
init time: 0.0003256797790527344
contact time: 0.0036695003509521484
tot contact: 18
contact analysis time: 0.00047779083251953125
solving time: 0.9265933036804199 iter: 15
tot_time: 37.75378918647766
init time: 0.0002372264862060547
contact time: 0.0036232471466064453
tot contact: 18
contact analysis time: 0.0004990100860595703
solving time: 0.9320271015167236 iter: 15
tot_time: 38.695154428482056
init time: 0.00024390220642089844
contact time: 0.0036945343017578125
tot contact: 18
contact analysis time: 0.00049591064453125
solving time: 0.8654718399047852 iter: 14
tot_time: 39.56999969482422
init time: 0.0002601146697998047
contact time: 0.0037217140197753906
tot contact: 17
contact analysis time: 0.0004763603210449219
solving time: 0.933190107345581 iter: 15
tot_time: 40.512951135635376
init time: 0.00023818016052246094
contact time: 0.0036830902099609375
tot contact: 21
contact analysis time: 0.00047469139099121094
solving time: 0.8817675113677979 iter: 14
tot_time: 41.40417218208313
init time: 0.0002422332763671875
contact time: 0.0036530494689941406
tot contact: 17
contact analysis time: 0.0005636215209960938
solving time: 0.8884851932525635 iter: 15
tot_time: 42.30214524269104
init time: 0.00022864341735839844
contact time: 0.003752470016479492
tot contact: 20
contact analysis time: 0.0004937648773193359
solving time: 0.9405860900878906 iter: 15
tot_time: 43.252219915390015
init time: 0.00024819374084472656
contact time: 0.0037376880645751953
tot contact: 19
contact analysis time: 0.00048661231994628906
solving time: 0.7415895462036133 iter: 12
tot_time: 44.00405788421631
tot_time: 44.004066467285156
total_reward: [-0.046209895831439425, -0.05104072691540746, -0.04904567769781764, -0.045700585579545684, -0.04229456341279594, -0.042003135904651975, -0.0415964755100213, -0.04099983669640499, -0.04042578611448546, -0.039655262645921965, -0.038883072312060535, -0.03819892705033534, -0.03744875790125622, -0.03670318733639744, -0.035901940058726704, -0.03503774805159924]
tot contact: 19
tot contact: 20
tot contact: 17
tot contact: 21
tot contact: 17
tot contact: 18
tot contact: 18
tot contact: 18
tot contact: 20
tot contact: 20
tot contact: 18
tot contact: 23
tot contact: 23
tot contact: 25
tot contact: 24
tot contact: 22
tot contact: 26
tot contact: 25
tot contact: 24
tot contact: 29
tot contact: 36
tot contact: 34
tot contact: 33
tot contact: 33
tot contact: 32
tot contact: 33
tot contact: 33
tot contact: 32
tot contact: 32
tot contact: 32
tot contact: 32
tot contact: 32
tot contact: 32
tot contact: 29
tot contact: 28
tot contact: 29
tot contact: 27
tot contact: 29
tot contact: 30
tot contact: 29
tot contact: 29
tot contact: 27
tot contact: 24
tot contact: 25
tot contact: 29
tot contact: 26
tot contact: 23
tot contact: 26
tot contact: 29
done grad
iter:  16
[I 10/02/26 14:13:43.018 12828] [swap_chain.cpp:dump_image_buffer@164] Dumping image buffer...
init time: 0.0002593994140625
contact time: 0.003841876983642578
tot contact: 29
contact analysis time: 0.0009911060333251953
solving time: 0.4190034866333008 iter: 8
tot_time: 0.4610130786895752
init time: 0.0002410411834716797
contact time: 0.003075838088989258
tot contact: 26
contact analysis time: 0.00047087669372558594
solving time: 0.47106122970581055 iter: 9
tot_time: 0.941117525100708
init time: 0.0002532005310058594
contact time: 0.0033178329467773438
tot contact: 23
contact analysis time: 0.00048351287841796875
solving time: 0.46486473083496094 iter: 9
tot_time: 1.4151277542114258
init time: 0.00027632713317871094
contact time: 0.003631114959716797
tot contact: 26
contact analysis time: 0.0005121231079101562
solving time: 0.577873706817627 iter: 11
tot_time: 2.003781318664551
init time: 0.0002906322479248047
contact time: 0.0036652088165283203
tot contact: 29
contact analysis time: 0.0004992485046386719
solving time: 0.7726263999938965 iter: 13
tot_time: 2.7862725257873535
init time: 0.00024390220642089844
contact time: 0.003611326217651367
tot contact: 25
contact analysis time: 0.0005037784576416016
solving time: 0.7931332588195801 iter: 14
tot_time: 3.588793992996216
init time: 0.00023508071899414062
contact time: 0.003592967987060547
tot contact: 24
contact analysis time: 0.0004730224609375
solving time: 0.740532636642456 iter: 13
tot_time: 4.338627099990845
init time: 0.0002999305725097656
contact time: 0.0034942626953125
tot contact: 27
contact analysis time: 0.0005645751953125
solving time: 0.9522709846496582 iter: 15
tot_time: 5.300261974334717
init time: 0.00033092498779296875
contact time: 0.0038557052612304688
tot contact: 29
contact analysis time: 0.0004901885986328125
solving time: 0.9402303695678711 iter: 15
tot_time: 6.25154185295105
init time: 0.0002465248107910156
contact time: 0.0035905838012695312
tot contact: 29
contact analysis time: 0.0005137920379638672
solving time: 0.9438834190368652 iter: 15
tot_time: 7.20471978187561
init time: 0.0002391338348388672
contact time: 0.0036361217498779297
tot contact: 30
contact analysis time: 0.0004725456237792969
solving time: 0.9530024528503418 iter: 15
tot_time: 8.167093276977539
init time: 0.00024580955505371094
contact time: 0.003584146499633789
tot contact: 29
contact analysis time: 0.0004889965057373047
solving time: 0.9466593265533447 iter: 15
tot_time: 9.123082160949707
init time: 0.00031757354736328125
contact time: 0.003743410110473633
tot contact: 27
contact analysis time: 0.0005750656127929688
solving time: 0.9476535320281982 iter: 15
tot_time: 10.080538749694824
init time: 0.0002486705780029297
contact time: 0.0037419795989990234
tot contact: 29
contact analysis time: 0.00047397613525390625
solving time: 0.8907878398895264 iter: 14
tot_time: 10.98088812828064
init time: 0.00030541419982910156
contact time: 0.0037627220153808594
tot contact: 28
contact analysis time: 0.0004978179931640625
solving time: 0.9426467418670654 iter: 15
tot_time: 11.933188915252686
init time: 0.0002448558807373047
contact time: 0.0036249160766601562
tot contact: 29
contact analysis time: 0.0004744529724121094
solving time: 0.9437839984893799 iter: 15
tot_time: 12.8863525390625
init time: 0.0003046989440917969
contact time: 0.003677845001220703
tot contact: 32
contact analysis time: 0.0005414485931396484
solving time: 0.9500563144683838 iter: 15
tot_time: 13.846013069152832
init time: 0.0002474784851074219
contact time: 0.003744840621948242
tot contact: 32
contact analysis time: 0.00048542022705078125
solving time: 0.953697681427002 iter: 15
tot_time: 14.809776067733765
init time: 0.00024271011352539062
contact time: 0.0036973953247070312
tot contact: 32
contact analysis time: 0.0004763603210449219
solving time: 0.9504303932189941 iter: 15
tot_time: 15.769680500030518
init time: 0.00023674964904785156
contact time: 0.0036911964416503906
tot contact: 32
contact analysis time: 0.0004971027374267578
solving time: 0.946619987487793 iter: 15
tot_time: 16.72579002380371
init time: 0.00025010108947753906
contact time: 0.003748178482055664
tot contact: 31
contact analysis time: 0.0005249977111816406
solving time: 0.9550704956054688 iter: 15
tot_time: 17.690435647964478
init time: 0.0003218650817871094
contact time: 0.0037124156951904297
tot contact: 33
contact analysis time: 0.0004951953887939453
solving time: 0.9619889259338379 iter: 15
tot_time: 18.662023067474365
init time: 0.00024056434631347656
contact time: 0.003684520721435547
tot contact: 33
contact analysis time: 0.0004734992980957031
solving time: 0.9649248123168945 iter: 15
tot_time: 19.63646650314331
init time: 0.0003132820129394531
contact time: 0.0036382675170898438
tot contact: 33
contact analysis time: 0.0005426406860351562
solving time: 0.9589684009552002 iter: 15
tot_time: 20.604902029037476
init time: 0.00024080276489257812
contact time: 0.003764629364013672
tot contact: 32
contact analysis time: 0.0004980564117431641
solving time: 0.9627642631530762 iter: 15
tot_time: 21.577181100845337
init time: 0.00024056434631347656
contact time: 0.0037636756896972656
tot contact: 33
contact analysis time: 0.00047588348388671875
solving time: 0.9574978351593018 iter: 15
tot_time: 22.544100284576416
init time: 0.0002372264862060547
contact time: 0.003831148147583008
tot contact: 32
contact analysis time: 0.0004913806915283203
solving time: 0.9547679424285889 iter: 15
tot_time: 23.508540868759155
init time: 0.0002512931823730469
contact time: 0.0037910938262939453
tot contact: 34
contact analysis time: 0.0004935264587402344
solving time: 0.9567716121673584 iter: 15
tot_time: 24.474752187728882
init time: 0.00031304359436035156
contact time: 0.0037856101989746094
tot contact: 36
contact analysis time: 0.0004801750183105469
solving time: 0.9634120464324951 iter: 15
tot_time: 25.447858572006226
init time: 0.0002522468566894531
contact time: 0.0037331581115722656
tot contact: 29
contact analysis time: 0.000507354736328125
solving time: 0.9935925006866455 iter: 15
tot_time: 26.45108461380005
init time: 0.00023245811462402344
contact time: 0.003715991973876953
tot contact: 24
contact analysis time: 0.00048065185546875
solving time: 0.9173309803009033 iter: 15
tot_time: 27.377721309661865
init time: 0.0002295970916748047
contact time: 0.003698587417602539
tot contact: 24
contact analysis time: 0.00046181678771972656
solving time: 0.9201703071594238 iter: 15
tot_time: 28.30741047859192
init time: 0.0002396106719970703
contact time: 0.0037033557891845703
tot contact: 27
contact analysis time: 0.0005168914794921875
solving time: 0.9442727565765381 iter: 15
tot_time: 29.261061668395996
init time: 0.00023818016052246094
contact time: 0.003714323043823242
tot contact: 24
contact analysis time: 0.0004992485046386719
solving time: 0.8150918483734131 iter: 13
tot_time: 30.085590839385986
init time: 0.0003123283386230469
contact time: 0.003843545913696289
tot contact: 24
contact analysis time: 0.00054168701171875
solving time: 0.9408080577850342 iter: 15
tot_time: 31.036104917526245
init time: 0.000232696533203125
contact time: 0.0037114620208740234
tot contact: 26
contact analysis time: 0.0005311965942382812
solving time: 0.9474120140075684 iter: 15
tot_time: 31.992868900299072
init time: 0.0002357959747314453
contact time: 0.0036993026733398438
tot contact: 23
contact analysis time: 0.0004687309265136719
solving time: 0.9548842906951904 iter: 15
tot_time: 32.957197189331055
init time: 0.0002925395965576172
contact time: 0.0036551952362060547
tot contact: 23
contact analysis time: 0.00054931640625
solving time: 0.9556646347045898 iter: 15
tot_time: 33.92235517501831
init time: 0.000240325927734375
contact time: 0.0035495758056640625
tot contact: 18
contact analysis time: 0.0004875659942626953
solving time: 0.9294652938842773 iter: 15
tot_time: 34.86104607582092
init time: 0.0002956390380859375
contact time: 0.00368499755859375
tot contact: 19
contact analysis time: 0.0005397796630859375
solving time: 0.9517793655395508 iter: 15
tot_time: 35.82239079475403
init time: 0.0002467632293701172
contact time: 0.003737926483154297
tot contact: 20
contact analysis time: 0.0004994869232177734
solving time: 0.9463450908660889 iter: 15
tot_time: 36.778599977493286
init time: 0.0003018379211425781
contact time: 0.0036590099334716797
tot contact: 19
contact analysis time: 0.0004837512969970703
solving time: 0.927419900894165 iter: 15
tot_time: 37.715386629104614
init time: 0.0002956390380859375
contact time: 0.0036818981170654297
tot contact: 17
contact analysis time: 0.0004792213439941406
solving time: 0.9317147731781006 iter: 15
tot_time: 38.65649771690369
init time: 0.00024247169494628906
contact time: 0.003673076629638672
tot contact: 19
contact analysis time: 0.0004949569702148438
solving time: 0.9335291385650635 iter: 15
tot_time: 39.599395513534546
init time: 0.00030922889709472656
contact time: 0.003547191619873047
tot contact: 16
contact analysis time: 0.0005524158477783203
solving time: 0.7700235843658447 iter: 13
tot_time: 40.37873959541321
init time: 0.00023818016052246094
contact time: 0.0037300586700439453
tot contact: 22
contact analysis time: 0.0004968643188476562
solving time: 0.8150670528411865 iter: 13
tot_time: 41.20329570770264
init time: 0.0002818107604980469
contact time: 0.0036759376525878906
tot contact: 18
contact analysis time: 0.0005152225494384766
solving time: 0.9463696479797363 iter: 15
tot_time: 42.1592333316803
init time: 0.00039386749267578125
contact time: 0.004098653793334961
tot contact: 19
contact analysis time: 0.0006997585296630859
solving time: 0.9303619861602783 iter: 15
tot_time: 43.10051441192627
init time: 0.0003082752227783203
contact time: 0.003644704818725586
tot contact: 18
contact analysis time: 0.0005283355712890625
solving time: 0.8058722019195557 iter: 13
tot_time: 43.91571116447449
tot_time: 43.9157190322876
total_reward: [-0.046209895831439425, -0.05104072691540746, -0.04904567769781764, -0.045700585579545684, -0.04229456341279594, -0.042003135904651975, -0.0415964755100213, -0.04099983669640499, -0.04042578611448546, -0.039655262645921965, -0.038883072312060535, -0.03819892705033534, -0.03744875790125622, -0.03670318733639744, -0.035901940058726704, -0.03503774805159924, -0.03424363731957691]
tot contact: 18
tot contact: 19
tot contact: 18
tot contact: 22
tot contact: 16
tot contact: 19
tot contact: 17
tot contact: 19
tot contact: 20
tot contact: 19
tot contact: 18
tot contact: 23
tot contact: 23
tot contact: 26
tot contact: 24
tot contact: 24
tot contact: 27
tot contact: 24
tot contact: 24
tot contact: 29
tot contact: 36
tot contact: 34
tot contact: 32
tot contact: 33
tot contact: 32
tot contact: 33
tot contact: 33
tot contact: 33
tot contact: 31
tot contact: 32
tot contact: 32
tot contact: 32
tot contact: 32
tot contact: 29
tot contact: 28
tot contact: 29
tot contact: 27
tot contact: 29
tot contact: 30
tot contact: 29
tot contact: 29
tot contact: 27
tot contact: 24
tot contact: 25
tot contact: 29
tot contact: 26
tot contact: 23
tot contact: 26
tot contact: 29
done grad
iter:  17
[I 10/02/26 14:14:30.169 12828] [swap_chain.cpp:dump_image_buffer@164] Dumping image buffer...
init time: 0.0002472400665283203
contact time: 0.00299835205078125
tot contact: 29
contact analysis time: 0.0005145072937011719
solving time: 0.42127180099487305 iter: 8
tot_time: 0.4614570140838623
init time: 0.0003077983856201172
contact time: 0.0031173229217529297
tot contact: 26
contact analysis time: 0.0004832744598388672
solving time: 0.4683403968811035 iter: 9
tot_time: 0.9387762546539307
init time: 0.00024962425231933594
contact time: 0.00333404541015625
tot contact: 23
contact analysis time: 0.0004911422729492188
solving time: 0.4893989562988281 iter: 9
tot_time: 1.4371678829193115
init time: 0.00023412704467773438
contact time: 0.0034894943237304688
tot contact: 26
contact analysis time: 0.0004818439483642578
solving time: 0.5736520290374756 iter: 11
tot_time: 2.019979476928711
init time: 0.00023698806762695312
contact time: 0.0036525726318359375
tot contact: 31
contact analysis time: 0.00046896934509277344
solving time: 0.8417437076568604 iter: 14
tot_time: 2.871004104614258
init time: 0.00024271011352539062
contact time: 0.003610849380493164
tot contact: 25
contact analysis time: 0.000545501708984375
solving time: 0.7953681945800781 iter: 14
tot_time: 3.6757829189300537
init time: 0.0002465248107910156
contact time: 0.003626585006713867
tot contact: 24
contact analysis time: 0.00047707557678222656
solving time: 0.7111806869506836 iter: 13
tot_time: 4.396292686462402
init time: 0.00023746490478515625
contact time: 0.003565073013305664
tot contact: 27
contact analysis time: 0.0004696846008300781
solving time: 0.9607784748077393 iter: 15
tot_time: 5.366374969482422
init time: 0.0002460479736328125
contact time: 0.0034999847412109375
tot contact: 29
contact analysis time: 0.0004858970642089844
solving time: 0.943784236907959 iter: 15
tot_time: 6.319298505783081
init time: 0.0002372264862060547
contact time: 0.003638029098510742
tot contact: 29
contact analysis time: 0.00047588348388671875
solving time: 0.9423692226409912 iter: 15
tot_time: 7.271042108535767
init time: 0.00024390220642089844
contact time: 0.003660917282104492
tot contact: 30
contact analysis time: 0.0004875659942626953
solving time: 0.9418034553527832 iter: 15
tot_time: 8.222150564193726
init time: 0.00029206275939941406
contact time: 0.0036385059356689453
tot contact: 29
contact analysis time: 0.00048279762268066406
solving time: 0.9499962329864502 iter: 15
tot_time: 9.181660890579224
init time: 0.0002448558807373047
contact time: 0.003610849380493164
tot contact: 27
contact analysis time: 0.00048041343688964844
solving time: 0.943824291229248 iter: 15
tot_time: 10.134779691696167
init time: 0.00030875205993652344
contact time: 0.0037207603454589844
tot contact: 29
contact analysis time: 0.0005433559417724609
solving time: 0.8874435424804688 iter: 14
tot_time: 11.031725406646729
init time: 0.00024628639221191406
contact time: 0.0037305355072021484
tot contact: 28
contact analysis time: 0.0004911422729492188
solving time: 0.9413516521453857 iter: 15
tot_time: 11.98245620727539
init time: 0.00030231475830078125
contact time: 0.0036551952362060547
tot contact: 29
contact analysis time: 0.0004909038543701172
solving time: 0.9495928287506104 iter: 15
tot_time: 12.94171929359436
init time: 0.0004181861877441406
contact time: 0.003856182098388672
tot contact: 32
contact analysis time: 0.0005161762237548828
solving time: 0.9516496658325195 iter: 15
tot_time: 13.905595302581787
init time: 0.00030040740966796875
contact time: 0.003711700439453125
tot contact: 31
contact analysis time: 0.0005621910095214844
solving time: 0.952415943145752 iter: 15
tot_time: 14.867764949798584
init time: 0.000263214111328125
contact time: 0.0037658214569091797
tot contact: 32
contact analysis time: 0.00048351287841796875
solving time: 0.967271089553833 iter: 15
tot_time: 15.845800161361694
init time: 0.00024890899658203125
contact time: 0.0037622451782226562
tot contact: 31
contact analysis time: 0.0004839897155761719
solving time: 0.9510564804077148 iter: 15
tot_time: 16.806472301483154
init time: 0.00024819374084472656
contact time: 0.003760814666748047
tot contact: 31
contact analysis time: 0.00048279762268066406
solving time: 0.9559037685394287 iter: 15
tot_time: 17.772714376449585
init time: 0.00025177001953125
contact time: 0.0036733150482177734
tot contact: 33
contact analysis time: 0.0004923343658447266
solving time: 0.9678034782409668 iter: 15
tot_time: 18.750242233276367
init time: 0.000354766845703125
contact time: 0.003743410110473633
tot contact: 33
contact analysis time: 0.0004782676696777344
solving time: 0.9694209098815918 iter: 15
tot_time: 19.732331037521362
init time: 0.00024008750915527344
contact time: 0.003660440444946289
tot contact: 33
contact analysis time: 0.00047588348388671875
solving time: 0.9595379829406738 iter: 15
tot_time: 20.701183795928955
init time: 0.00030612945556640625
contact time: 0.003678560256958008
tot contact: 33
contact analysis time: 0.0005359649658203125
solving time: 0.9678554534912109 iter: 15
tot_time: 21.67850971221924
init time: 0.00023484230041503906
contact time: 0.003740072250366211
tot contact: 33
contact analysis time: 0.0005018711090087891
solving time: 0.9662315845489502 iter: 15
tot_time: 22.654287815093994
init time: 0.00024509429931640625
contact time: 0.003651142120361328
tot contact: 32
contact analysis time: 0.0005161762237548828
solving time: 0.960817813873291 iter: 15
tot_time: 23.624478816986084
init time: 0.0002498626708984375
contact time: 0.0037839412689208984
tot contact: 34
contact analysis time: 0.00047779083251953125
solving time: 0.9576690196990967 iter: 15
tot_time: 24.591857194900513
init time: 0.00026488304138183594
contact time: 0.003841400146484375
tot contact: 36
contact analysis time: 0.00048613548278808594
solving time: 0.9646351337432861 iter: 15
tot_time: 25.56712245941162
init time: 0.0003123283386230469
contact time: 0.003762483596801758
tot contact: 29
contact analysis time: 0.0004684925079345703
solving time: 0.9581441879272461 iter: 15
tot_time: 26.534820556640625
init time: 0.0002491474151611328
contact time: 0.0037186145782470703
tot contact: 24
contact analysis time: 0.0004868507385253906
solving time: 0.9160938262939453 iter: 15
tot_time: 27.460349559783936
init time: 0.000316619873046875
contact time: 0.003728151321411133
tot contact: 24
contact analysis time: 0.0005424022674560547
solving time: 0.9216282367706299 iter: 15
tot_time: 28.3916437625885
init time: 0.0002548694610595703
contact time: 0.003801584243774414
tot contact: 27
contact analysis time: 0.0006544589996337891
solving time: 0.949683666229248 iter: 15
tot_time: 29.351036071777344
init time: 0.0003063678741455078
contact time: 0.003656625747680664
tot contact: 24
contact analysis time: 0.0005462169647216797
solving time: 0.769526481628418 iter: 12
tot_time: 30.129996299743652
init time: 0.0004165172576904297
contact time: 0.003983259201049805
tot contact: 24
contact analysis time: 0.0005829334259033203
solving time: 0.9404897689819336 iter: 15
tot_time: 31.081100702285767
init time: 0.00024318695068359375
contact time: 0.0038912296295166016
tot contact: 26
contact analysis time: 0.0004911422729492188
solving time: 0.9535489082336426 iter: 15
tot_time: 32.044275999069214
init time: 0.0003399848937988281
contact time: 0.0036661624908447266
tot contact: 24
contact analysis time: 0.0005533695220947266
solving time: 0.9628441333770752 iter: 15
tot_time: 33.016687631607056
init time: 0.0002532005310058594
contact time: 0.0037641525268554688
tot contact: 23
contact analysis time: 0.0004925727844238281
solving time: 0.958967924118042 iter: 15
tot_time: 33.9851610660553
init time: 0.00024437904357910156
contact time: 0.003687620162963867
tot contact: 18
contact analysis time: 0.0004916191101074219
solving time: 0.9360671043395996 iter: 15
tot_time: 34.930700063705444
init time: 0.0002586841583251953
contact time: 0.003751039505004883
tot contact: 19
contact analysis time: 0.0004937648773193359
solving time: 0.9581735134124756 iter: 15
tot_time: 35.898366928100586
init time: 0.000308990478515625
contact time: 0.0036635398864746094
tot contact: 19
contact analysis time: 0.0005295276641845703
solving time: 0.9541926383972168 iter: 15
tot_time: 36.862011671066284
init time: 0.00024056434631347656
contact time: 0.0036826133728027344
tot contact: 18
contact analysis time: 0.00048232078552246094
solving time: 0.9283003807067871 iter: 15
tot_time: 37.79978680610657
init time: 0.00025081634521484375
contact time: 0.003632783889770508
tot contact: 18
contact analysis time: 0.00048542022705078125
solving time: 0.9316492080688477 iter: 15
tot_time: 38.74078106880188
init time: 0.00024199485778808594
contact time: 0.0037016868591308594
tot contact: 20
contact analysis time: 0.0004894733428955078
solving time: 0.8800017833709717 iter: 14
tot_time: 39.630268573760986
init time: 0.00025534629821777344
contact time: 0.003692150115966797
tot contact: 16
contact analysis time: 0.0005588531494140625
solving time: 0.8301031589508057 iter: 14
tot_time: 40.47003221511841
init time: 0.00025963783264160156
contact time: 0.003710508346557617
tot contact: 21
contact analysis time: 0.0004787445068359375
solving time: 0.8202228546142578 iter: 13
tot_time: 41.29963803291321
init time: 0.00024056434631347656
contact time: 0.0036776065826416016
tot contact: 17
contact analysis time: 0.0005061626434326172
solving time: 0.8798298835754395 iter: 15
tot_time: 42.188950300216675
init time: 0.00025177001953125
contact time: 0.0036733150482177734
tot contact: 19
contact analysis time: 0.0004897117614746094
solving time: 0.9250426292419434 iter: 15
tot_time: 43.123366594314575
init time: 0.0003094673156738281
contact time: 0.003681659698486328
tot contact: 18
contact analysis time: 0.000453948974609375
solving time: 0.8034212589263916 iter: 13
tot_time: 43.936136960983276
tot_time: 43.93614459037781
total_reward: [-0.046209895831439425, -0.05104072691540746, -0.04904567769781764, -0.045700585579545684, -0.04229456341279594, -0.042003135904651975, -0.0415964755100213, -0.04099983669640499, -0.04042578611448546, -0.039655262645921965, -0.038883072312060535, -0.03819892705033534, -0.03744875790125622, -0.03670318733639744, -0.035901940058726704, -0.03503774805159924, -0.03424363731957691, -0.03338009669822248]
tot contact: 18
tot contact: 19
tot contact: 17
tot contact: 21
tot contact: 16
tot contact: 20
tot contact: 18
tot contact: 18
tot contact: 19
tot contact: 19
tot contact: 18
tot contact: 23
tot contact: 24
tot contact: 26
tot contact: 24
tot contact: 24
tot contact: 27
tot contact: 24
tot contact: 24
tot contact: 29
tot contact: 36
tot contact: 34
tot contact: 32
tot contact: 33
tot contact: 33
tot contact: 33
tot contact: 33
tot contact: 33
tot contact: 31
tot contact: 31
tot contact: 32
tot contact: 31
tot contact: 32
tot contact: 29
tot contact: 28
tot contact: 29
tot contact: 27
tot contact: 29
tot contact: 30
tot contact: 29
tot contact: 29
tot contact: 27
tot contact: 24
tot contact: 25
tot contact: 31
tot contact: 26
tot contact: 23
tot contact: 26
tot contact: 29
done grad
iter:  18
[I 10/02/26 14:15:17.328 12828] [swap_chain.cpp:dump_image_buffer@164] Dumping image buffer...
init time: 0.00025081634521484375
contact time: 0.0030002593994140625
tot contact: 29
contact analysis time: 0.0004830360412597656
solving time: 0.4219639301300049 iter: 8
tot_time: 0.46210360527038574
init time: 0.00029015541076660156
contact time: 0.0031578540802001953
tot contact: 26
contact analysis time: 0.0004711151123046875
solving time: 0.46767735481262207 iter: 9
tot_time: 0.9388515949249268
init time: 0.0002472400665283203
contact time: 0.0033245086669921875
tot contact: 23
contact analysis time: 0.0004856586456298828
solving time: 0.46875 iter: 9
tot_time: 1.416710615158081
init time: 0.0003154277801513672
contact time: 0.003419160842895508
tot contact: 26
contact analysis time: 0.0005238056182861328
solving time: 0.5782012939453125 iter: 11
tot_time: 2.004138708114624
init time: 0.00030684471130371094
contact time: 0.0038025379180908203
tot contact: 31
contact analysis time: 0.0005364418029785156
solving time: 0.9238641262054443 iter: 15
tot_time: 2.9381306171417236
init time: 0.0002694129943847656
contact time: 0.003610372543334961
tot contact: 25
contact analysis time: 0.00048041343688964844
solving time: 0.7938745021820068 iter: 14
tot_time: 3.7413973808288574
init time: 0.0003044605255126953
contact time: 0.003486156463623047
tot contact: 24
contact analysis time: 0.0005731582641601562
solving time: 0.7125651836395264 iter: 13
tot_time: 4.463297367095947
init time: 0.0002410411834716797
contact time: 0.0035982131958007812
tot contact: 26
contact analysis time: 0.00047516822814941406
solving time: 0.9047267436981201 iter: 15
tot_time: 5.377420663833618
init time: 0.00024080276489257812
contact time: 0.0035295486450195312
tot contact: 29
contact analysis time: 0.0004668235778808594
solving time: 0.9446818828582764 iter: 15
tot_time: 6.331292152404785
init time: 0.00034117698669433594
contact time: 0.003591299057006836
tot contact: 29
contact analysis time: 0.0005497932434082031
solving time: 0.9446792602539062 iter: 15
tot_time: 7.285461187362671
init time: 0.00023889541625976562
contact time: 0.0036466121673583984
tot contact: 30
contact analysis time: 0.0005435943603515625
solving time: 0.9469976425170898 iter: 15
tot_time: 8.241852760314941
init time: 0.0002503395080566406
contact time: 0.0036437511444091797
tot contact: 29
contact analysis time: 0.0004792213439941406
solving time: 0.9553592205047607 iter: 15
tot_time: 9.206499576568604
init time: 0.00023627281188964844
contact time: 0.003699779510498047
tot contact: 27
contact analysis time: 0.00047588348388671875
solving time: 0.9518358707427979 iter: 15
tot_time: 10.167788743972778
init time: 0.0002491474151611328
contact time: 0.003724336624145508
tot contact: 29
contact analysis time: 0.0005450248718261719
solving time: 0.8871588706970215 iter: 14
tot_time: 11.064362525939941
init time: 0.00023603439331054688
contact time: 0.003786325454711914
tot contact: 28
contact analysis time: 0.0004680156707763672
solving time: 0.9484186172485352 iter: 15
tot_time: 12.022351026535034
init time: 0.00024580955505371094
contact time: 0.0036733150482177734
tot contact: 29
contact analysis time: 0.0006120204925537109
solving time: 0.9412086009979248 iter: 15
tot_time: 12.973026037216187
init time: 0.0002396106719970703
contact time: 0.0037207603454589844
tot contact: 32
contact analysis time: 0.0004878044128417969
solving time: 0.9553592205047607 iter: 15
tot_time: 13.937956094741821
init time: 0.0002536773681640625
contact time: 0.0037140846252441406
tot contact: 31
contact analysis time: 0.0004897117614746094
solving time: 0.9554710388183594 iter: 15
tot_time: 14.902808904647827
init time: 0.0004801750183105469
contact time: 0.0041201114654541016
tot contact: 32
contact analysis time: 0.0006327629089355469
solving time: 0.9518492221832275 iter: 15
tot_time: 15.86724853515625
init time: 0.000247955322265625
contact time: 0.0036728382110595703
tot contact: 31
contact analysis time: 0.0004775524139404297
solving time: 0.9527900218963623 iter: 15
tot_time: 16.82945156097412
init time: 0.00031304359436035156
contact time: 0.0036497116088867188
tot contact: 30
contact analysis time: 0.0005488395690917969
solving time: 0.9452104568481445 iter: 15
tot_time: 17.784122705459595
init time: 0.0002484321594238281
contact time: 0.003745555877685547
tot contact: 32
contact analysis time: 0.00047087669372558594
solving time: 0.9595258235931396 iter: 15
tot_time: 18.753239154815674
init time: 0.0002446174621582031
contact time: 0.0037450790405273438
tot contact: 33
contact analysis time: 0.0004906654357910156
solving time: 0.9674835205078125 iter: 15
tot_time: 19.73012661933899
init time: 0.0002384185791015625
contact time: 0.003692626953125
tot contact: 33
contact analysis time: 0.00047469139099121094
solving time: 0.9592030048370361 iter: 15
tot_time: 20.69885277748108
init time: 0.0002503395080566406
contact time: 0.003683328628540039
tot contact: 32
contact analysis time: 0.0004820823669433594
solving time: 0.9621915817260742 iter: 15
tot_time: 21.670366287231445
init time: 0.0003161430358886719
contact time: 0.003766298294067383
tot contact: 32
contact analysis time: 0.0004851818084716797
solving time: 0.9558842182159424 iter: 15
tot_time: 22.635887622833252
init time: 0.0003077983856201172
contact time: 0.0038781166076660156
tot contact: 33
contact analysis time: 0.0005478858947753906
solving time: 0.9600470066070557 iter: 15
tot_time: 23.606236457824707
init time: 0.0003437995910644531
contact time: 0.0037255287170410156
tot contact: 34
contact analysis time: 0.0005688667297363281
solving time: 0.9544541835784912 iter: 15
tot_time: 24.570289611816406
init time: 0.0002491474151611328
contact time: 0.0038475990295410156
tot contact: 36
contact analysis time: 0.0004773139953613281
solving time: 0.9578061103820801 iter: 15
tot_time: 25.537778854370117
init time: 0.0002472400665283203
contact time: 0.0038542747497558594
tot contact: 29
contact analysis time: 0.0005102157592773438
solving time: 0.9569435119628906 iter: 15
tot_time: 26.50426483154297
init time: 0.00024127960205078125
contact time: 0.003754854202270508
tot contact: 24
contact analysis time: 0.000476837158203125
solving time: 0.919999361038208 iter: 15
tot_time: 27.433845281600952
init time: 0.0002446174621582031
contact time: 0.003702878952026367
tot contact: 24
contact analysis time: 0.0004949569702148438
solving time: 0.9180216789245605 iter: 15
tot_time: 28.361225843429565
init time: 0.0003077983856201172
contact time: 0.003742218017578125
tot contact: 27
contact analysis time: 0.0004658699035644531
solving time: 0.9417891502380371 iter: 15
tot_time: 29.312413930892944
init time: 0.00024628639221191406
contact time: 0.003754854202270508
tot contact: 24
contact analysis time: 0.0004832744598388672
solving time: 0.7473535537719727 iter: 12
tot_time: 30.069172859191895
init time: 0.0002732276916503906
contact time: 0.00388336181640625
tot contact: 24
contact analysis time: 0.0005123615264892578
solving time: 0.9411485195159912 iter: 15
tot_time: 31.020307540893555
init time: 0.00023627281188964844
contact time: 0.0038204193115234375
tot contact: 26
contact analysis time: 0.0004737377166748047
solving time: 0.9694116115570068 iter: 15
tot_time: 31.999274730682373
init time: 0.0002474784851074219
contact time: 0.003677845001220703
tot contact: 24
contact analysis time: 0.0004942417144775391
solving time: 0.964475154876709 iter: 15
tot_time: 32.9731068611145
init time: 0.0003204345703125
contact time: 0.0037467479705810547
tot contact: 23
contact analysis time: 0.0004696846008300781
solving time: 0.9644608497619629 iter: 15
tot_time: 33.947163105010986
init time: 0.00023746490478515625
contact time: 0.0036776065826416016
tot contact: 18
contact analysis time: 0.0004980564117431641
solving time: 0.9395394325256348 iter: 15
tot_time: 34.896023750305176
init time: 0.0003590583801269531
contact time: 0.003710031509399414
tot contact: 19
contact analysis time: 0.0005300045013427734
solving time: 0.9573616981506348 iter: 15
tot_time: 35.86294364929199
init time: 0.00025177001953125
contact time: 0.0038137435913085938
tot contact: 19
contact analysis time: 0.0004780292510986328
solving time: 0.961392879486084 iter: 15
tot_time: 36.83389353752136
init time: 0.0002536773681640625
contact time: 0.0038073062896728516
tot contact: 18
contact analysis time: 0.0005071163177490234
solving time: 0.9354343414306641 iter: 15
tot_time: 37.77890086174011
init time: 0.00024390220642089844
contact time: 0.0036818981170654297
tot contact: 18
contact analysis time: 0.00048351287841796875
solving time: 0.935513973236084 iter: 15
tot_time: 38.72382044792175
init time: 0.00025391578674316406
contact time: 0.0036695003509521484
tot contact: 20
contact analysis time: 0.0004923343658447266
solving time: 0.8806829452514648 iter: 14
tot_time: 39.613866567611694
init time: 0.0002391338348388672
contact time: 0.003727436065673828
tot contact: 18
contact analysis time: 0.00047516822814941406
solving time: 0.8358924388885498 iter: 14
tot_time: 40.45931386947632
init time: 0.0003113746643066406
contact time: 0.0037660598754882812
tot contact: 22
contact analysis time: 0.0006036758422851562
solving time: 0.7990128993988037 iter: 13
tot_time: 41.26825833320618
init time: 0.00024247169494628906
contact time: 0.003718852996826172
tot contact: 17
contact analysis time: 0.00046896934509277344
solving time: 0.8799319267272949 iter: 15
tot_time: 42.15757179260254
init time: 0.00031280517578125
contact time: 0.0036711692810058594
tot contact: 20
contact analysis time: 0.0004868507385253906
solving time: 0.9430530071258545 iter: 15
tot_time: 43.11020565032959
init time: 0.0002434253692626953
contact time: 0.0036153793334960938
tot contact: 18
contact analysis time: 0.0004870891571044922
solving time: 0.8675076961517334 iter: 14
tot_time: 43.98702049255371
tot_time: 43.98702836036682
total_reward: [-0.046209895831439425, -0.05104072691540746, -0.04904567769781764, -0.045700585579545684, -0.04229456341279594, -0.042003135904651975, -0.0415964755100213, -0.04099983669640499, -0.04042578611448546, -0.039655262645921965, -0.038883072312060535, -0.03819892705033534, -0.03744875790125622, -0.03670318733639744, -0.035901940058726704, -0.03503774805159924, -0.03424363731957691, -0.03338009669822248, -0.032387853813708144]
tot contact: 18
tot contact: 20
tot contact: 17
tot contact: 22
tot contact: 18
tot contact: 20
tot contact: 18
tot contact: 18
tot contact: 19
tot contact: 19
tot contact: 18
tot contact: 23
tot contact: 24
tot contact: 26
tot contact: 24
tot contact: 24
tot contact: 27
tot contact: 24
tot contact: 24
tot contact: 29
tot contact: 36
tot contact: 34
tot contact: 33
tot contact: 32
tot contact: 32
tot contact: 33
tot contact: 33
tot contact: 32
tot contact: 30
tot contact: 31
tot contact: 32
tot contact: 31
tot contact: 32
tot contact: 29
tot contact: 28
tot contact: 29
tot contact: 27
tot contact: 29
tot contact: 30
tot contact: 29
tot contact: 29
tot contact: 26
tot contact: 24
tot contact: 25
tot contact: 31
tot contact: 26
tot contact: 23
tot contact: 26
tot contact: 29
done grad
iter:  19
[I 10/02/26 14:16:04.548 12828] [swap_chain.cpp:dump_image_buffer@164] Dumping image buffer...
init time: 0.00025391578674316406
contact time: 0.003020763397216797
tot contact: 29
contact analysis time: 0.0004971027374267578
solving time: 0.42171192169189453 iter: 8
tot_time: 0.4619143009185791
init time: 0.0002434253692626953
contact time: 0.0031762123107910156
tot contact: 26
contact analysis time: 0.000484466552734375
solving time: 0.4691476821899414 iter: 9
tot_time: 0.9398760795593262
init time: 0.0003178119659423828
contact time: 0.0032258033752441406
tot contact: 23
contact analysis time: 0.0005497932434082031
solving time: 0.47115421295166016 iter: 9
tot_time: 1.420097827911377
init time: 0.00028133392333984375
contact time: 0.003659486770629883
tot contact: 26
contact analysis time: 0.0006737709045410156
solving time: 0.578779935836792 iter: 11
tot_time: 2.0089030265808105
init time: 0.00023937225341796875
contact time: 0.0036516189575195312
tot contact: 31
contact analysis time: 0.00048422813415527344
solving time: 0.9301919937133789 iter: 15
tot_time: 2.948568344116211
init time: 0.00024390220642089844
contact time: 0.003559589385986328
tot contact: 25
contact analysis time: 0.0004870891571044922
solving time: 0.79541015625 iter: 14
tot_time: 3.7533774375915527
init time: 0.00024247169494628906
contact time: 0.003573894500732422
tot contact: 25
contact analysis time: 0.00048804283142089844
solving time: 0.718698263168335 iter: 13
tot_time: 4.481268882751465
init time: 0.00024008750915527344
contact time: 0.0035276412963867188
tot contact: 26
contact analysis time: 0.00048542022705078125
solving time: 0.9048385620117188 iter: 15
tot_time: 5.39530873298645
init time: 0.0002548694610595703
contact time: 0.0036058425903320312
tot contact: 29
contact analysis time: 0.0004956722259521484
solving time: 0.9447729587554932 iter: 15
tot_time: 6.349446535110474
init time: 0.00023365020751953125
contact time: 0.003665447235107422
tot contact: 29
contact analysis time: 0.00048732757568359375
solving time: 0.9444887638092041 iter: 15
tot_time: 7.303372621536255
init time: 0.00023937225341796875
contact time: 0.0036215782165527344
tot contact: 30
contact analysis time: 0.0005052089691162109
solving time: 0.9555351734161377 iter: 15
tot_time: 8.268264055252075
init time: 0.00032830238342285156
contact time: 0.003635406494140625
tot contact: 29
contact analysis time: 0.00044655799865722656
solving time: 0.9574568271636963 iter: 15
tot_time: 9.235211610794067
init time: 0.000244140625
contact time: 0.003622293472290039
tot contact: 27
contact analysis time: 0.00048542022705078125
solving time: 0.9493741989135742 iter: 15
tot_time: 10.193924903869629
init time: 0.00023937225341796875
contact time: 0.0037920475006103516
tot contact: 29
contact analysis time: 0.0004894733428955078
solving time: 0.8897252082824707 iter: 14
tot_time: 11.093372821807861
init time: 0.0002644062042236328
contact time: 0.0037965774536132812
tot contact: 28
contact analysis time: 0.0005621910095214844
solving time: 0.9480822086334229 iter: 15
tot_time: 12.051054954528809
init time: 0.00023627281188964844
contact time: 0.0036878585815429688
tot contact: 29
contact analysis time: 0.00048470497131347656
solving time: 0.9492228031158447 iter: 15
tot_time: 13.009738206863403
init time: 0.0002613067626953125
contact time: 0.0037469863891601562
tot contact: 32
contact analysis time: 0.0004916191101074219
solving time: 0.947613000869751 iter: 15
tot_time: 13.967309474945068
init time: 0.0002377033233642578
contact time: 0.003748178482055664
tot contact: 31
contact analysis time: 0.00048732757568359375
solving time: 0.950549840927124 iter: 15
tot_time: 14.92732548713684
init time: 0.0002422332763671875
contact time: 0.003665924072265625
tot contact: 32
contact analysis time: 0.00046443939208984375
solving time: 0.9511630535125732 iter: 15
tot_time: 15.887822151184082
init time: 0.00031948089599609375
contact time: 0.0037386417388916016
tot contact: 31
contact analysis time: 0.00046825408935546875
solving time: 0.9546751976013184 iter: 15
tot_time: 16.852078676223755
init time: 0.00024390220642089844
contact time: 0.003668069839477539
tot contact: 30
contact analysis time: 0.0004734992980957031
solving time: 0.9474449157714844 iter: 15
tot_time: 17.808857917785645
init time: 0.00033664703369140625
contact time: 0.0036649703979492188
tot contact: 32
contact analysis time: 0.0005519390106201172
solving time: 0.9596896171569824 iter: 15
tot_time: 18.77819323539734
init time: 0.00024628639221191406
contact time: 0.0037615299224853516
tot contact: 33
contact analysis time: 0.0004858970642089844
solving time: 0.9614589214324951 iter: 15
tot_time: 19.749148845672607
init time: 0.0002505779266357422
contact time: 0.0037631988525390625
tot contact: 33
contact analysis time: 0.00047588348388671875
solving time: 0.9616067409515381 iter: 15
tot_time: 20.720246076583862
init time: 0.00024247169494628906
contact time: 0.0037910938262939453
tot contact: 33
contact analysis time: 0.0004963874816894531
solving time: 0.9662821292877197 iter: 15
tot_time: 21.696092128753662
init time: 0.00024366378784179688
contact time: 0.0037131309509277344
tot contact: 30
contact analysis time: 0.0004830360412597656
solving time: 0.9530587196350098 iter: 15
tot_time: 22.65865182876587
init time: 0.00044608116149902344
contact time: 0.003952741622924805
tot contact: 34
contact analysis time: 0.0005464553833007812
solving time: 0.9645707607269287 iter: 15
tot_time: 23.63472628593445
init time: 0.000244140625
contact time: 0.0037491321563720703
tot contact: 34
contact analysis time: 0.0004799365997314453
solving time: 0.960623025894165 iter: 15
tot_time: 24.60476016998291
init time: 0.0003345012664794922
contact time: 0.003875732421875
tot contact: 37
contact analysis time: 0.0005619525909423828
solving time: 0.9654805660247803 iter: 15
tot_time: 25.5802218914032
init time: 0.0002429485321044922
contact time: 0.0038373470306396484
tot contact: 30
contact analysis time: 0.0004756450653076172
solving time: 0.9600954055786133 iter: 15
tot_time: 26.549954891204834
init time: 0.0002472400665283203
contact time: 0.0037441253662109375
tot contact: 24
contact analysis time: 0.0005102157592773438
solving time: 0.9480714797973633 iter: 15
tot_time: 27.507482528686523
init time: 0.00024127960205078125
contact time: 0.0038526058197021484
tot contact: 24
contact analysis time: 0.0004911422729492188
solving time: 0.9232430458068848 iter: 15
tot_time: 28.44050884246826
init time: 0.000244140625
contact time: 0.0037496089935302734
tot contact: 27
contact analysis time: 0.0004940032958984375
solving time: 0.9465153217315674 iter: 15
tot_time: 29.396612644195557
init time: 0.00023794174194335938
contact time: 0.0037925243377685547
tot contact: 23
contact analysis time: 0.0004935264587402344
solving time: 0.6543529033660889 iter: 11
tot_time: 30.060534238815308
init time: 0.0002410411834716797
contact time: 0.0037865638732910156
tot contact: 27
contact analysis time: 0.0004870891571044922
solving time: 0.9459266662597656 iter: 15
tot_time: 31.015973329544067
init time: 0.0003039836883544922
contact time: 0.003776073455810547
tot contact: 25
contact analysis time: 0.0005593299865722656
solving time: 0.9531736373901367 iter: 15
tot_time: 31.978744506835938
init time: 0.000240325927734375
contact time: 0.0038003921508789062
tot contact: 24
contact analysis time: 0.0004634857177734375
solving time: 0.9599778652191162 iter: 15
tot_time: 32.94925904273987
init time: 0.00024175643920898438
contact time: 0.0037627220153808594
tot contact: 23
contact analysis time: 0.0004990100860595703
solving time: 0.9637351036071777 iter: 15
tot_time: 33.9225070476532
init time: 0.0002357959747314453
contact time: 0.003727436065673828
tot contact: 18
contact analysis time: 0.0005061626434326172
solving time: 0.8149368762969971 iter: 13
tot_time: 34.746978759765625
init time: 0.0002703666687011719
contact time: 0.0037729740142822266
tot contact: 19
contact analysis time: 0.0004975795745849609
solving time: 0.954230785369873 iter: 15
tot_time: 35.71080994606018
init time: 0.0003306865692138672
contact time: 0.003958463668823242
tot contact: 19
contact analysis time: 0.0005590915679931641
solving time: 0.9540092945098877 iter: 15
tot_time: 36.67494320869446
init time: 0.0002760887145996094
contact time: 0.003748655319213867
tot contact: 18
contact analysis time: 0.0005228519439697266
solving time: 0.9279830455780029 iter: 15
tot_time: 37.61306357383728
init time: 0.00042057037353515625
contact time: 0.0038177967071533203
tot contact: 18
contact analysis time: 0.000713348388671875
solving time: 0.9280798435211182 iter: 15
tot_time: 38.55218744277954
init time: 0.0002429485321044922
contact time: 0.0037403106689453125
tot contact: 19
contact analysis time: 0.0004975795745849609
solving time: 0.9453141689300537 iter: 15
tot_time: 39.50711798667908
init time: 0.0003829002380371094
contact time: 0.0041255950927734375
tot contact: 18
contact analysis time: 0.0005824565887451172
solving time: 0.8272137641906738 iter: 14
tot_time: 40.34627389907837
init time: 0.00024056434631347656
contact time: 0.003722667694091797
tot contact: 22
contact analysis time: 0.0004899501800537109
solving time: 0.8581387996673584 iter: 14
tot_time: 41.21391034126282
init time: 0.0003135204315185547
contact time: 0.003620147705078125
tot contact: 17
contact analysis time: 0.0005440711975097656
solving time: 0.8755013942718506 iter: 15
tot_time: 42.09885120391846
init time: 0.00025725364685058594
contact time: 0.0037364959716796875
tot contact: 20
contact analysis time: 0.0004949569702148438
solving time: 0.9366955757141113 iter: 15
tot_time: 43.04511857032776
init time: 0.00024247169494628906
contact time: 0.0036635398864746094
tot contact: 18
contact analysis time: 0.0004868507385253906
solving time: 0.9310104846954346 iter: 15
tot_time: 43.9855055809021
tot_time: 43.98551344871521
total_reward: [-0.046209895831439425, -0.05104072691540746, -0.04904567769781764, -0.045700585579545684, -0.04229456341279594, -0.042003135904651975, -0.0415964755100213, -0.04099983669640499, -0.04042578611448546, -0.039655262645921965, -0.038883072312060535, -0.03819892705033534, -0.03744875790125622, -0.03670318733639744, -0.035901940058726704, -0.03503774805159924, -0.03424363731957691, -0.03338009669822248, -0.032387853813708144, -0.03135784108346381]
tot contact: 18
tot contact: 20
tot contact: 17
tot contact: 22
tot contact: 18
tot contact: 19
tot contact: 18
tot contact: 18
tot contact: 19
tot contact: 19
tot contact: 18
tot contact: 23
tot contact: 24
tot contact: 25
tot contact: 27
tot contact: 23
tot contact: 27
tot contact: 24
tot contact: 24
tot contact: 30
tot contact: 37
tot contact: 34
tot contact: 34
tot contact: 30
tot contact: 33
tot contact: 33
tot contact: 33
tot contact: 32
tot contact: 30
tot contact: 31
tot contact: 32
tot contact: 31
tot contact: 32
tot contact: 29
tot contact: 28
tot contact: 29
tot contact: 27
tot contact: 29
tot contact: 30
tot contact: 29
tot contact: 29
tot contact: 26
tot contact: 25
tot contact: 25
tot contact: 31
tot contact: 26
tot contact: 23
tot contact: 26
tot contact: 29
done grad
iter:  20
[I 10/02/26 14:16:51.763 12828] [swap_chain.cpp:dump_image_buffer@164] Dumping image buffer...
init time: 0.00034117698669433594
contact time: 0.002936840057373047
tot contact: 29
contact analysis time: 0.0005743503570556641
solving time: 0.44251465797424316 iter: 8
tot_time: 0.482891321182251
init time: 0.000240325927734375
contact time: 0.0031595230102539062
tot contact: 26
contact analysis time: 0.0004980564117431641
solving time: 0.4729607105255127 iter: 9
tot_time: 0.9647493362426758
init time: 0.0002663135528564453
contact time: 0.003367185592651367
tot contact: 23
contact analysis time: 0.00048065185546875
solving time: 0.4708743095397949 iter: 9
tot_time: 1.445127248764038
init time: 0.0002551078796386719
contact time: 0.0034635066986083984
tot contact: 26
contact analysis time: 0.0005035400390625
solving time: 0.5777721405029297 iter: 11
tot_time: 2.032363176345825
init time: 0.00037097930908203125
contact time: 0.0036478042602539062
tot contact: 31
contact analysis time: 0.0005002021789550781
solving time: 0.8986079692840576 iter: 15
tot_time: 2.9421353340148926
init time: 0.00031566619873046875
contact time: 0.0035250186920166016
tot contact: 25
contact analysis time: 0.0005652904510498047
solving time: 0.7919454574584961 iter: 14
tot_time: 3.7435457706451416
init time: 0.00024509429931640625
contact time: 0.0035178661346435547
tot contact: 25
contact analysis time: 0.0004878044128417969
solving time: 0.7176384925842285 iter: 13
tot_time: 4.470378398895264
init time: 0.00023746490478515625
contact time: 0.003554821014404297
tot contact: 26
contact analysis time: 0.00047206878662109375
solving time: 0.9265711307525635 iter: 15
tot_time: 5.406197786331177
init time: 0.0002620220184326172
contact time: 0.003976345062255859
tot contact: 29
contact analysis time: 0.0007414817810058594
solving time: 0.9412479400634766 iter: 15
tot_time: 6.357389688491821
init time: 0.0002446174621582031
contact time: 0.0037109851837158203
tot contact: 30
contact analysis time: 0.0004889965057373047
solving time: 0.9534735679626465 iter: 15
tot_time: 7.320762395858765
init time: 0.0002999305725097656
contact time: 0.0036649703979492188
tot contact: 30
contact analysis time: 0.0005202293395996094
solving time: 0.945819616317749 iter: 15
tot_time: 8.27716612815857
init time: 0.0003216266632080078
contact time: 0.0036721229553222656
tot contact: 29
contact analysis time: 0.0005061626434326172
solving time: 0.949925422668457 iter: 15
tot_time: 9.23660135269165
init time: 0.000240325927734375
contact time: 0.003641843795776367
tot contact: 27
contact analysis time: 0.00047278404235839844
solving time: 0.9504227638244629 iter: 15
tot_time: 10.196394443511963
init time: 0.0003368854522705078
contact time: 0.0037496089935302734
tot contact: 29
contact analysis time: 0.0005364418029785156
solving time: 0.9078028202056885 iter: 14
tot_time: 11.113807439804077
init time: 0.00023937225341796875
contact time: 0.004067897796630859
tot contact: 28
contact analysis time: 0.0006735324859619141
solving time: 0.9535577297210693 iter: 15
tot_time: 12.077252626419067
init time: 0.00024962425231933594
contact time: 0.003607511520385742
tot contact: 29
contact analysis time: 0.0005552768707275391
solving time: 0.9602186679840088 iter: 15
tot_time: 13.046818733215332
init time: 0.0002536773681640625
contact time: 0.0037412643432617188
tot contact: 32
contact analysis time: 0.0005040168762207031
solving time: 0.9531881809234619 iter: 15
tot_time: 14.00976037979126
init time: 0.00024318695068359375
contact time: 0.0037910938262939453
tot contact: 32
contact analysis time: 0.0004937648773193359
solving time: 0.9560840129852295 iter: 15
tot_time: 14.97550082206726
init time: 0.00023984909057617188
contact time: 0.003732919692993164
tot contact: 32
contact analysis time: 0.00048422813415527344
solving time: 0.9545097351074219 iter: 15
tot_time: 15.9398193359375
init time: 0.00048542022705078125
contact time: 0.004057168960571289
tot contact: 31
contact analysis time: 0.0005221366882324219
solving time: 0.9512803554534912 iter: 15
tot_time: 16.9056339263916
init time: 0.00031876564025878906
contact time: 0.0037233829498291016
tot contact: 31
contact analysis time: 0.00047898292541503906
solving time: 0.9473738670349121 iter: 15
tot_time: 17.86260986328125
init time: 0.00024199485778808594
contact time: 0.0037369728088378906
tot contact: 32
contact analysis time: 0.0005180835723876953
solving time: 0.9642353057861328 iter: 15
tot_time: 18.836297035217285
init time: 0.0003094673156738281
contact time: 0.003674745559692383
tot contact: 33
contact analysis time: 0.0005626678466796875
solving time: 0.9600625038146973 iter: 15
tot_time: 19.805922269821167
init time: 0.0002453327178955078
contact time: 0.003708362579345703
tot contact: 33
contact analysis time: 0.0004942417144775391
solving time: 0.9605584144592285 iter: 15
tot_time: 20.77603006362915
init time: 0.0002415180206298828
contact time: 0.003759145736694336
tot contact: 32
contact analysis time: 0.00048613548278808594
solving time: 0.9572911262512207 iter: 15
tot_time: 21.742693424224854
init time: 0.00023818016052246094
contact time: 0.003738880157470703
tot contact: 29
contact analysis time: 0.0004858970642089844
solving time: 0.9540481567382812 iter: 15
tot_time: 22.706313371658325
init time: 0.0002446174621582031
contact time: 0.003731966018676758
tot contact: 34
contact analysis time: 0.00048542022705078125
solving time: 0.9587423801422119 iter: 15
tot_time: 23.674476385116577
init time: 0.0003848075866699219
contact time: 0.003926753997802734
tot contact: 35
contact analysis time: 0.0005214214324951172
solving time: 0.9524827003479004 iter: 15
tot_time: 24.636900663375854
init time: 0.00026035308837890625
contact time: 0.00382232666015625
tot contact: 37
contact analysis time: 0.0004990100860595703
solving time: 0.9586811065673828 iter: 15
tot_time: 25.605143070220947
init time: 0.0004470348358154297
contact time: 0.003928422927856445
tot contact: 30
contact analysis time: 0.0006420612335205078
solving time: 0.9612562656402588 iter: 15
tot_time: 26.578087091445923
init time: 0.0002655982971191406
contact time: 0.003825664520263672
tot contact: 24
contact analysis time: 0.0004894733428955078
solving time: 0.9422438144683838 iter: 15
tot_time: 27.52999448776245
init time: 0.00025010108947753906
contact time: 0.003798246383666992
tot contact: 24
contact analysis time: 0.0004940032958984375
solving time: 0.9248862266540527 iter: 15
tot_time: 28.464328289031982
init time: 0.00023984909057617188
contact time: 0.0037908554077148438
tot contact: 27
contact analysis time: 0.0005047321319580078
solving time: 0.9566030502319336 iter: 15
tot_time: 29.430556058883667
init time: 0.00023293495178222656
contact time: 0.0036840438842773438
tot contact: 23
contact analysis time: 0.0004761219024658203
solving time: 0.6526718139648438 iter: 11
tot_time: 30.09257745742798
init time: 0.00023293495178222656
contact time: 0.003815889358520508
tot contact: 27
contact analysis time: 0.0004553794860839844
solving time: 0.9474825859069824 iter: 15
tot_time: 31.04970145225525
init time: 0.0002448558807373047
contact time: 0.003845691680908203
tot contact: 25
contact analysis time: 0.0004968643188476562
solving time: 0.9480109214782715 iter: 15
tot_time: 32.00726795196533
init time: 0.00023245811462402344
contact time: 0.0037603378295898438
tot contact: 24
contact analysis time: 0.0004799365997314453
solving time: 0.9538967609405518 iter: 15
tot_time: 32.97067737579346
init time: 0.0002512931823730469
contact time: 0.003688335418701172
tot contact: 24
contact analysis time: 0.0004937648773193359
solving time: 0.9572677612304688 iter: 15
tot_time: 33.937278509140015
init time: 0.00032258033752441406
contact time: 0.0037086009979248047
tot contact: 18
contact analysis time: 0.0004863739013671875
solving time: 0.8327200412750244 iter: 13
tot_time: 34.77946710586548
init time: 0.00023603439331054688
contact time: 0.003785371780395508
tot contact: 19
contact analysis time: 0.0004956722259521484
solving time: 0.8893735408782959 iter: 14
tot_time: 35.678274154663086
init time: 0.00024008750915527344
contact time: 0.0038292407989501953
tot contact: 19
contact analysis time: 0.0004870891571044922
solving time: 0.968184232711792 iter: 15
tot_time: 36.655996799468994
init time: 0.0002446174621582031
contact time: 0.003808736801147461
tot contact: 18
contact analysis time: 0.0005049705505371094
solving time: 0.927152156829834 iter: 15
tot_time: 37.592609167099
init time: 0.000240325927734375
contact time: 0.003775358200073242
tot contact: 19
contact analysis time: 0.000457763671875
solving time: 0.9433693885803223 iter: 15
tot_time: 38.54546070098877
init time: 0.00026154518127441406
contact time: 0.003734111785888672
tot contact: 19
contact analysis time: 0.0004901885986328125
solving time: 0.9473292827606201 iter: 15
tot_time: 39.50249147415161
init time: 0.00029778480529785156
contact time: 0.0036373138427734375
tot contact: 17
contact analysis time: 0.000545501708984375
solving time: 0.9011001586914062 iter: 15
tot_time: 40.41302275657654
init time: 0.0002465248107910156
contact time: 0.0037937164306640625
tot contact: 22
contact analysis time: 0.0005004405975341797
solving time: 0.9182250499725342 iter: 15
tot_time: 41.34077167510986
init time: 0.0002415180206298828
contact time: 0.0036706924438476562
tot contact: 17
contact analysis time: 0.00047588348388671875
solving time: 0.8761718273162842 iter: 15
tot_time: 42.226293087005615
init time: 0.0002372264862060547
contact time: 0.003634929656982422
tot contact: 19
contact analysis time: 0.0004744529724121094
solving time: 0.9325475692749023 iter: 15
tot_time: 43.16819977760315
init time: 0.0002448558807373047
contact time: 0.0036187171936035156
tot contact: 18
contact analysis time: 0.0004856586456298828
solving time: 0.9317145347595215 iter: 15
tot_time: 44.10921573638916
tot_time: 44.10922336578369
total_reward: [-0.046209895831439425, -0.05104072691540746, -0.04904567769781764, -0.045700585579545684, -0.04229456341279594, -0.042003135904651975, -0.0415964755100213, -0.04099983669640499, -0.04042578611448546, -0.039655262645921965, -0.038883072312060535, -0.03819892705033534, -0.03744875790125622, -0.03670318733639744, -0.035901940058726704, -0.03503774805159924, -0.03424363731957691, -0.03338009669822248, -0.032387853813708144, -0.03135784108346381, -0.03037617499477165]
tot contact: 18
tot contact: 19
tot contact: 17
tot contact: 22
tot contact: 17
tot contact: 19
tot contact: 19
tot contact: 18
tot contact: 19
tot contact: 19
tot contact: 18
tot contact: 24
tot contact: 24
tot contact: 25
tot contact: 27
tot contact: 23
tot contact: 27
tot contact: 24
tot contact: 24
tot contact: 30
tot contact: 37
tot contact: 35
tot contact: 34
tot contact: 29
tot contact: 32
tot contact: 33
tot contact: 33
tot contact: 32
tot contact: 31
tot contact: 31
tot contact: 32
tot contact: 32
tot contact: 32
tot contact: 29
tot contact: 28
tot contact: 29
tot contact: 27
tot contact: 29
tot contact: 30
tot contact: 30
tot contact: 29
tot contact: 26
tot contact: 25
tot contact: 25
tot contact: 31
tot contact: 26
tot contact: 23
tot contact: 26
tot contact: 29
done grad
iter:  21
[I 10/02/26 14:17:39.102 12828] [swap_chain.cpp:dump_image_buffer@164] Dumping image buffer...
init time: 0.0002570152282714844
contact time: 0.0029954910278320312
tot contact: 29
contact analysis time: 0.0004856586456298828
solving time: 0.44393014907836914 iter: 8
tot_time: 0.4843897819519043
init time: 0.0002384185791015625
contact time: 0.003135204315185547
tot contact: 26
contact analysis time: 0.00047898292541503906
solving time: 0.47156238555908203 iter: 9
tot_time: 0.9649364948272705
init time: 0.00024366378784179688
contact time: 0.003308534622192383
tot contact: 23
contact analysis time: 0.0004730224609375
solving time: 0.4681887626647949 iter: 9
tot_time: 1.442054271697998
init time: 0.0003190040588378906
contact time: 0.003447294235229492
tot contact: 27
contact analysis time: 0.0005500316619873047
solving time: 0.6053347587585449 iter: 11
tot_time: 2.0567150115966797
init time: 0.000244140625
contact time: 0.0036144256591796875
tot contact: 31
contact analysis time: 0.0004792213439941406
solving time: 0.9124624729156494 iter: 15
tot_time: 2.978440999984741
init time: 0.0002422332763671875
contact time: 0.003610372543334961
tot contact: 26
contact analysis time: 0.0005540847778320312
solving time: 0.8687033653259277 iter: 15
tot_time: 3.856564521789551
init time: 0.00024509429931640625
contact time: 0.0036079883575439453
tot contact: 25
contact analysis time: 0.0004851818084716797
solving time: 0.7823822498321533 iter: 14
tot_time: 4.648364543914795
init time: 0.00031113624572753906
contact time: 0.0034606456756591797
tot contact: 27
contact analysis time: 0.0005393028259277344
solving time: 0.8767092227935791 iter: 15
tot_time: 5.534377098083496
init time: 0.000244140625
contact time: 0.0035605430603027344
tot contact: 29
contact analysis time: 0.0004744529724121094
solving time: 0.9407949447631836 iter: 15
tot_time: 6.484496831893921
init time: 0.00024628639221191406
contact time: 0.003647327423095703
tot contact: 29
contact analysis time: 0.00047850608825683594
solving time: 0.955557107925415 iter: 15
tot_time: 7.449350118637085
init time: 0.00024080276489257812
contact time: 0.003648519515991211
tot contact: 29
contact analysis time: 0.0004868507385253906
solving time: 0.9561769962310791 iter: 15
tot_time: 8.414922714233398
init time: 0.00024509429931640625
contact time: 0.0035889148712158203
tot contact: 29
contact analysis time: 0.00048160552978515625
solving time: 0.9521434307098389 iter: 15
tot_time: 9.37636423110962
init time: 0.0003094673156738281
contact time: 0.003617525100708008
tot contact: 27
contact analysis time: 0.0004792213439941406
solving time: 0.94539475440979 iter: 15
tot_time: 10.331215620040894
init time: 0.0002377033233642578
contact time: 0.003714323043823242
tot contact: 28
contact analysis time: 0.00048542022705078125
solving time: 0.8866677284240723 iter: 14
tot_time: 11.227282762527466
init time: 0.0003154277801513672
contact time: 0.003791332244873047
tot contact: 28
contact analysis time: 0.0004911422729492188
solving time: 0.9424247741699219 iter: 15
tot_time: 12.17941689491272
init time: 0.00026917457580566406
contact time: 0.0036323070526123047
tot contact: 29
contact analysis time: 0.0004825592041015625
solving time: 0.9499938488006592 iter: 15
tot_time: 13.138792037963867
init time: 0.00031876564025878906
contact time: 0.003644704818725586
tot contact: 32
contact analysis time: 0.0005364418029785156
solving time: 0.9527699947357178 iter: 15
tot_time: 14.101038455963135
init time: 0.00024890899658203125
contact time: 0.0037543773651123047
tot contact: 32
contact analysis time: 0.0004634857177734375
solving time: 0.9528722763061523 iter: 15
tot_time: 15.06341004371643
init time: 0.0002529621124267578
contact time: 0.0037238597869873047
tot contact: 32
contact analysis time: 0.0004904270172119141
solving time: 0.9514083862304688 iter: 15
tot_time: 16.024250030517578
init time: 0.00023889541625976562
contact time: 0.0036928653717041016
tot contact: 31
contact analysis time: 0.00048160552978515625
solving time: 0.9537036418914795 iter: 15
tot_time: 16.987380027770996
init time: 0.00036907196044921875
contact time: 0.003908634185791016
tot contact: 30
contact analysis time: 0.0005533695220947266
solving time: 0.9485869407653809 iter: 15
tot_time: 17.94755482673645
init time: 0.0003380775451660156
contact time: 0.0037207603454589844
tot contact: 31
contact analysis time: 0.0004596710205078125
solving time: 0.9673805236816406 iter: 15
tot_time: 18.924471378326416
init time: 0.00038361549377441406
contact time: 0.003937959671020508
tot contact: 33
contact analysis time: 0.0005872249603271484
solving time: 0.964108943939209 iter: 15
tot_time: 19.898420095443726
init time: 0.0003190040588378906
contact time: 0.0036554336547851562
tot contact: 34
contact analysis time: 0.0005769729614257812
solving time: 0.9701576232910156 iter: 15
tot_time: 20.878070831298828
init time: 0.0002510547637939453
contact time: 0.003904581069946289
tot contact: 31
contact analysis time: 0.00048804283142089844
solving time: 0.9538695812225342 iter: 15
tot_time: 21.841721534729004
init time: 0.0002460479736328125
contact time: 0.00374603271484375
tot contact: 29
contact analysis time: 0.0004930496215820312
solving time: 0.9512403011322021 iter: 15
tot_time: 22.802472591400146
init time: 0.0002391338348388672
contact time: 0.0037996768951416016
tot contact: 34
contact analysis time: 0.00048351287841796875
solving time: 0.9594266414642334 iter: 15
tot_time: 23.77149534225464
init time: 0.00024890899658203125
contact time: 0.003739595413208008
tot contact: 35
contact analysis time: 0.00048613548278808594
solving time: 0.9600377082824707 iter: 15
tot_time: 24.74100399017334
init time: 0.0003211498260498047
contact time: 0.003869295120239258
tot contact: 36
contact analysis time: 0.0004906654357910156
solving time: 0.9691455364227295 iter: 15
tot_time: 25.719898462295532
init time: 0.00024056434631347656
contact time: 0.003776073455810547
tot contact: 30
contact analysis time: 0.0004782676696777344
solving time: 0.9769618511199951 iter: 15
tot_time: 26.70630717277527
init time: 0.0003116130828857422
contact time: 0.0037610530853271484
tot contact: 21
contact analysis time: 0.0005533695220947266
solving time: 0.945622444152832 iter: 15
tot_time: 27.661561012268066
init time: 0.0003936290740966797
contact time: 0.004227876663208008
tot contact: 23
contact analysis time: 0.0006577968597412109
solving time: 0.9691321849822998 iter: 15
tot_time: 28.643067598342896
init time: 0.00024271011352539062
contact time: 0.0038187503814697266
tot contact: 26
contact analysis time: 0.0004799365997314453
solving time: 0.9251043796539307 iter: 14
tot_time: 29.57772159576416
init time: 0.0002455711364746094
contact time: 0.003742694854736328
tot contact: 23
contact analysis time: 0.0004813671112060547
solving time: 0.7571113109588623 iter: 12
tot_time: 30.34436821937561
init time: 0.00024771690368652344
contact time: 0.003862142562866211
tot contact: 27
contact analysis time: 0.0004899501800537109
solving time: 0.9597649574279785 iter: 15
tot_time: 31.313642024993896
init time: 0.00032520294189453125
contact time: 0.0037581920623779297
tot contact: 25
contact analysis time: 0.0006406307220458984
solving time: 0.957495927810669 iter: 15
tot_time: 32.280757904052734
init time: 0.000240325927734375
contact time: 0.0038216114044189453
tot contact: 24
contact analysis time: 0.00047659873962402344
solving time: 0.9573299884796143 iter: 15
tot_time: 33.247615337371826
init time: 0.0002448558807373047
contact time: 0.003786325454711914
tot contact: 24
contact analysis time: 0.0004863739013671875
solving time: 0.964857816696167 iter: 15
tot_time: 34.22193121910095
init time: 0.00023436546325683594
contact time: 0.0037403106689453125
tot contact: 17
contact analysis time: 0.00048065185546875
solving time: 0.7979443073272705 iter: 13
tot_time: 35.029380083084106
init time: 0.0003342628479003906
contact time: 0.003751039505004883
tot contact: 20
contact analysis time: 0.0005512237548828125
solving time: 0.960639476776123 iter: 15
tot_time: 35.99982285499573
init time: 0.00023794174194335938
contact time: 0.003876924514770508
tot contact: 19
contact analysis time: 0.0004782676696777344
solving time: 0.8922989368438721 iter: 14
tot_time: 36.901654958724976
init time: 0.0003116130828857422
contact time: 0.003741025924682617
tot contact: 18
contact analysis time: 0.000461578369140625
solving time: 0.9331796169281006 iter: 15
tot_time: 37.84451365470886
init time: 0.00024247169494628906
contact time: 0.0037152767181396484
tot contact: 19
contact analysis time: 0.0004875659942626953
solving time: 0.9459347724914551 iter: 15
tot_time: 38.79978013038635
init time: 0.00032448768615722656
contact time: 0.003655672073364258
tot contact: 19
contact analysis time: 0.0005192756652832031
solving time: 0.9448323249816895 iter: 15
tot_time: 39.75407075881958
init time: 0.00024008750915527344
contact time: 0.003729581832885742
tot contact: 17
contact analysis time: 0.000492095947265625
solving time: 0.9038364887237549 iter: 15
tot_time: 40.66733932495117
init time: 0.0002410411834716797
contact time: 0.003668546676635742
tot contact: 22
contact analysis time: 0.0004813671112060547
solving time: 0.9275715351104736 iter: 15
tot_time: 41.60424590110779
init time: 0.00023984909057617188
contact time: 0.0037055015563964844
tot contact: 17
contact analysis time: 0.0004792213439941406
solving time: 0.8796062469482422 iter: 15
tot_time: 42.49328851699829
init time: 0.00031876564025878906
contact time: 0.003768444061279297
tot contact: 19
contact analysis time: 0.0005462169647216797
solving time: 0.9119095802307129 iter: 15
tot_time: 43.41511297225952
init time: 0.0003108978271484375
contact time: 0.0036530494689941406
tot contact: 18
contact analysis time: 0.0004868507385253906
solving time: 0.9346950054168701 iter: 15
tot_time: 44.35925364494324
tot_time: 44.35926151275635
total_reward: [-0.046209895831439425, -0.05104072691540746, -0.04904567769781764, -0.045700585579545684, -0.04229456341279594, -0.042003135904651975, -0.0415964755100213, -0.04099983669640499, -0.04042578611448546, -0.039655262645921965, -0.038883072312060535, -0.03819892705033534, -0.03744875790125622, -0.03670318733639744, -0.035901940058726704, -0.03503774805159924, -0.03424363731957691, -0.03338009669822248, -0.032387853813708144, -0.03135784108346381, -0.03037617499477165, -0.029609617762992212]
tot contact: 18
tot contact: 19
tot contact: 17
tot contact: 22
tot contact: 17
tot contact: 19
tot contact: 19
tot contact: 18
tot contact: 19
tot contact: 20
tot contact: 17
tot contact: 24
tot contact: 24
tot contact: 25
tot contact: 27
tot contact: 23
tot contact: 26
tot contact: 23
tot contact: 21
tot contact: 30
tot contact: 36
tot contact: 35
tot contact: 34
tot contact: 29
tot contact: 31
tot contact: 34
tot contact: 33
tot contact: 31
tot contact: 30
tot contact: 31
tot contact: 32
tot contact: 32
tot contact: 32
tot contact: 29
tot contact: 28
tot contact: 28
tot contact: 27
tot contact: 29
tot contact: 29
tot contact: 29
tot contact: 29
tot contact: 27
tot contact: 25
tot contact: 26
tot contact: 31
tot contact: 27
tot contact: 23
tot contact: 26
tot contact: 29
done grad
iter:  22
[I 10/02/26 14:18:26.688 12828] [swap_chain.cpp:dump_image_buffer@164] Dumping image buffer...
init time: 0.0002498626708984375
contact time: 0.0028960704803466797
tot contact: 29
contact analysis time: 0.0005080699920654297
solving time: 0.4198172092437744 iter: 8
tot_time: 0.4600803852081299
init time: 0.00025081634521484375
contact time: 0.0031690597534179688
tot contact: 26
contact analysis time: 0.0005176067352294922
solving time: 0.4681124687194824 iter: 9
tot_time: 0.9371144771575928
init time: 0.00032258033752441406
contact time: 0.003340482711791992
tot contact: 23
contact analysis time: 0.0006973743438720703
solving time: 0.4712526798248291 iter: 9
tot_time: 1.417698621749878
init time: 0.00026869773864746094
contact time: 0.003576517105102539
tot contact: 27
contact analysis time: 0.0004949569702148438
solving time: 0.6005926132202148 iter: 11
tot_time: 2.027724027633667
init time: 0.00024700164794921875
contact time: 0.003573179244995117
tot contact: 31
contact analysis time: 0.00046539306640625
solving time: 0.9064211845397949 iter: 15
tot_time: 2.9434266090393066
init time: 0.0003097057342529297
contact time: 0.0034961700439453125
tot contact: 26
contact analysis time: 0.0005660057067871094
solving time: 0.8550584316253662 iter: 15
tot_time: 3.80784273147583
init time: 0.0002396106719970703
contact time: 0.0035490989685058594
tot contact: 25
contact analysis time: 0.0004966259002685547
solving time: 0.717963457107544 iter: 13
tot_time: 4.535139799118042
init time: 0.0002391338348388672
contact time: 0.0035581588745117188
tot contact: 27
contact analysis time: 0.0005054473876953125
solving time: 0.8657398223876953 iter: 15
tot_time: 5.410157918930054
init time: 0.00023818016052246094
contact time: 0.003553628921508789
tot contact: 29
contact analysis time: 0.0004837512969970703
solving time: 0.9420514106750488 iter: 15
tot_time: 6.361533880233765
init time: 0.00024509429931640625
contact time: 0.0035614967346191406
tot contact: 29
contact analysis time: 0.0004775524139404297
solving time: 0.9399034976959229 iter: 15
tot_time: 7.3107500076293945
init time: 0.00034427642822265625
contact time: 0.003626108169555664
tot contact: 30
contact analysis time: 0.0004930496215820312
solving time: 0.9439771175384521 iter: 15
tot_time: 8.264223337173462
init time: 0.00023603439331054688
contact time: 0.0035827159881591797
tot contact: 29
contact analysis time: 0.0004940032958984375
solving time: 0.9486510753631592 iter: 15
tot_time: 9.222143173217773
init time: 0.00031256675720214844
contact time: 0.0035703182220458984
tot contact: 27
contact analysis time: 0.0005946159362792969
solving time: 0.9465620517730713 iter: 15
tot_time: 10.178186416625977
init time: 0.00023984909057617188
contact time: 0.0037813186645507812
tot contact: 28
contact analysis time: 0.0005009174346923828
solving time: 0.8799140453338623 iter: 14
tot_time: 11.06762957572937
init time: 0.0003159046173095703
contact time: 0.003699064254760742
tot contact: 28
contact analysis time: 0.0005998611450195312
solving time: 0.9444379806518555 iter: 15
tot_time: 12.021669387817383
init time: 0.00024127960205078125
contact time: 0.0037021636962890625
tot contact: 29
contact analysis time: 0.0004782676696777344
solving time: 0.9537572860717773 iter: 15
tot_time: 12.984899044036865
init time: 0.0002510547637939453
contact time: 0.0037581920623779297
tot contact: 32
contact analysis time: 0.00048422813415527344
solving time: 0.9750385284423828 iter: 15
tot_time: 13.969426393508911
init time: 0.00023555755615234375
contact time: 0.003768444061279297
tot contact: 32
contact analysis time: 0.0004899501800537109
solving time: 0.9576816558837891 iter: 15
tot_time: 14.936607599258423
init time: 0.00024271011352539062
contact time: 0.0036940574645996094
tot contact: 32
contact analysis time: 0.000499725341796875
solving time: 0.972740888595581 iter: 15
tot_time: 15.919021844863892
init time: 0.0003116130828857422
contact time: 0.003789663314819336
tot contact: 31
contact analysis time: 0.00048470497131347656
solving time: 0.9683473110198975 iter: 15
tot_time: 16.89882183074951
init time: 0.0002696514129638672
contact time: 0.003891468048095703
tot contact: 30
contact analysis time: 0.0005342960357666016
solving time: 0.9653308391571045 iter: 15
tot_time: 17.874393224716187
init time: 0.00031447410583496094
contact time: 0.003676891326904297
tot contact: 31
contact analysis time: 0.0005452632904052734
solving time: 0.9634811878204346 iter: 15
tot_time: 18.84734582901001
init time: 0.00024175643920898438
contact time: 0.0037343502044677734
tot contact: 33
contact analysis time: 0.0004904270172119141
solving time: 0.9642200469970703 iter: 15
tot_time: 19.82122015953064
init time: 0.00024890899658203125
contact time: 0.0037953853607177734
tot contact: 34
contact analysis time: 0.0004949569702148438
solving time: 0.9577419757843018 iter: 15
tot_time: 20.788474798202515
init time: 0.0002410411834716797
contact time: 0.0037887096405029297
tot contact: 29
contact analysis time: 0.0004916191101074219
solving time: 0.95047926902771 iter: 15
tot_time: 21.748491764068604
init time: 0.0002491474151611328
contact time: 0.00370025634765625
tot contact: 29
contact analysis time: 0.0004875659942626953
solving time: 0.9538798332214355 iter: 15
tot_time: 22.711758613586426
init time: 0.0003139972686767578
contact time: 0.003792285919189453
tot contact: 35
contact analysis time: 0.00048041343688964844
solving time: 0.9619719982147217 iter: 15
tot_time: 23.68338394165039
init time: 0.0002429485321044922
contact time: 0.003715991973876953
tot contact: 35
contact analysis time: 0.0004944801330566406
solving time: 0.9590671062469482 iter: 15
tot_time: 24.6518611907959
init time: 0.00034117698669433594
contact time: 0.0038313865661621094
tot contact: 36
contact analysis time: 0.0005450248718261719
solving time: 0.9558925628662109 iter: 15
tot_time: 25.61742091178894
init time: 0.000244140625
contact time: 0.003844738006591797
tot contact: 30
contact analysis time: 0.0004940032958984375
solving time: 0.9560620784759521 iter: 15
tot_time: 26.583094120025635
init time: 0.0002415180206298828
contact time: 0.0038101673126220703
tot contact: 21
contact analysis time: 0.0004863739013671875
solving time: 0.9313218593597412 iter: 15
tot_time: 27.52400302886963
init time: 0.0002315044403076172
contact time: 0.0038003921508789062
tot contact: 23
contact analysis time: 0.0004875659942626953
solving time: 0.9421448707580566 iter: 15
tot_time: 28.475757360458374
init time: 0.00024771690368652344
contact time: 0.0037047863006591797
tot contact: 25
contact analysis time: 0.0004975795745849609
solving time: 0.8895308971405029 iter: 14
tot_time: 29.374675750732422
init time: 0.00024366378784179688
contact time: 0.0037670135498046875
tot contact: 23
contact analysis time: 0.0004875659942626953
solving time: 0.7305295467376709 iter: 12
tot_time: 30.114654541015625
init time: 0.00029468536376953125
contact time: 0.0038602352142333984
tot contact: 28
contact analysis time: 0.0004591941833496094
solving time: 0.9557816982269287 iter: 15
tot_time: 31.080073356628418
init time: 0.00030350685119628906
contact time: 0.00395655632019043
tot contact: 26
contact analysis time: 0.0005345344543457031
solving time: 0.9759516716003418 iter: 15
tot_time: 32.0667359828949
init time: 0.0004000663757324219
contact time: 0.0038604736328125
tot contact: 24
contact analysis time: 0.0005888938903808594
solving time: 0.9629101753234863 iter: 15
tot_time: 33.04106116294861
init time: 0.0002505779266357422
contact time: 0.003806591033935547
tot contact: 24
contact analysis time: 0.0004742145538330078
solving time: 0.9708912372589111 iter: 15
tot_time: 34.0216166973114
init time: 0.00025773048400878906
contact time: 0.0037195682525634766
tot contact: 16
contact analysis time: 0.0004706382751464844
solving time: 0.900972843170166 iter: 15
tot_time: 34.93203163146973
init time: 0.0002512931823730469
contact time: 0.0038788318634033203
tot contact: 24
contact analysis time: 0.00047206878662109375
solving time: 0.9849879741668701 iter: 15
tot_time: 35.92669129371643
init time: 0.0003204345703125
contact time: 0.0038564205169677734
tot contact: 20
contact analysis time: 0.0005521774291992188
solving time: 0.9828381538391113 iter: 15
tot_time: 36.91917657852173
init time: 0.0003192424774169922
contact time: 0.003748178482055664
tot contact: 19
contact analysis time: 0.0005550384521484375
solving time: 0.947429895401001 iter: 15
tot_time: 37.87624192237854
init time: 0.0002434253692626953
contact time: 0.0038940906524658203
tot contact: 19
contact analysis time: 0.00051116943359375
solving time: 0.9444162845611572 iter: 15
tot_time: 38.830419063568115
init time: 0.0002486705780029297
contact time: 0.0037767887115478516
tot contact: 19
contact analysis time: 0.00048470497131347656
solving time: 0.9455585479736328 iter: 15
tot_time: 39.78571581840515
init time: 0.00024366378784179688
contact time: 0.0037627220153808594
tot contact: 17
contact analysis time: 0.0004994869232177734
