[Taichi] version 1.7.4, llvm 15.0.4, commit b4b956fd, linux, python 3.9.25
[I 10/03/26 03:38:20.097 50126] [misc.py:init@447] Following TI_ARCH setting up for arch=cuda
[Taichi] Starting on arch=cuda
[W 10/03/26 03:38:21.971 50126] TaichiWarning
While compiling `get_vertices_c208_0`, File "/root/ThinShellLab/code/engine/model_elastic_tactile.py", line 206, in get_vertices:
            self.F_vertices[i][0] = p[i, 0]
            ^^^^^^^^^^^^^^^^^^^^^^^^^^^^^^^
Assign may lose precision: i32 <- i64
[W 10/03/26 03:38:21.971 50126] TaichiWarning
While compiling `get_vertices_c208_0`, File "/root/ThinShellLab/code/engine/model_elastic_tactile.py", line 207, in get_vertices:
            self.F_vertices[i][1] = p[i, 1]
            ^^^^^^^^^^^^^^^^^^^^^^^^^^^^^^^
Assign may lose precision: i32 <- i64
[W 10/03/26 03:38:21.971 50126] TaichiWarning
While compiling `get_vertices_c208_0`, File "/root/ThinShellLab/code/engine/model_elastic_tactile.py", line 208, in get_vertices:
            self.F_vertices[i][2] = p[i, 2]
            ^^^^^^^^^^^^^^^^^^^^^^^^^^^^^^^
Assign may lose precision: i32 <- i64
[W 10/03/26 03:38:21.971 50126] TaichiWarning
While compiling `get_vertices_c208_0`, File "/root/ThinShellLab/code/engine/model_elastic_tactile.py", line 209, in get_vertices:
            self.F_vertices[i][3] = p[i, 3]
            ^^^^^^^^^^^^^^^^^^^^^^^^^^^^^^^
Assign may lose precision: i32 <- i64
[W 10/03/26 03:38:22.127 50126] TaichiWarning
While compiling `init_surface_indices_c216_0`, File "/root/ThinShellLab/code/engine/model_elastic_tactile.py", line 268, in init_surface_indices:
            self.f2v[i][0] = p[i, 0]
            ^^^^^^^^^^^^^^^^^^^^^^^^
Assign may lose precision: i32 <- i64
[W 10/03/26 03:38:22.127 50126] TaichiWarning
While compiling `init_surface_indices_c216_0`, File "/root/ThinShellLab/code/engine/model_elastic_tactile.py", line 269, in init_surface_indices:
            self.f2v[i][1] = p[i, 1]
            ^^^^^^^^^^^^^^^^^^^^^^^^
Assign may lose precision: i32 <- i64
[W 10/03/26 03:38:22.127 50126] TaichiWarning
While compiling `init_surface_indices_c216_0`, File "/root/ThinShellLab/code/engine/model_elastic_tactile.py", line 270, in init_surface_indices:
            self.f2v[i][2] = p[i, 2]
            ^^^^^^^^^^^^^^^^^^^^^^^^
Assign may lose precision: i32 <- i64
pos: -0.014225091516791345 0.02063277096928219
Saving Path: ../imgs/traj_opt_fold_14
iter:  0
Begin thicken cloth...
Num Vertices: (64, 3)
Num Faces: (90, 3)
Num Vertex Normals: (64, 3)
Num Face Normals: (90, 3)
Num Vertex UV: (64, 2)

Begin subdivide cloth...
Num Vertices: (128, 3)
Num Faces: (252, 3)
Num Vertex Normals: (128, 3)
Num Face Normals: (252, 3)
Num Vertex UV: (128, 2)

Begin subdivide cloth...
Num Vertices: (758, 3)
Num Faces: (1512, 3)
Num Vertex Normals: (758, 3)
Num Face Normals: (1512, 3)
Num Vertex UV: (758, 2)

Num Vertices: (4538, 3)
Num Faces: (9072, 3)
Num Vertex Normals: (4538, 3)
Num Face Normals: (9072, 3)
Num Vertex UV: (4538, 2)

/root/ThinShellLab/code/engine/sparse_solver.py:103: VisibleDeprecationWarning: This function is deprecated and will be removed in a future release. Use the cupy.from_dlpack() array constructor instead.
  x = from_dlpack(spsolve(H, b).toDlpack())
Begin thicken cloth...
Num Vertices: (64, 3)
Num Faces: (90, 3)
Num Vertex Normals: (64, 3)
Num Face Normals: (90, 3)
Num Vertex UV: (64, 2)

Begin subdivide cloth...
Num Vertices: (128, 3)
Num Faces: (252, 3)
Num Vertex Normals: (128, 3)
Num Face Normals: (252, 3)
Num Vertex UV: (128, 2)

Begin subdivide cloth...
Num Vertices: (758, 3)
Num Faces: (1512, 3)
Num Vertex Normals: (758, 3)
Num Face Normals: (1512, 3)
Num Vertex UV: (758, 2)

Num Vertices: (4538, 3)
Num Faces: (9072, 3)
Num Vertex Normals: (4538, 3)
Num Face Normals: (9072, 3)
Num Vertex UV: (4538, 2)

Begin thicken cloth...
Num Vertices: (64, 3)
Num Faces: (90, 3)
Num Vertex Normals: (64, 3)
Num Face Normals: (90, 3)
Num Vertex UV: (64, 2)

Begin subdivide cloth...
Num Vertices: (128, 3)
Num Faces: (252, 3)
Num Vertex Normals: (128, 3)
Num Face Normals: (252, 3)
Num Vertex UV: (128, 2)

Begin subdivide cloth...
Num Vertices: (758, 3)
Num Faces: (1512, 3)
Num Vertex Normals: (758, 3)
Num Face Normals: (1512, 3)
Num Vertex UV: (758, 2)

Num Vertices: (4538, 3)
Num Faces: (9072, 3)
Num Vertex Normals: (4538, 3)
Num Face Normals: (9072, 3)
Num Vertex UV: (4538, 2)

Begin thicken cloth...
Num Vertices: (64, 3)
Num Faces: (90, 3)
Num Vertex Normals: (64, 3)
Num Face Normals: (90, 3)
Num Vertex UV: (64, 2)

Begin subdivide cloth...
Num Vertices: (128, 3)
Num Faces: (252, 3)
Num Vertex Normals: (128, 3)
Num Face Normals: (252, 3)
Num Vertex UV: (128, 2)

Begin subdivide cloth...
Num Vertices: (758, 3)
Num Faces: (1512, 3)
Num Vertex Normals: (758, 3)
Num Face Normals: (1512, 3)
Num Vertex UV: (758, 2)

Num Vertices: (4538, 3)
Num Faces: (9072, 3)
Num Vertex Normals: (4538, 3)
Num Face Normals: (9072, 3)
Num Vertex UV: (4538, 2)

Begin thicken cloth...
Num Vertices: (64, 3)
Num Faces: (90, 3)
Num Vertex Normals: (64, 3)
Num Face Normals: (90, 3)
Num Vertex UV: (64, 2)

Begin subdivide cloth...
Num Vertices: (128, 3)
Num Faces: (252, 3)
Num Vertex Normals: (128, 3)
Num Face Normals: (252, 3)
Num Vertex UV: (128, 2)

Begin subdivide cloth...
Num Vertices: (758, 3)
Num Faces: (1512, 3)
Num Vertex Normals: (758, 3)
Num Face Normals: (1512, 3)
Num Vertex UV: (758, 2)

Num Vertices: (4538, 3)
Num Faces: (9072, 3)
Num Vertex Normals: (4538, 3)
Num Face Normals: (9072, 3)
Num Vertex UV: (4538, 2)

Begin thicken cloth...
Num Vertices: (64, 3)
Num Faces: (90, 3)
Num Vertex Normals: (64, 3)
Num Face Normals: (90, 3)
Num Vertex UV: (64, 2)

Begin subdivide cloth...
Num Vertices: (128, 3)
Num Faces: (252, 3)
Num Vertex Normals: (128, 3)
Num Face Normals: (252, 3)
Num Vertex UV: (128, 2)

Begin subdivide cloth...
Num Vertices: (758, 3)
Num Faces: (1512, 3)
Num Vertex Normals: (758, 3)
Num Face Normals: (1512, 3)
Num Vertex UV: (758, 2)

Num Vertices: (4538, 3)
Num Faces: (9072, 3)
Num Vertex Normals: (4538, 3)
Num Face Normals: (9072, 3)
Num Vertex UV: (4538, 2)

Begin thicken cloth...
Num Vertices: (64, 3)
Num Faces: (90, 3)
Num Vertex Normals: (64, 3)
Num Face Normals: (90, 3)
Num Vertex UV: (64, 2)

Begin subdivide cloth...
Num Vertices: (128, 3)
Num Faces: (252, 3)
Num Vertex Normals: (128, 3)
Num Face Normals: (252, 3)
Num Vertex UV: (128, 2)

Begin subdivide cloth...
Num Vertices: (758, 3)
Num Faces: (1512, 3)
Num Vertex Normals: (758, 3)
Num Face Normals: (1512, 3)
Num Vertex UV: (758, 2)

Num Vertices: (4538, 3)
Num Faces: (9072, 3)
Num Vertex Normals: (4538, 3)
Num Face Normals: (9072, 3)
Num Vertex UV: (4538, 2)

Begin thicken cloth...
Num Vertices: (64, 3)
Num Faces: (90, 3)
Num Vertex Normals: (64, 3)
Num Face Normals: (90, 3)
Num Vertex UV: (64, 2)

Begin subdivide cloth...
Num Vertices: (128, 3)
Num Faces: (252, 3)
Num Vertex Normals: (128, 3)
Num Face Normals: (252, 3)
Num Vertex UV: (128, 2)

Begin subdivide cloth...
Num Vertices: (758, 3)
Num Faces: (1512, 3)
Num Vertex Normals: (758, 3)
Num Face Normals: (1512, 3)
Num Vertex UV: (758, 2)

Num Vertices: (4538, 3)
Num Faces: (9072, 3)
Num Vertex Normals: (4538, 3)
Num Face Normals: (9072, 3)
Num Vertex UV: (4538, 2)

Begin thicken cloth...
Num Vertices: (64, 3)
Num Faces: (90, 3)
Num Vertex Normals: (64, 3)
Num Face Normals: (90, 3)
Num Vertex UV: (64, 2)

Begin subdivide cloth...
Num Vertices: (128, 3)
Num Faces: (252, 3)
Num Vertex Normals: (128, 3)
Num Face Normals: (252, 3)
Num Vertex UV: (128, 2)

Begin subdivide cloth...
Num Vertices: (758, 3)
Num Faces: (1512, 3)
Num Vertex Normals: (758, 3)
Num Face Normals: (1512, 3)
Num Vertex UV: (758, 2)

Num Vertices: (4538, 3)
Num Faces: (9072, 3)
Num Vertex Normals: (4538, 3)
Num Face Normals: (9072, 3)
Num Vertex UV: (4538, 2)

Begin thicken cloth...
Num Vertices: (64, 3)
Num Faces: (90, 3)
Num Vertex Normals: (64, 3)
Num Face Normals: (90, 3)
Num Vertex UV: (64, 2)

Begin subdivide cloth...
Num Vertices: (128, 3)
Num Faces: (252, 3)
Num Vertex Normals: (128, 3)
Num Face Normals: (252, 3)
Num Vertex UV: (128, 2)

Begin subdivide cloth...
Num Vertices: (758, 3)
Num Faces: (1512, 3)
Num Vertex Normals: (758, 3)
Num Face Normals: (1512, 3)
Num Vertex UV: (758, 2)

Num Vertices: (4538, 3)
Num Faces: (9072, 3)
Num Vertex Normals: (4538, 3)
Num Face Normals: (9072, 3)
Num Vertex UV: (4538, 2)

Begin thicken cloth...
Num Vertices: (64, 3)
Num Faces: (90, 3)
Num Vertex Normals: (64, 3)
Num Face Normals: (90, 3)
Num Vertex UV: (64, 2)

Begin subdivide cloth...
Num Vertices: (128, 3)
Num Faces: (252, 3)
Num Vertex Normals: (128, 3)
Num Face Normals: (252, 3)
Num Vertex UV: (128, 2)

Begin subdivide cloth...
Num Vertices: (758, 3)
Num Faces: (1512, 3)
Num Vertex Normals: (758, 3)
Num Face Normals: (1512, 3)
Num Vertex UV: (758, 2)

Num Vertices: (4538, 3)
Num Faces: (9072, 3)
Num Vertex Normals: (4538, 3)
Num Face Normals: (9072, 3)
Num Vertex UV: (4538, 2)

Begin thicken cloth...
Num Vertices: (64, 3)
Num Faces: (90, 3)
Num Vertex Normals: (64, 3)
Num Face Normals: (90, 3)
Num Vertex UV: (64, 2)

Begin subdivide cloth...
Num Vertices: (128, 3)
Num Faces: (252, 3)
Num Vertex Normals: (128, 3)
Num Face Normals: (252, 3)
Num Vertex UV: (128, 2)

Begin subdivide cloth...
Num Vertices: (758, 3)
Num Faces: (1512, 3)
Num Vertex Normals: (758, 3)
Num Face Normals: (1512, 3)
Num Vertex UV: (758, 2)

Num Vertices: (4538, 3)
Num Faces: (9072, 3)
Num Vertex Normals: (4538, 3)
Num Face Normals: (9072, 3)
Num Vertex UV: (4538, 2)

Begin thicken cloth...
Num Vertices: (64, 3)
Num Faces: (90, 3)
Num Vertex Normals: (64, 3)
Num Face Normals: (90, 3)
Num Vertex UV: (64, 2)

Begin subdivide cloth...
Num Vertices: (128, 3)
Num Faces: (252, 3)
Num Vertex Normals: (128, 3)
Num Face Normals: (252, 3)
Num Vertex UV: (128, 2)

Begin subdivide cloth...
Num Vertices: (758, 3)
Num Faces: (1512, 3)
Num Vertex Normals: (758, 3)
Num Face Normals: (1512, 3)
Num Vertex UV: (758, 2)

Num Vertices: (4538, 3)
Num Faces: (9072, 3)
Num Vertex Normals: (4538, 3)
Num Face Normals: (9072, 3)
Num Vertex UV: (4538, 2)

Begin thicken cloth...
Num Vertices: (64, 3)
Num Faces: (90, 3)
Num Vertex Normals: (64, 3)
Num Face Normals: (90, 3)
Num Vertex UV: (64, 2)

Begin subdivide cloth...
Num Vertices: (128, 3)
Num Faces: (252, 3)
Num Vertex Normals: (128, 3)
Num Face Normals: (252, 3)
Num Vertex UV: (128, 2)

Begin subdivide cloth...
Num Vertices: (758, 3)
Num Faces: (1512, 3)
Num Vertex Normals: (758, 3)
Num Face Normals: (1512, 3)
Num Vertex UV: (758, 2)

Num Vertices: (4538, 3)
Num Faces: (9072, 3)
Num Vertex Normals: (4538, 3)
Num Face Normals: (9072, 3)
Num Vertex UV: (4538, 2)

Begin thicken cloth...
Num Vertices: (64, 3)
Num Faces: (90, 3)
Num Vertex Normals: (64, 3)
Num Face Normals: (90, 3)
Num Vertex UV: (64, 2)

Begin subdivide cloth...
Num Vertices: (128, 3)
Num Faces: (252, 3)
Num Vertex Normals: (128, 3)
Num Face Normals: (252, 3)
Num Vertex UV: (128, 2)

Begin subdivide cloth...
Num Vertices: (758, 3)
Num Faces: (1512, 3)
Num Vertex Normals: (758, 3)
Num Face Normals: (1512, 3)
Num Vertex UV: (758, 2)

Num Vertices: (4538, 3)
Num Faces: (9072, 3)
Num Vertex Normals: (4538, 3)
Num Face Normals: (9072, 3)
Num Vertex UV: (4538, 2)

Begin thicken cloth...
Num Vertices: (64, 3)
Num Faces: (90, 3)
Num Vertex Normals: (64, 3)
Num Face Normals: (90, 3)
Num Vertex UV: (64, 2)

Begin subdivide cloth...
Num Vertices: (128, 3)
Num Faces: (252, 3)
Num Vertex Normals: (128, 3)
Num Face Normals: (252, 3)
Num Vertex UV: (128, 2)

Begin subdivide cloth...
Num Vertices: (758, 3)
Num Faces: (1512, 3)
Num Vertex Normals: (758, 3)
Num Face Normals: (1512, 3)
Num Vertex UV: (758, 2)

Num Vertices: (4538, 3)
Num Faces: (9072, 3)
Num Vertex Normals: (4538, 3)
Num Face Normals: (9072, 3)
Num Vertex UV: (4538, 2)

Begin thicken cloth...
Num Vertices: (64, 3)
Num Faces: (90, 3)
Num Vertex Normals: (64, 3)
Num Face Normals: (90, 3)
Num Vertex UV: (64, 2)

Begin subdivide cloth...
Num Vertices: (128, 3)
Num Faces: (252, 3)
Num Vertex Normals: (128, 3)
Num Face Normals: (252, 3)
Num Vertex UV: (128, 2)

Begin subdivide cloth...
Num Vertices: (758, 3)
Num Faces: (1512, 3)
Num Vertex Normals: (758, 3)
Num Face Normals: (1512, 3)
Num Vertex UV: (758, 2)

Num Vertices: (4538, 3)
Num Faces: (9072, 3)
Num Vertex Normals: (4538, 3)
Num Face Normals: (9072, 3)
Num Vertex UV: (4538, 2)

Begin thicken cloth...
Num Vertices: (64, 3)
Num Faces: (90, 3)
Num Vertex Normals: (64, 3)
Num Face Normals: (90, 3)
Num Vertex UV: (64, 2)

Begin subdivide cloth...
Num Vertices: (128, 3)
Num Faces: (252, 3)
Num Vertex Normals: (128, 3)
Num Face Normals: (252, 3)
Num Vertex UV: (128, 2)

Begin subdivide cloth...
Num Vertices: (758, 3)
Num Faces: (1512, 3)
Num Vertex Normals: (758, 3)
Num Face Normals: (1512, 3)
Num Vertex UV: (758, 2)

Num Vertices: (4538, 3)
Num Faces: (9072, 3)
Num Vertex Normals: (4538, 3)
Num Face Normals: (9072, 3)
Num Vertex UV: (4538, 2)

Begin thicken cloth...
Num Vertices: (64, 3)
Num Faces: (90, 3)
Num Vertex Normals: (64, 3)
Num Face Normals: (90, 3)
Num Vertex UV: (64, 2)

Begin subdivide cloth...
Num Vertices: (128, 3)
Num Faces: (252, 3)
Num Vertex Normals: (128, 3)
Num Face Normals: (252, 3)
Num Vertex UV: (128, 2)

Begin subdivide cloth...
Num Vertices: (758, 3)
Num Faces: (1512, 3)
Num Vertex Normals: (758, 3)
Num Face Normals: (1512, 3)
Num Vertex UV: (758, 2)

Num Vertices: (4538, 3)
Num Faces: (9072, 3)
Num Vertex Normals: (4538, 3)
Num Face Normals: (9072, 3)
Num Vertex UV: (4538, 2)

Begin thicken cloth...
Num Vertices: (64, 3)
Num Faces: (90, 3)
Num Vertex Normals: (64, 3)
Num Face Normals: (90, 3)
Num Vertex UV: (64, 2)

Begin subdivide cloth...
Num Vertices: (128, 3)
Num Faces: (252, 3)
Num Vertex Normals: (128, 3)
Num Face Normals: (252, 3)
Num Vertex UV: (128, 2)

Begin subdivide cloth...
Num Vertices: (758, 3)
Num Faces: (1512, 3)
Num Vertex Normals: (758, 3)
Num Face Normals: (1512, 3)
Num Vertex UV: (758, 2)

Num Vertices: (4538, 3)
Num Faces: (9072, 3)
Num Vertex Normals: (4538, 3)
Num Face Normals: (9072, 3)
Num Vertex UV: (4538, 2)

Begin thicken cloth...
Num Vertices: (64, 3)
Num Faces: (90, 3)
Num Vertex Normals: (64, 3)
Num Face Normals: (90, 3)
Num Vertex UV: (64, 2)

Begin subdivide cloth...
Num Vertices: (128, 3)
Num Faces: (252, 3)
Num Vertex Normals: (128, 3)
Num Face Normals: (252, 3)
Num Vertex UV: (128, 2)

Begin subdivide cloth...
Num Vertices: (758, 3)
Num Faces: (1512, 3)
Num Vertex Normals: (758, 3)
Num Face Normals: (1512, 3)
Num Vertex UV: (758, 2)

Num Vertices: (4538, 3)
Num Faces: (9072, 3)
Num Vertex Normals: (4538, 3)
Num Face Normals: (9072, 3)
Num Vertex UV: (4538, 2)

Begin thicken cloth...
Num Vertices: (64, 3)
Num Faces: (90, 3)
Num Vertex Normals: (64, 3)
Num Face Normals: (90, 3)
Num Vertex UV: (64, 2)

Begin subdivide cloth...
Num Vertices: (128, 3)
Num Faces: (252, 3)
Num Vertex Normals: (128, 3)
Num Face Normals: (252, 3)
Num Vertex UV: (128, 2)

Begin subdivide cloth...
Num Vertices: (758, 3)
Num Faces: (1512, 3)
Num Vertex Normals: (758, 3)
Num Face Normals: (1512, 3)
Num Vertex UV: (758, 2)

Num Vertices: (4538, 3)
Num Faces: (9072, 3)
Num Vertex Normals: (4538, 3)
Num Face Normals: (9072, 3)
Num Vertex UV: (4538, 2)

Begin thicken cloth...
Num Vertices: (64, 3)
Num Faces: (90, 3)
Num Vertex Normals: (64, 3)
Num Face Normals: (90, 3)
Num Vertex UV: (64, 2)

Begin subdivide cloth...
Num Vertices: (128, 3)
Num Faces: (252, 3)
Num Vertex Normals: (128, 3)
Num Face Normals: (252, 3)
Num Vertex UV: (128, 2)

Begin subdivide cloth...
Num Vertices: (758, 3)
Num Faces: (1512, 3)
Num Vertex Normals: (758, 3)
Num Face Normals: (1512, 3)
Num Vertex UV: (758, 2)

Num Vertices: (4538, 3)
Num Faces: (9072, 3)
Num Vertex Normals: (4538, 3)
Num Face Normals: (9072, 3)
Num Vertex UV: (4538, 2)

Begin thicken cloth...
Num Vertices: (64, 3)
Num Faces: (90, 3)
Num Vertex Normals: (64, 3)
Num Face Normals: (90, 3)
Num Vertex UV: (64, 2)

Begin subdivide cloth...
Num Vertices: (128, 3)
Num Faces: (252, 3)
Num Vertex Normals: (128, 3)
Num Face Normals: (252, 3)
Num Vertex UV: (128, 2)

Begin subdivide cloth...
Num Vertices: (758, 3)
Num Faces: (1512, 3)
Num Vertex Normals: (758, 3)
Num Face Normals: (1512, 3)
Num Vertex UV: (758, 2)

Num Vertices: (4538, 3)
Num Faces: (9072, 3)
Num Vertex Normals: (4538, 3)
Num Face Normals: (9072, 3)
Num Vertex UV: (4538, 2)

Begin thicken cloth...
Num Vertices: (64, 3)
Num Faces: (90, 3)
Num Vertex Normals: (64, 3)
Num Face Normals: (90, 3)
Num Vertex UV: (64, 2)

Begin subdivide cloth...
Num Vertices: (128, 3)
Num Faces: (252, 3)
Num Vertex Normals: (128, 3)
Num Face Normals: (252, 3)
Num Vertex UV: (128, 2)

Begin subdivide cloth...
Num Vertices: (758, 3)
Num Faces: (1512, 3)
Num Vertex Normals: (758, 3)
Num Face Normals: (1512, 3)
Num Vertex UV: (758, 2)

Num Vertices: (4538, 3)
Num Faces: (9072, 3)
Num Vertex Normals: (4538, 3)
Num Face Normals: (9072, 3)
Num Vertex UV: (4538, 2)

Begin thicken cloth...
Num Vertices: (64, 3)
Num Faces: (90, 3)
Num Vertex Normals: (64, 3)
Num Face Normals: (90, 3)
Num Vertex UV: (64, 2)

Begin subdivide cloth...
Num Vertices: (128, 3)
Num Faces: (252, 3)
Num Vertex Normals: (128, 3)
Num Face Normals: (252, 3)
Num Vertex UV: (128, 2)

Begin subdivide cloth...
Num Vertices: (758, 3)
Num Faces: (1512, 3)
Num Vertex Normals: (758, 3)
Num Face Normals: (1512, 3)
Num Vertex UV: (758, 2)

Num Vertices: (4538, 3)
Num Faces: (9072, 3)
Num Vertex Normals: (4538, 3)
Num Face Normals: (9072, 3)
Num Vertex UV: (4538, 2)

Begin thicken cloth...
Num Vertices: (64, 3)
Num Faces: (90, 3)
Num Vertex Normals: (64, 3)
Num Face Normals: (90, 3)
Num Vertex UV: (64, 2)

Begin subdivide cloth...
Num Vertices: (128, 3)
Num Faces: (252, 3)
Num Vertex Normals: (128, 3)
Num Face Normals: (252, 3)
Num Vertex UV: (128, 2)

Begin subdivide cloth...
Num Vertices: (758, 3)
Num Faces: (1512, 3)
Num Vertex Normals: (758, 3)
Num Face Normals: (1512, 3)
Num Vertex UV: (758, 2)

Num Vertices: (4538, 3)
Num Faces: (9072, 3)
Num Vertex Normals: (4538, 3)
Num Face Normals: (9072, 3)
Num Vertex UV: (4538, 2)

Begin thicken cloth...
Num Vertices: (64, 3)
Num Faces: (90, 3)
Num Vertex Normals: (64, 3)
Num Face Normals: (90, 3)
Num Vertex UV: (64, 2)

Begin subdivide cloth...
Num Vertices: (128, 3)
Num Faces: (252, 3)
Num Vertex Normals: (128, 3)
Num Face Normals: (252, 3)
Num Vertex UV: (128, 2)

Begin subdivide cloth...
Num Vertices: (758, 3)
Num Faces: (1512, 3)
Num Vertex Normals: (758, 3)
Num Face Normals: (1512, 3)
Num Vertex UV: (758, 2)

Num Vertices: (4538, 3)
Num Faces: (9072, 3)
Num Vertex Normals: (4538, 3)
Num Face Normals: (9072, 3)
Num Vertex UV: (4538, 2)

Begin thicken cloth...
Num Vertices: (64, 3)
Num Faces: (90, 3)
Num Vertex Normals: (64, 3)
Num Face Normals: (90, 3)
Num Vertex UV: (64, 2)

Begin subdivide cloth...
Num Vertices: (128, 3)
Num Faces: (252, 3)
Num Vertex Normals: (128, 3)
Num Face Normals: (252, 3)
Num Vertex UV: (128, 2)

Begin subdivide cloth...
Num Vertices: (758, 3)
Num Faces: (1512, 3)
Num Vertex Normals: (758, 3)
Num Face Normals: (1512, 3)
Num Vertex UV: (758, 2)

Num Vertices: (4538, 3)
Num Faces: (9072, 3)
Num Vertex Normals: (4538, 3)
Num Face Normals: (9072, 3)
Num Vertex UV: (4538, 2)

Begin thicken cloth...
Num Vertices: (64, 3)
Num Faces: (90, 3)
Num Vertex Normals: (64, 3)
Num Face Normals: (90, 3)
Num Vertex UV: (64, 2)

Begin subdivide cloth...
Num Vertices: (128, 3)
Num Faces: (252, 3)
Num Vertex Normals: (128, 3)
Num Face Normals: (252, 3)
Num Vertex UV: (128, 2)

Begin subdivide cloth...
Num Vertices: (758, 3)
Num Faces: (1512, 3)
Num Vertex Normals: (758, 3)
Num Face Normals: (1512, 3)
Num Vertex UV: (758, 2)

Num Vertices: (4538, 3)
Num Faces: (9072, 3)
Num Vertex Normals: (4538, 3)
Num Face Normals: (9072, 3)
Num Vertex UV: (4538, 2)

Begin thicken cloth...
Num Vertices: (64, 3)
Num Faces: (90, 3)
Num Vertex Normals: (64, 3)
Num Face Normals: (90, 3)
Num Vertex UV: (64, 2)

Begin subdivide cloth...
Num Vertices: (128, 3)
Num Faces: (252, 3)
Num Vertex Normals: (128, 3)
Num Face Normals: (252, 3)
Num Vertex UV: (128, 2)

Begin subdivide cloth...
Num Vertices: (758, 3)
Num Faces: (1512, 3)
Num Vertex Normals: (758, 3)
Num Face Normals: (1512, 3)
Num Vertex UV: (758, 2)

Num Vertices: (4538, 3)
Num Faces: (9072, 3)
Num Vertex Normals: (4538, 3)
Num Face Normals: (9072, 3)
Num Vertex UV: (4538, 2)

Begin thicken cloth...
Num Vertices: (64, 3)
Num Faces: (90, 3)
Num Vertex Normals: (64, 3)
Num Face Normals: (90, 3)
Num Vertex UV: (64, 2)

Begin subdivide cloth...
Num Vertices: (128, 3)
Num Faces: (252, 3)
Num Vertex Normals: (128, 3)
Num Face Normals: (252, 3)
Num Vertex UV: (128, 2)

Begin subdivide cloth...
Num Vertices: (758, 3)
Num Faces: (1512, 3)
Num Vertex Normals: (758, 3)
Num Face Normals: (1512, 3)
Num Vertex UV: (758, 2)

Num Vertices: (4538, 3)
Num Faces: (9072, 3)
Num Vertex Normals: (4538, 3)
Num Face Normals: (9072, 3)
Num Vertex UV: (4538, 2)

Begin thicken cloth...
Num Vertices: (64, 3)
Num Faces: (90, 3)
Num Vertex Normals: (64, 3)
Num Face Normals: (90, 3)
Num Vertex UV: (64, 2)

Begin subdivide cloth...
Num Vertices: (128, 3)
Num Faces: (252, 3)
Num Vertex Normals: (128, 3)
Num Face Normals: (252, 3)
Num Vertex UV: (128, 2)

Begin subdivide cloth...
Num Vertices: (758, 3)
Num Faces: (1512, 3)
Num Vertex Normals: (758, 3)
Num Face Normals: (1512, 3)
Num Vertex UV: (758, 2)

Num Vertices: (4538, 3)
Num Faces: (9072, 3)
Num Vertex Normals: (4538, 3)
Num Face Normals: (9072, 3)
Num Vertex UV: (4538, 2)

Begin thicken cloth...
Num Vertices: (64, 3)
Num Faces: (90, 3)
Num Vertex Normals: (64, 3)
Num Face Normals: (90, 3)
Num Vertex UV: (64, 2)

Begin subdivide cloth...
Num Vertices: (128, 3)
Num Faces: (252, 3)
Num Vertex Normals: (128, 3)
Num Face Normals: (252, 3)
Num Vertex UV: (128, 2)

Begin subdivide cloth...
Num Vertices: (758, 3)
Num Faces: (1512, 3)
Num Vertex Normals: (758, 3)
Num Face Normals: (1512, 3)
Num Vertex UV: (758, 2)

Num Vertices: (4538, 3)
Num Faces: (9072, 3)
Num Vertex Normals: (4538, 3)
Num Face Normals: (9072, 3)
Num Vertex UV: (4538, 2)

Begin thicken cloth...
Num Vertices: (64, 3)
Num Faces: (90, 3)
Num Vertex Normals: (64, 3)
Num Face Normals: (90, 3)
Num Vertex UV: (64, 2)

Begin subdivide cloth...
Num Vertices: (128, 3)
Num Faces: (252, 3)
Num Vertex Normals: (128, 3)
Num Face Normals: (252, 3)
Num Vertex UV: (128, 2)

Begin subdivide cloth...
Num Vertices: (758, 3)
Num Faces: (1512, 3)
Num Vertex Normals: (758, 3)
Num Face Normals: (1512, 3)
Num Vertex UV: (758, 2)

Num Vertices: (4538, 3)
Num Faces: (9072, 3)
Num Vertex Normals: (4538, 3)
Num Face Normals: (9072, 3)
Num Vertex UV: (4538, 2)

Begin thicken cloth...
Num Vertices: (64, 3)
Num Faces: (90, 3)
Num Vertex Normals: (64, 3)
Num Face Normals: (90, 3)
Num Vertex UV: (64, 2)

Begin subdivide cloth...
Num Vertices: (128, 3)
Num Faces: (252, 3)
Num Vertex Normals: (128, 3)
Num Face Normals: (252, 3)
Num Vertex UV: (128, 2)

Begin subdivide cloth...
Num Vertices: (758, 3)
Num Faces: (1512, 3)
Num Vertex Normals: (758, 3)
Num Face Normals: (1512, 3)
Num Vertex UV: (758, 2)

Num Vertices: (4538, 3)
Num Faces: (9072, 3)
Num Vertex Normals: (4538, 3)
Num Face Normals: (9072, 3)
Num Vertex UV: (4538, 2)

Begin thicken cloth...
Num Vertices: (64, 3)
Num Faces: (90, 3)
Num Vertex Normals: (64, 3)
Num Face Normals: (90, 3)
Num Vertex UV: (64, 2)

Begin subdivide cloth...
Num Vertices: (128, 3)
Num Faces: (252, 3)
Num Vertex Normals: (128, 3)
Num Face Normals: (252, 3)
Num Vertex UV: (128, 2)

Begin subdivide cloth...
Num Vertices: (758, 3)
Num Faces: (1512, 3)
Num Vertex Normals: (758, 3)
Num Face Normals: (1512, 3)
Num Vertex UV: (758, 2)

Num Vertices: (4538, 3)
Num Faces: (9072, 3)
Num Vertex Normals: (4538, 3)
Num Face Normals: (9072, 3)
Num Vertex UV: (4538, 2)

Begin thicken cloth...
Num Vertices: (64, 3)
Num Faces: (90, 3)
Num Vertex Normals: (64, 3)
Num Face Normals: (90, 3)
Num Vertex UV: (64, 2)

Begin subdivide cloth...
Num Vertices: (128, 3)
Num Faces: (252, 3)
Num Vertex Normals: (128, 3)
Num Face Normals: (252, 3)
Num Vertex UV: (128, 2)

Begin subdivide cloth...
Num Vertices: (758, 3)
Num Faces: (1512, 3)
Num Vertex Normals: (758, 3)
Num Face Normals: (1512, 3)
Num Vertex UV: (758, 2)

Num Vertices: (4538, 3)
Num Faces: (9072, 3)
Num Vertex Normals: (4538, 3)
Num Face Normals: (9072, 3)
Num Vertex UV: (4538, 2)

Begin thicken cloth...
Num Vertices: (64, 3)
Num Faces: (90, 3)
Num Vertex Normals: (64, 3)
Num Face Normals: (90, 3)
Num Vertex UV: (64, 2)

Begin subdivide cloth...
Num Vertices: (128, 3)
Num Faces: (252, 3)
Num Vertex Normals: (128, 3)
Num Face Normals: (252, 3)
Num Vertex UV: (128, 2)

Begin subdivide cloth...
Num Vertices: (758, 3)
Num Faces: (1512, 3)
Num Vertex Normals: (758, 3)
Num Face Normals: (1512, 3)
Num Vertex UV: (758, 2)

Num Vertices: (4538, 3)
Num Faces: (9072, 3)
Num Vertex Normals: (4538, 3)
Num Face Normals: (9072, 3)
Num Vertex UV: (4538, 2)

Begin thicken cloth...
Num Vertices: (64, 3)
Num Faces: (90, 3)
Num Vertex Normals: (64, 3)
Num Face Normals: (90, 3)
Num Vertex UV: (64, 2)

Begin subdivide cloth...
Num Vertices: (128, 3)
Num Faces: (252, 3)
Num Vertex Normals: (128, 3)
Num Face Normals: (252, 3)
Num Vertex UV: (128, 2)

Begin subdivide cloth...
Num Vertices: (758, 3)
Num Faces: (1512, 3)
Num Vertex Normals: (758, 3)
Num Face Normals: (1512, 3)
Num Vertex UV: (758, 2)

Num Vertices: (4538, 3)
Num Faces: (9072, 3)
Num Vertex Normals: (4538, 3)
Num Face Normals: (9072, 3)
Num Vertex UV: (4538, 2)

Begin thicken cloth...
Num Vertices: (64, 3)
Num Faces: (90, 3)
Num Vertex Normals: (64, 3)
Num Face Normals: (90, 3)
Num Vertex UV: (64, 2)

Begin subdivide cloth...
Num Vertices: (128, 3)
Num Faces: (252, 3)
Num Vertex Normals: (128, 3)
Num Face Normals: (252, 3)
Num Vertex UV: (128, 2)

Begin subdivide cloth...
Num Vertices: (758, 3)
Num Faces: (1512, 3)
Num Vertex Normals: (758, 3)
Num Face Normals: (1512, 3)
Num Vertex UV: (758, 2)

Num Vertices: (4538, 3)
Num Faces: (9072, 3)
Num Vertex Normals: (4538, 3)
Num Face Normals: (9072, 3)
Num Vertex UV: (4538, 2)

Begin thicken cloth...
Num Vertices: (64, 3)
Num Faces: (90, 3)
Num Vertex Normals: (64, 3)
Num Face Normals: (90, 3)
Num Vertex UV: (64, 2)

Begin subdivide cloth...
Num Vertices: (128, 3)
Num Faces: (252, 3)
Num Vertex Normals: (128, 3)
Num Face Normals: (252, 3)
Num Vertex UV: (128, 2)

Begin subdivide cloth...
Num Vertices: (758, 3)
Num Faces: (1512, 3)
Num Vertex Normals: (758, 3)
Num Face Normals: (1512, 3)
Num Vertex UV: (758, 2)

Num Vertices: (4538, 3)
Num Faces: (9072, 3)
Num Vertex Normals: (4538, 3)
Num Face Normals: (9072, 3)
Num Vertex UV: (4538, 2)

Begin thicken cloth...
Num Vertices: (64, 3)
Num Faces: (90, 3)
Num Vertex Normals: (64, 3)
Num Face Normals: (90, 3)
Num Vertex UV: (64, 2)

Begin subdivide cloth...
Num Vertices: (128, 3)
Num Faces: (252, 3)
Num Vertex Normals: (128, 3)
Num Face Normals: (252, 3)
Num Vertex UV: (128, 2)

Begin subdivide cloth...
Num Vertices: (758, 3)
Num Faces: (1512, 3)
Num Vertex Normals: (758, 3)
Num Face Normals: (1512, 3)
Num Vertex UV: (758, 2)

Num Vertices: (4538, 3)
Num Faces: (9072, 3)
Num Vertex Normals: (4538, 3)
Num Face Normals: (9072, 3)
Num Vertex UV: (4538, 2)

Begin thicken cloth...
Num Vertices: (64, 3)
Num Faces: (90, 3)
Num Vertex Normals: (64, 3)
Num Face Normals: (90, 3)
Num Vertex UV: (64, 2)

Begin subdivide cloth...
Num Vertices: (128, 3)
Num Faces: (252, 3)
Num Vertex Normals: (128, 3)
Num Face Normals: (252, 3)
Num Vertex UV: (128, 2)

Begin subdivide cloth...
Num Vertices: (758, 3)
Num Faces: (1512, 3)
Num Vertex Normals: (758, 3)
Num Face Normals: (1512, 3)
Num Vertex UV: (758, 2)

Num Vertices: (4538, 3)
Num Faces: (9072, 3)
Num Vertex Normals: (4538, 3)
Num Face Normals: (9072, 3)
Num Vertex UV: (4538, 2)

Begin thicken cloth...
Num Vertices: (64, 3)
Num Faces: (90, 3)
Num Vertex Normals: (64, 3)
Num Face Normals: (90, 3)
Num Vertex UV: (64, 2)

Begin subdivide cloth...
Num Vertices: (128, 3)
Num Faces: (252, 3)
Num Vertex Normals: (128, 3)
Num Face Normals: (252, 3)
Num Vertex UV: (128, 2)

Begin subdivide cloth...
Num Vertices: (758, 3)
Num Faces: (1512, 3)
Num Vertex Normals: (758, 3)
Num Face Normals: (1512, 3)
Num Vertex UV: (758, 2)

Num Vertices: (4538, 3)
Num Faces: (9072, 3)
Num Vertex Normals: (4538, 3)
Num Face Normals: (9072, 3)
Num Vertex UV: (4538, 2)

Begin thicken cloth...
Num Vertices: (64, 3)
Num Faces: (90, 3)
Num Vertex Normals: (64, 3)
Num Face Normals: (90, 3)
Num Vertex UV: (64, 2)

Begin subdivide cloth...
Num Vertices: (128, 3)
Num Faces: (252, 3)
Num Vertex Normals: (128, 3)
Num Face Normals: (252, 3)
Num Vertex UV: (128, 2)

Begin subdivide cloth...
Num Vertices: (758, 3)
Num Faces: (1512, 3)
Num Vertex Normals: (758, 3)
Num Face Normals: (1512, 3)
Num Vertex UV: (758, 2)

Num Vertices: (4538, 3)
Num Faces: (9072, 3)
Num Vertex Normals: (4538, 3)
Num Face Normals: (9072, 3)
Num Vertex UV: (4538, 2)

Begin thicken cloth...
Num Vertices: (64, 3)
Num Faces: (90, 3)
Num Vertex Normals: (64, 3)
Num Face Normals: (90, 3)
Num Vertex UV: (64, 2)

Begin subdivide cloth...
Num Vertices: (128, 3)
Num Faces: (252, 3)
Num Vertex Normals: (128, 3)
Num Face Normals: (252, 3)
Num Vertex UV: (128, 2)

Begin subdivide cloth...
Num Vertices: (758, 3)
Num Faces: (1512, 3)
Num Vertex Normals: (758, 3)
Num Face Normals: (1512, 3)
Num Vertex UV: (758, 2)

Num Vertices: (4538, 3)
Num Faces: (9072, 3)
Num Vertex Normals: (4538, 3)
Num Face Normals: (9072, 3)
Num Vertex UV: (4538, 2)

Begin thicken cloth...
Num Vertices: (64, 3)
Num Faces: (90, 3)
Num Vertex Normals: (64, 3)
Num Face Normals: (90, 3)
Num Vertex UV: (64, 2)

Begin subdivide cloth...
Num Vertices: (128, 3)
Num Faces: (252, 3)
Num Vertex Normals: (128, 3)
Num Face Normals: (252, 3)
Num Vertex UV: (128, 2)

Begin subdivide cloth...
Num Vertices: (758, 3)
Num Faces: (1512, 3)
Num Vertex Normals: (758, 3)
Num Face Normals: (1512, 3)
Num Vertex UV: (758, 2)

Num Vertices: (4538, 3)
Num Faces: (9072, 3)
Num Vertex Normals: (4538, 3)
Num Face Normals: (9072, 3)
Num Vertex UV: (4538, 2)

Begin thicken cloth...
Num Vertices: (64, 3)
Num Faces: (90, 3)
Num Vertex Normals: (64, 3)
Num Face Normals: (90, 3)
Num Vertex UV: (64, 2)

Begin subdivide cloth...
Num Vertices: (128, 3)
Num Faces: (252, 3)
Num Vertex Normals: (128, 3)
Num Face Normals: (252, 3)
Num Vertex UV: (128, 2)

Begin subdivide cloth...
Num Vertices: (758, 3)
Num Faces: (1512, 3)
Num Vertex Normals: (758, 3)
Num Face Normals: (1512, 3)
Num Vertex UV: (758, 2)

Num Vertices: (4538, 3)
Num Faces: (9072, 3)
Num Vertex Normals: (4538, 3)
Num Face Normals: (9072, 3)
Num Vertex UV: (4538, 2)

Begin thicken cloth...
Num Vertices: (64, 3)
Num Faces: (90, 3)
Num Vertex Normals: (64, 3)
Num Face Normals: (90, 3)
Num Vertex UV: (64, 2)

Begin subdivide cloth...
Num Vertices: (128, 3)
Num Faces: (252, 3)
Num Vertex Normals: (128, 3)
Num Face Normals: (252, 3)
Num Vertex UV: (128, 2)

Begin subdivide cloth...
Num Vertices: (758, 3)
Num Faces: (1512, 3)
Num Vertex Normals: (758, 3)
Num Face Normals: (1512, 3)
Num Vertex UV: (758, 2)

Num Vertices: (4538, 3)
Num Faces: (9072, 3)
Num Vertex Normals: (4538, 3)
Num Face Normals: (9072, 3)
Num Vertex UV: (4538, 2)

tot_time: 116.7632577419281
total_reward: [-0.14546239221835044]
Export to file: ../imgs/traj_opt_fold_14/scene_0.luisa
Export finished.
Export to file: ../imgs/traj_opt_fold_14/scene_1.luisa
Export finished.
Export to file: ../imgs/traj_opt_fold_14/scene_2.luisa
Export finished.
Export to file: ../imgs/traj_opt_fold_14/scene_3.luisa
Export finished.
Export to file: ../imgs/traj_opt_fold_14/scene_4.luisa
Export finished.
Export to file: ../imgs/traj_opt_fold_14/scene_5.luisa
Export finished.
Export to file: ../imgs/traj_opt_fold_14/scene_6.luisa
Export finished.
Export to file: ../imgs/traj_opt_fold_14/scene_7.luisa
Export finished.
Export to file: ../imgs/traj_opt_fold_14/scene_8.luisa
Export finished.
Export to file: ../imgs/traj_opt_fold_14/scene_9.luisa
Export finished.
Export to file: ../imgs/traj_opt_fold_14/scene_10.luisa
Export finished.
Export to file: ../imgs/traj_opt_fold_14/scene_11.luisa
Export finished.
Export to file: ../imgs/traj_opt_fold_14/scene_12.luisa
Export finished.
Export to file: ../imgs/traj_opt_fold_14/scene_13.luisa
Export finished.
Export to file: ../imgs/traj_opt_fold_14/scene_14.luisa
Export finished.
Export to file: ../imgs/traj_opt_fold_14/scene_15.luisa
Export finished.
Export to file: ../imgs/traj_opt_fold_14/scene_16.luisa
Export finished.
Export to file: ../imgs/traj_opt_fold_14/scene_17.luisa
Export finished.
Export to file: ../imgs/traj_opt_fold_14/scene_18.luisa
Export finished.
Export to file: ../imgs/traj_opt_fold_14/scene_19.luisa
Export finished.
Export to file: ../imgs/traj_opt_fold_14/scene_20.luisa
Export finished.
Export to file: ../imgs/traj_opt_fold_14/scene_21.luisa
Export finished.
Export to file: ../imgs/traj_opt_fold_14/scene_22.luisa
Export finished.
Export to file: ../imgs/traj_opt_fold_14/scene_23.luisa
Export finished.
Export to file: ../imgs/traj_opt_fold_14/scene_24.luisa
Export finished.
Export to file: ../imgs/traj_opt_fold_14/scene_25.luisa
Export finished.
Export to file: ../imgs/traj_opt_fold_14/scene_26.luisa
Export finished.
Export to file: ../imgs/traj_opt_fold_14/scene_27.luisa
Export finished.
Export to file: ../imgs/traj_opt_fold_14/scene_28.luisa
Export finished.
Export to file: ../imgs/traj_opt_fold_14/scene_29.luisa
Export finished.
Export to file: ../imgs/traj_opt_fold_14/scene_30.luisa
Export finished.
Export to file: ../imgs/traj_opt_fold_14/scene_31.luisa
Export finished.
Export to file: ../imgs/traj_opt_fold_14/scene_32.luisa
Export finished.
Export to file: ../imgs/traj_opt_fold_14/scene_33.luisa
Export finished.
Export to file: ../imgs/traj_opt_fold_14/scene_34.luisa
Export finished.
Export to file: ../imgs/traj_opt_fold_14/scene_35.luisa
Export finished.
Export to file: ../imgs/traj_opt_fold_14/scene_36.luisa
Export finished.
Export to file: ../imgs/traj_opt_fold_14/scene_37.luisa
Export finished.
Export to file: ../imgs/traj_opt_fold_14/scene_38.luisa
Export finished.
Export to file: ../imgs/traj_opt_fold_14/scene_39.luisa
Export finished.
Export to file: ../imgs/traj_opt_fold_14/scene_40.luisa
Export finished.
Export to file: ../imgs/traj_opt_fold_14/scene_41.luisa
Export finished.
Export to file: ../imgs/traj_opt_fold_14/scene_42.luisa
Export finished.
Export to file: ../imgs/traj_opt_fold_14/scene_43.luisa
Export finished.
Export to file: ../imgs/traj_opt_fold_14/scene_44.luisa
Export finished.
Export to file: ../imgs/traj_opt_fold_14/scene_45.luisa
Export finished.
Export to file: ../imgs/traj_opt_fold_14/scene_46.luisa
Export finished.
Export to file: ../imgs/traj_opt_fold_14/scene_47.luisa
Export finished.
Export to file: ../imgs/traj_opt_fold_14/scene_48.luisa
Export finished.
Export to file: ../imgs/traj_opt_fold_14/scene_49.luisa
Export finished.
[safeguard] restored best_traj.npy after export at iteration 0
[safeguard] restored plot_data.npy after export at iteration 0
done grad
iter:  1
tot_time: 12.80740237236023
total_reward: [-0.14546239221835044, -0.13838505937960255]
done grad
iter:  2
tot_time: 12.793809652328491
total_reward: [-0.14546239221835044, -0.13838505937960255, -0.1352266721151425]
done grad
iter:  3
tot_time: 12.827241897583008
total_reward: [-0.14546239221835044, -0.13838505937960255, -0.1352266721151425, -0.13047889818275427]
done grad
iter:  4
tot_time: 12.98608922958374
total_reward: [-0.14546239221835044, -0.13838505937960255, -0.1352266721151425, -0.13047889818275427, -0.12487392737517156]
done grad
iter:  5
tot_time: 13.106444597244263
total_reward: [-0.14546239221835044, -0.13838505937960255, -0.1352266721151425, -0.13047889818275427, -0.12487392737517156, -0.11904689209693742]
done grad
iter:  6
tot_time: 12.936623334884644
total_reward: [-0.14546239221835044, -0.13838505937960255, -0.1352266721151425, -0.13047889818275427, -0.12487392737517156, -0.11904689209693742, -0.09953544562119343]
done grad
iter:  7
tot_time: 13.067055225372314
total_reward: [-0.14546239221835044, -0.13838505937960255, -0.1352266721151425, -0.13047889818275427, -0.12487392737517156, -0.11904689209693742, -0.09953544562119343, -0.09511784154137759]
done grad
iter:  8
tot_time: 13.064212083816528
total_reward: [-0.14546239221835044, -0.13838505937960255, -0.1352266721151425, -0.13047889818275427, -0.12487392737517156, -0.11904689209693742, -0.09953544562119343, -0.09511784154137759, -0.09215308576285852]
done grad
iter:  9
tot_time: 13.150276899337769
total_reward: [-0.14546239221835044, -0.13838505937960255, -0.1352266721151425, -0.13047889818275427, -0.12487392737517156, -0.11904689209693742, -0.09953544562119343, -0.09511784154137759, -0.09215308576285852, -0.08896227580440175]
done grad
iter:  10
tot_time: 13.143598794937134
total_reward: [-0.14546239221835044, -0.13838505937960255, -0.1352266721151425, -0.13047889818275427, -0.12487392737517156, -0.11904689209693742, -0.09953544562119343, -0.09511784154137759, -0.09215308576285852, -0.08896227580440175, -0.08649826904917401]
done grad
iter:  11
tot_time: 13.172503471374512
total_reward: [-0.14546239221835044, -0.13838505937960255, -0.1352266721151425, -0.13047889818275427, -0.12487392737517156, -0.11904689209693742, -0.09953544562119343, -0.09511784154137759, -0.09215308576285852, -0.08896227580440175, -0.08649826904917401, -0.08476358412550788]
done grad
iter:  12
tot_time: 13.347588539123535
total_reward: [-0.14546239221835044, -0.13838505937960255, -0.1352266721151425, -0.13047889818275427, -0.12487392737517156, -0.11904689209693742, -0.09953544562119343, -0.09511784154137759, -0.09215308576285852, -0.08896227580440175, -0.08649826904917401, -0.08476358412550788, -0.08242556964659387]
done grad
iter:  13
tot_time: 13.396339416503906
total_reward: [-0.14546239221835044, -0.13838505937960255, -0.1352266721151425, -0.13047889818275427, -0.12487392737517156, -0.11904689209693742, -0.09953544562119343, -0.09511784154137759, -0.09215308576285852, -0.08896227580440175, -0.08649826904917401, -0.08476358412550788, -0.08242556964659387, -0.07852034797157592]
done grad
iter:  14
tot_time: 13.475341320037842
total_reward: [-0.14546239221835044, -0.13838505937960255, -0.1352266721151425, -0.13047889818275427, -0.12487392737517156, -0.11904689209693742, -0.09953544562119343, -0.09511784154137759, -0.09215308576285852, -0.08896227580440175, -0.08649826904917401, -0.08476358412550788, -0.08242556964659387, -0.07852034797157592, -0.07302239157840029]
done grad
iter:  15
tot_time: 13.516785860061646
total_reward: [-0.14546239221835044, -0.13838505937960255, -0.1352266721151425, -0.13047889818275427, -0.12487392737517156, -0.11904689209693742, -0.09953544562119343, -0.09511784154137759, -0.09215308576285852, -0.08896227580440175, -0.08649826904917401, -0.08476358412550788, -0.08242556964659387, -0.07852034797157592, -0.07302239157840029, -0.0691573034271098]
done grad
iter:  16
tot_time: 13.52054476737976
total_reward: [-0.14546239221835044, -0.13838505937960255, -0.1352266721151425, -0.13047889818275427, -0.12487392737517156, -0.11904689209693742, -0.09953544562119343, -0.09511784154137759, -0.09215308576285852, -0.08896227580440175, -0.08649826904917401, -0.08476358412550788, -0.08242556964659387, -0.07852034797157592, -0.07302239157840029, -0.0691573034271098, -0.06006754584716223]
done grad
iter:  17
tot_time: 13.499380350112915
total_reward: [-0.14546239221835044, -0.13838505937960255, -0.1352266721151425, -0.13047889818275427, -0.12487392737517156, -0.11904689209693742, -0.09953544562119343, -0.09511784154137759, -0.09215308576285852, -0.08896227580440175, -0.08649826904917401, -0.08476358412550788, -0.08242556964659387, -0.07852034797157592, -0.07302239157840029, -0.0691573034271098, -0.06006754584716223, -0.0554937647819469]
done grad
iter:  18
tot_time: 13.563311100006104
total_reward: [-0.14546239221835044, -0.13838505937960255, -0.1352266721151425, -0.13047889818275427, -0.12487392737517156, -0.11904689209693742, -0.09953544562119343, -0.09511784154137759, -0.09215308576285852, -0.08896227580440175, -0.08649826904917401, -0.08476358412550788, -0.08242556964659387, -0.07852034797157592, -0.07302239157840029, -0.0691573034271098, -0.06006754584716223, -0.0554937647819469, -0.05549376487094193]
done grad
iter:  19
tot_time: 13.610016107559204
total_reward: [-0.14546239221835044, -0.13838505937960255, -0.1352266721151425, -0.13047889818275427, -0.12487392737517156, -0.11904689209693742, -0.09953544562119343, -0.09511784154137759, -0.09215308576285852, -0.08896227580440175, -0.08649826904917401, -0.08476358412550788, -0.08242556964659387, -0.07852034797157592, -0.07302239157840029, -0.0691573034271098, -0.06006754584716223, -0.0554937647819469, -0.05549376487094193, -0.05549376478796764]
done grad
iter:  20
tot_time: 13.710874319076538
total_reward: [-0.14546239221835044, -0.13838505937960255, -0.1352266721151425, -0.13047889818275427, -0.12487392737517156, -0.11904689209693742, -0.09953544562119343, -0.09511784154137759, -0.09215308576285852, -0.08896227580440175, -0.08649826904917401, -0.08476358412550788, -0.08242556964659387, -0.07852034797157592, -0.07302239157840029, -0.0691573034271098, -0.06006754584716223, -0.0554937647819469, -0.05549376487094193, -0.05549376478796764, -0.05549376479043033]
done grad
iter:  21
tot_time: 13.718011617660522
total_reward: [-0.14546239221835044, -0.13838505937960255, -0.1352266721151425, -0.13047889818275427, -0.12487392737517156, -0.11904689209693742, -0.09953544562119343, -0.09511784154137759, -0.09215308576285852, -0.08896227580440175, -0.08649826904917401, -0.08476358412550788, -0.08242556964659387, -0.07852034797157592, -0.07302239157840029, -0.0691573034271098, -0.06006754584716223, -0.0554937647819469, -0.05549376487094193, -0.05549376478796764, -0.05549376479043033, -0.05549376488615243]
done grad
iter:  22
tot_time: 13.724299907684326
total_reward: [-0.14546239221835044, -0.13838505937960255, -0.1352266721151425, -0.13047889818275427, -0.12487392737517156, -0.11904689209693742, -0.09953544562119343, -0.09511784154137759, -0.09215308576285852, -0.08896227580440175, -0.08649826904917401, -0.08476358412550788, -0.08242556964659387, -0.07852034797157592, -0.07302239157840029, -0.0691573034271098, -0.06006754584716223, -0.0554937647819469, -0.05549376487094193, -0.05549376478796764, -0.05549376479043033, -0.05549376488615243, -0.0554937649057905]
done grad
iter:  23
tot_time: 13.756351709365845
total_reward: [-0.14546239221835044, -0.13838505937960255, -0.1352266721151425, -0.13047889818275427, -0.12487392737517156, -0.11904689209693742, -0.09953544562119343, -0.09511784154137759, -0.09215308576285852, -0.08896227580440175, -0.08649826904917401, -0.08476358412550788, -0.08242556964659387, -0.07852034797157592, -0.07302239157840029, -0.0691573034271098, -0.06006754584716223, -0.0554937647819469, -0.05549376487094193, -0.05549376478796764, -0.05549376479043033, -0.05549376488615243, -0.0554937649057905, -0.055493764903918]
done grad
iter:  24
tot_time: 13.783944606781006
total_reward: [-0.14546239221835044, -0.13838505937960255, -0.1352266721151425, -0.13047889818275427, -0.12487392737517156, -0.11904689209693742, -0.09953544562119343, -0.09511784154137759, -0.09215308576285852, -0.08896227580440175, -0.08649826904917401, -0.08476358412550788, -0.08242556964659387, -0.07852034797157592, -0.07302239157840029, -0.0691573034271098, -0.06006754584716223, -0.0554937647819469, -0.05549376487094193, -0.05549376478796764, -0.05549376479043033, -0.05549376488615243, -0.0554937649057905, -0.055493764903918, -0.055493764924425815]
done grad
iter:  25
tot_time: 13.808019161224365
total_reward: [-0.14546239221835044, -0.13838505937960255, -0.1352266721151425, -0.13047889818275427, -0.12487392737517156, -0.11904689209693742, -0.09953544562119343, -0.09511784154137759, -0.09215308576285852, -0.08896227580440175, -0.08649826904917401, -0.08476358412550788, -0.08242556964659387, -0.07852034797157592, -0.07302239157840029, -0.0691573034271098, -0.06006754584716223, -0.0554937647819469, -0.05549376487094193, -0.05549376478796764, -0.05549376479043033, -0.05549376488615243, -0.0554937649057905, -0.055493764903918, -0.055493764924425815, -0.055493764886368924]
done grad
iter:  26
tot_time: 13.940070152282715
total_reward: [-0.14546239221835044, -0.13838505937960255, -0.1352266721151425, -0.13047889818275427, -0.12487392737517156, -0.11904689209693742, -0.09953544562119343, -0.09511784154137759, -0.09215308576285852, -0.08896227580440175, -0.08649826904917401, -0.08476358412550788, -0.08242556964659387, -0.07852034797157592, -0.07302239157840029, -0.0691573034271098, -0.06006754584716223, -0.0554937647819469, -0.05549376487094193, -0.05549376478796764, -0.05549376479043033, -0.05549376488615243, -0.0554937649057905, -0.055493764903918, -0.055493764924425815, -0.055493764886368924, -0.0554937648905891]
done grad
iter:  27
tot_time: 13.943207502365112
total_reward: [-0.14546239221835044, -0.13838505937960255, -0.1352266721151425, -0.13047889818275427, -0.12487392737517156, -0.11904689209693742, -0.09953544562119343, -0.09511784154137759, -0.09215308576285852, -0.08896227580440175, -0.08649826904917401, -0.08476358412550788, -0.08242556964659387, -0.07852034797157592, -0.07302239157840029, -0.0691573034271098, -0.06006754584716223, -0.0554937647819469, -0.05549376487094193, -0.05549376478796764, -0.05549376479043033, -0.05549376488615243, -0.0554937649057905, -0.055493764903918, -0.055493764924425815, -0.055493764886368924, -0.0554937648905891, -0.05549376477431567]
done grad
iter:  28
tot_time: 14.173892736434937
total_reward: [-0.14546239221835044, -0.13838505937960255, -0.1352266721151425, -0.13047889818275427, -0.12487392737517156, -0.11904689209693742, -0.09953544562119343, -0.09511784154137759, -0.09215308576285852, -0.08896227580440175, -0.08649826904917401, -0.08476358412550788, -0.08242556964659387, -0.07852034797157592, -0.07302239157840029, -0.0691573034271098, -0.06006754584716223, -0.0554937647819469, -0.05549376487094193, -0.05549376478796764, -0.05549376479043033, -0.05549376488615243, -0.0554937649057905, -0.055493764903918, -0.055493764924425815, -0.055493764886368924, -0.0554937648905891, -0.05549376477431567, -0.05549376481032753]
done grad
iter:  29
tot_time: 14.146306037902832
total_reward: [-0.14546239221835044, -0.13838505937960255, -0.1352266721151425, -0.13047889818275427, -0.12487392737517156, -0.11904689209693742, -0.09953544562119343, -0.09511784154137759, -0.09215308576285852, -0.08896227580440175, -0.08649826904917401, -0.08476358412550788, -0.08242556964659387, -0.07852034797157592, -0.07302239157840029, -0.0691573034271098, -0.06006754584716223, -0.0554937647819469, -0.05549376487094193, -0.05549376478796764, -0.05549376479043033, -0.05549376488615243, -0.0554937649057905, -0.055493764903918, -0.055493764924425815, -0.055493764886368924, -0.0554937648905891, -0.05549376477431567, -0.05549376481032753, -0.055493764859747996]
done grad
iter:  30
tot_time: 14.24129343032837
total_reward: [-0.14546239221835044, -0.13838505937960255, -0.1352266721151425, -0.13047889818275427, -0.12487392737517156, -0.11904689209693742, -0.09953544562119343, -0.09511784154137759, -0.09215308576285852, -0.08896227580440175, -0.08649826904917401, -0.08476358412550788, -0.08242556964659387, -0.07852034797157592, -0.07302239157840029, -0.0691573034271098, -0.06006754584716223, -0.0554937647819469, -0.05549376487094193, -0.05549376478796764, -0.05549376479043033, -0.05549376488615243, -0.0554937649057905, -0.055493764903918, -0.055493764924425815, -0.055493764886368924, -0.0554937648905891, -0.05549376477431567, -0.05549376481032753, -0.055493764859747996, -0.05549376482129098]
done grad
iter:  31
tot_time: 14.246060132980347
total_reward: [-0.14546239221835044, -0.13838505937960255, -0.1352266721151425, -0.13047889818275427, -0.12487392737517156, -0.11904689209693742, -0.09953544562119343, -0.09511784154137759, -0.09215308576285852, -0.08896227580440175, -0.08649826904917401, -0.08476358412550788, -0.08242556964659387, -0.07852034797157592, -0.07302239157840029, -0.0691573034271098, -0.06006754584716223, -0.0554937647819469, -0.05549376487094193, -0.05549376478796764, -0.05549376479043033, -0.05549376488615243, -0.0554937649057905, -0.055493764903918, -0.055493764924425815, -0.055493764886368924, -0.0554937648905891, -0.05549376477431567, -0.05549376481032753, -0.055493764859747996, -0.05549376482129098, -0.05549376478399837]
done grad
iter:  32
tot_time: 14.267024993896484
total_reward: [-0.14546239221835044, -0.13838505937960255, -0.1352266721151425, -0.13047889818275427, -0.12487392737517156, -0.11904689209693742, -0.09953544562119343, -0.09511784154137759, -0.09215308576285852, -0.08896227580440175, -0.08649826904917401, -0.08476358412550788, -0.08242556964659387, -0.07852034797157592, -0.07302239157840029, -0.0691573034271098, -0.06006754584716223, -0.0554937647819469, -0.05549376487094193, -0.05549376478796764, -0.05549376479043033, -0.05549376488615243, -0.0554937649057905, -0.055493764903918, -0.055493764924425815, -0.055493764886368924, -0.0554937648905891, -0.05549376477431567, -0.05549376481032753, -0.055493764859747996, -0.05549376482129098, -0.05549376478399837, -0.055493764843109084]
done grad
iter:  33
tot_time: 14.291352987289429
total_reward: [-0.14546239221835044, -0.13838505937960255, -0.1352266721151425, -0.13047889818275427, -0.12487392737517156, -0.11904689209693742, -0.09953544562119343, -0.09511784154137759, -0.09215308576285852, -0.08896227580440175, -0.08649826904917401, -0.08476358412550788, -0.08242556964659387, -0.07852034797157592, -0.07302239157840029, -0.0691573034271098, -0.06006754584716223, -0.0554937647819469, -0.05549376487094193, -0.05549376478796764, -0.05549376479043033, -0.05549376488615243, -0.0554937649057905, -0.055493764903918, -0.055493764924425815, -0.055493764886368924, -0.0554937648905891, -0.05549376477431567, -0.05549376481032753, -0.055493764859747996, -0.05549376482129098, -0.05549376478399837, -0.055493764843109084, -0.055493764902007525]
done grad
iter:  34
tot_time: 14.542253017425537
total_reward: [-0.14546239221835044, -0.13838505937960255, -0.1352266721151425, -0.13047889818275427, -0.12487392737517156, -0.11904689209693742, -0.09953544562119343, -0.09511784154137759, -0.09215308576285852, -0.08896227580440175, -0.08649826904917401, -0.08476358412550788, -0.08242556964659387, -0.07852034797157592, -0.07302239157840029, -0.0691573034271098, -0.06006754584716223, -0.0554937647819469, -0.05549376487094193, -0.05549376478796764, -0.05549376479043033, -0.05549376488615243, -0.0554937649057905, -0.055493764903918, -0.055493764924425815, -0.055493764886368924, -0.0554937648905891, -0.05549376477431567, -0.05549376481032753, -0.055493764859747996, -0.05549376482129098, -0.05549376478399837, -0.055493764843109084, -0.055493764902007525, -0.055493764852670324]
done grad
iter:  35
tot_time: 14.42674708366394
total_reward: [-0.14546239221835044, -0.13838505937960255, -0.1352266721151425, -0.13047889818275427, -0.12487392737517156, -0.11904689209693742, -0.09953544562119343, -0.09511784154137759, -0.09215308576285852, -0.08896227580440175, -0.08649826904917401, -0.08476358412550788, -0.08242556964659387, -0.07852034797157592, -0.07302239157840029, -0.0691573034271098, -0.06006754584716223, -0.0554937647819469, -0.05549376487094193, -0.05549376478796764, -0.05549376479043033, -0.05549376488615243, -0.0554937649057905, -0.055493764903918, -0.055493764924425815, -0.055493764886368924, -0.0554937648905891, -0.05549376477431567, -0.05549376481032753, -0.055493764859747996, -0.05549376482129098, -0.05549376478399837, -0.055493764843109084, -0.055493764902007525, -0.055493764852670324, -0.05549376480484858]
done grad
iter:  36
tot_time: 14.239956378936768
total_reward: [-0.14546239221835044, -0.13838505937960255, -0.1352266721151425, -0.13047889818275427, -0.12487392737517156, -0.11904689209693742, -0.09953544562119343, -0.09511784154137759, -0.09215308576285852, -0.08896227580440175, -0.08649826904917401, -0.08476358412550788, -0.08242556964659387, -0.07852034797157592, -0.07302239157840029, -0.0691573034271098, -0.06006754584716223, -0.0554937647819469, -0.05549376487094193, -0.05549376478796764, -0.05549376479043033, -0.05549376488615243, -0.0554937649057905, -0.055493764903918, -0.055493764924425815, -0.055493764886368924, -0.0554937648905891, -0.05549376477431567, -0.05549376481032753, -0.055493764859747996, -0.05549376482129098, -0.05549376478399837, -0.055493764843109084, -0.055493764902007525, -0.055493764852670324, -0.05549376480484858, -0.0554937648641447]
done grad
iter:  37
tot_time: 14.15728497505188
total_reward: [-0.14546239221835044, -0.13838505937960255, -0.1352266721151425, -0.13047889818275427, -0.12487392737517156, -0.11904689209693742, -0.09953544562119343, -0.09511784154137759, -0.09215308576285852, -0.08896227580440175, -0.08649826904917401, -0.08476358412550788, -0.08242556964659387, -0.07852034797157592, -0.07302239157840029, -0.0691573034271098, -0.06006754584716223, -0.0554937647819469, -0.05549376487094193, -0.05549376478796764, -0.05549376479043033, -0.05549376488615243, -0.0554937649057905, -0.055493764903918, -0.055493764924425815, -0.055493764886368924, -0.0554937648905891, -0.05549376477431567, -0.05549376481032753, -0.055493764859747996, -0.05549376482129098, -0.05549376478399837, -0.055493764843109084, -0.055493764902007525, -0.055493764852670324, -0.05549376480484858, -0.0554937648641447, -0.055493764828934644]
done grad
iter:  38
tot_time: 14.187293529510498
total_reward: [-0.14546239221835044, -0.13838505937960255, -0.1352266721151425, -0.13047889818275427, -0.12487392737517156, -0.11904689209693742, -0.09953544562119343, -0.09511784154137759, -0.09215308576285852, -0.08896227580440175, -0.08649826904917401, -0.08476358412550788, -0.08242556964659387, -0.07852034797157592, -0.07302239157840029, -0.0691573034271098, -0.06006754584716223, -0.0554937647819469, -0.05549376487094193, -0.05549376478796764, -0.05549376479043033, -0.05549376488615243, -0.0554937649057905, -0.055493764903918, -0.055493764924425815, -0.055493764886368924, -0.0554937648905891, -0.05549376477431567, -0.05549376481032753, -0.055493764859747996, -0.05549376482129098, -0.05549376478399837, -0.055493764843109084, -0.055493764902007525, -0.055493764852670324, -0.05549376480484858, -0.0554937648641447, -0.055493764828934644, -0.05549376487801094]
done grad
iter:  39
tot_time: 14.081605434417725
total_reward: [-0.14546239221835044, -0.13838505937960255, -0.1352266721151425, -0.13047889818275427, -0.12487392737517156, -0.11904689209693742, -0.09953544562119343, -0.09511784154137759, -0.09215308576285852, -0.08896227580440175, -0.08649826904917401, -0.08476358412550788, -0.08242556964659387, -0.07852034797157592, -0.07302239157840029, -0.0691573034271098, -0.06006754584716223, -0.0554937647819469, -0.05549376487094193, -0.05549376478796764, -0.05549376479043033, -0.05549376488615243, -0.0554937649057905, -0.055493764903918, -0.055493764924425815, -0.055493764886368924, -0.0554937648905891, -0.05549376477431567, -0.05549376481032753, -0.055493764859747996, -0.05549376482129098, -0.05549376478399837, -0.055493764843109084, -0.055493764902007525, -0.055493764852670324, -0.05549376480484858, -0.0554937648641447, -0.055493764828934644, -0.05549376487801094, -0.05549376485962387]
done grad
iter:  40
tot_time: 14.2212553024292
total_reward: [-0.14546239221835044, -0.13838505937960255, -0.1352266721151425, -0.13047889818275427, -0.12487392737517156, -0.11904689209693742, -0.09953544562119343, -0.09511784154137759, -0.09215308576285852, -0.08896227580440175, -0.08649826904917401, -0.08476358412550788, -0.08242556964659387, -0.07852034797157592, -0.07302239157840029, -0.0691573034271098, -0.06006754584716223, -0.0554937647819469, -0.05549376487094193, -0.05549376478796764, -0.05549376479043033, -0.05549376488615243, -0.0554937649057905, -0.055493764903918, -0.055493764924425815, -0.055493764886368924, -0.0554937648905891, -0.05549376477431567, -0.05549376481032753, -0.055493764859747996, -0.05549376482129098, -0.05549376478399837, -0.055493764843109084, -0.055493764902007525, -0.055493764852670324, -0.05549376480484858, -0.0554937648641447, -0.055493764828934644, -0.05549376487801094, -0.05549376485962387, -0.05549376482777735]
done grad
iter:  41
tot_time: 14.165566444396973
total_reward: [-0.14546239221835044, -0.13838505937960255, -0.1352266721151425, -0.13047889818275427, -0.12487392737517156, -0.11904689209693742, -0.09953544562119343, -0.09511784154137759, -0.09215308576285852, -0.08896227580440175, -0.08649826904917401, -0.08476358412550788, -0.08242556964659387, -0.07852034797157592, -0.07302239157840029, -0.0691573034271098, -0.06006754584716223, -0.0554937647819469, -0.05549376487094193, -0.05549376478796764, -0.05549376479043033, -0.05549376488615243, -0.0554937649057905, -0.055493764903918, -0.055493764924425815, -0.055493764886368924, -0.0554937648905891, -0.05549376477431567, -0.05549376481032753, -0.055493764859747996, -0.05549376482129098, -0.05549376478399837, -0.055493764843109084, -0.055493764902007525, -0.055493764852670324, -0.05549376480484858, -0.0554937648641447, -0.055493764828934644, -0.05549376487801094, -0.05549376485962387, -0.05549376482777735, -0.05549376480472601]
done grad
iter:  42
tot_time: 14.112784385681152
total_reward: [-0.14546239221835044, -0.13838505937960255, -0.1352266721151425, -0.13047889818275427, -0.12487392737517156, -0.11904689209693742, -0.09953544562119343, -0.09511784154137759, -0.09215308576285852, -0.08896227580440175, -0.08649826904917401, -0.08476358412550788, -0.08242556964659387, -0.07852034797157592, -0.07302239157840029, -0.0691573034271098, -0.06006754584716223, -0.0554937647819469, -0.05549376487094193, -0.05549376478796764, -0.05549376479043033, -0.05549376488615243, -0.0554937649057905, -0.055493764903918, -0.055493764924425815, -0.055493764886368924, -0.0554937648905891, -0.05549376477431567, -0.05549376481032753, -0.055493764859747996, -0.05549376482129098, -0.05549376478399837, -0.055493764843109084, -0.055493764902007525, -0.055493764852670324, -0.05549376480484858, -0.0554937648641447, -0.055493764828934644, -0.05549376487801094, -0.05549376485962387, -0.05549376482777735, -0.05549376480472601, -0.0554937648465752]
done grad
iter:  43
tot_time: 14.13785719871521
total_reward: [-0.14546239221835044, -0.13838505937960255, -0.1352266721151425, -0.13047889818275427, -0.12487392737517156, -0.11904689209693742, -0.09953544562119343, -0.09511784154137759, -0.09215308576285852, -0.08896227580440175, -0.08649826904917401, -0.08476358412550788, -0.08242556964659387, -0.07852034797157592, -0.07302239157840029, -0.0691573034271098, -0.06006754584716223, -0.0554937647819469, -0.05549376487094193, -0.05549376478796764, -0.05549376479043033, -0.05549376488615243, -0.0554937649057905, -0.055493764903918, -0.055493764924425815, -0.055493764886368924, -0.0554937648905891, -0.05549376477431567, -0.05549376481032753, -0.055493764859747996, -0.05549376482129098, -0.05549376478399837, -0.055493764843109084, -0.055493764902007525, -0.055493764852670324, -0.05549376480484858, -0.0554937648641447, -0.055493764828934644, -0.05549376487801094, -0.05549376485962387, -0.05549376482777735, -0.05549376480472601, -0.0554937648465752, -0.05549376481332602]
done grad
iter:  44
tot_time: 14.170777797698975
total_reward: [-0.14546239221835044, -0.13838505937960255, -0.1352266721151425, -0.13047889818275427, -0.12487392737517156, -0.11904689209693742, -0.09953544562119343, -0.09511784154137759, -0.09215308576285852, -0.08896227580440175, -0.08649826904917401, -0.08476358412550788, -0.08242556964659387, -0.07852034797157592, -0.07302239157840029, -0.0691573034271098, -0.06006754584716223, -0.0554937647819469, -0.05549376487094193, -0.05549376478796764, -0.05549376479043033, -0.05549376488615243, -0.0554937649057905, -0.055493764903918, -0.055493764924425815, -0.055493764886368924, -0.0554937648905891, -0.05549376477431567, -0.05549376481032753, -0.055493764859747996, -0.05549376482129098, -0.05549376478399837, -0.055493764843109084, -0.055493764902007525, -0.055493764852670324, -0.05549376480484858, -0.0554937648641447, -0.055493764828934644, -0.05549376487801094, -0.05549376485962387, -0.05549376482777735, -0.05549376480472601, -0.0554937648465752, -0.05549376481332602, -0.05549376483096147]
done grad
iter:  45
tot_time: 14.180308103561401
total_reward: [-0.14546239221835044, -0.13838505937960255, -0.1352266721151425, -0.13047889818275427, -0.12487392737517156, -0.11904689209693742, -0.09953544562119343, -0.09511784154137759, -0.09215308576285852, -0.08896227580440175, -0.08649826904917401, -0.08476358412550788, -0.08242556964659387, -0.07852034797157592, -0.07302239157840029, -0.0691573034271098, -0.06006754584716223, -0.0554937647819469, -0.05549376487094193, -0.05549376478796764, -0.05549376479043033, -0.05549376488615243, -0.0554937649057905, -0.055493764903918, -0.055493764924425815, -0.055493764886368924, -0.0554937648905891, -0.05549376477431567, -0.05549376481032753, -0.055493764859747996, -0.05549376482129098, -0.05549376478399837, -0.055493764843109084, -0.055493764902007525, -0.055493764852670324, -0.05549376480484858, -0.0554937648641447, -0.055493764828934644, -0.05549376487801094, -0.05549376485962387, -0.05549376482777735, -0.05549376480472601, -0.0554937648465752, -0.05549376481332602, -0.05549376483096147, -0.05549376485712565]
done grad
iter:  46
tot_time: 14.23073935508728
total_reward: [-0.14546239221835044, -0.13838505937960255, -0.1352266721151425, -0.13047889818275427, -0.12487392737517156, -0.11904689209693742, -0.09953544562119343, -0.09511784154137759, -0.09215308576285852, -0.08896227580440175, -0.08649826904917401, -0.08476358412550788, -0.08242556964659387, -0.07852034797157592, -0.07302239157840029, -0.0691573034271098, -0.06006754584716223, -0.0554937647819469, -0.05549376487094193, -0.05549376478796764, -0.05549376479043033, -0.05549376488615243, -0.0554937649057905, -0.055493764903918, -0.055493764924425815, -0.055493764886368924, -0.0554937648905891, -0.05549376477431567, -0.05549376481032753, -0.055493764859747996, -0.05549376482129098, -0.05549376478399837, -0.055493764843109084, -0.055493764902007525, -0.055493764852670324, -0.05549376480484858, -0.0554937648641447, -0.055493764828934644, -0.05549376487801094, -0.05549376485962387, -0.05549376482777735, -0.05549376480472601, -0.0554937648465752, -0.05549376481332602, -0.05549376483096147, -0.05549376485712565, -0.05549376482492785]
done grad
iter:  47
tot_time: 14.188748121261597
total_reward: [-0.14546239221835044, -0.13838505937960255, -0.1352266721151425, -0.13047889818275427, -0.12487392737517156, -0.11904689209693742, -0.09953544562119343, -0.09511784154137759, -0.09215308576285852, -0.08896227580440175, -0.08649826904917401, -0.08476358412550788, -0.08242556964659387, -0.07852034797157592, -0.07302239157840029, -0.0691573034271098, -0.06006754584716223, -0.0554937647819469, -0.05549376487094193, -0.05549376478796764, -0.05549376479043033, -0.05549376488615243, -0.0554937649057905, -0.055493764903918, -0.055493764924425815, -0.055493764886368924, -0.0554937648905891, -0.05549376477431567, -0.05549376481032753, -0.055493764859747996, -0.05549376482129098, -0.05549376478399837, -0.055493764843109084, -0.055493764902007525, -0.055493764852670324, -0.05549376480484858, -0.0554937648641447, -0.055493764828934644, -0.05549376487801094, -0.05549376485962387, -0.05549376482777735, -0.05549376480472601, -0.0554937648465752, -0.05549376481332602, -0.05549376483096147, -0.05549376485712565, -0.05549376482492785, -0.05549376483526358]
done grad
iter:  48
tot_time: 14.260559320449829
total_reward: [-0.14546239221835044, -0.13838505937960255, -0.1352266721151425, -0.13047889818275427, -0.12487392737517156, -0.11904689209693742, -0.09953544562119343, -0.09511784154137759, -0.09215308576285852, -0.08896227580440175, -0.08649826904917401, -0.08476358412550788, -0.08242556964659387, -0.07852034797157592, -0.07302239157840029, -0.0691573034271098, -0.06006754584716223, -0.0554937647819469, -0.05549376487094193, -0.05549376478796764, -0.05549376479043033, -0.05549376488615243, -0.0554937649057905, -0.055493764903918, -0.055493764924425815, -0.055493764886368924, -0.0554937648905891, -0.05549376477431567, -0.05549376481032753, -0.055493764859747996, -0.05549376482129098, -0.05549376478399837, -0.055493764843109084, -0.055493764902007525, -0.055493764852670324, -0.05549376480484858, -0.0554937648641447, -0.055493764828934644, -0.05549376487801094, -0.05549376485962387, -0.05549376482777735, -0.05549376480472601, -0.0554937648465752, -0.05549376481332602, -0.05549376483096147, -0.05549376485712565, -0.05549376482492785, -0.05549376483526358, -0.05549376491401814]
done grad
iter:  49
tot_time: 14.264169931411743
total_reward: [-0.14546239221835044, -0.13838505937960255, -0.1352266721151425, -0.13047889818275427, -0.12487392737517156, -0.11904689209693742, -0.09953544562119343, -0.09511784154137759, -0.09215308576285852, -0.08896227580440175, -0.08649826904917401, -0.08476358412550788, -0.08242556964659387, -0.07852034797157592, -0.07302239157840029, -0.0691573034271098, -0.06006754584716223, -0.0554937647819469, -0.05549376487094193, -0.05549376478796764, -0.05549376479043033, -0.05549376488615243, -0.0554937649057905, -0.055493764903918, -0.055493764924425815, -0.055493764886368924, -0.0554937648905891, -0.05549376477431567, -0.05549376481032753, -0.055493764859747996, -0.05549376482129098, -0.05549376478399837, -0.055493764843109084, -0.055493764902007525, -0.055493764852670324, -0.05549376480484858, -0.0554937648641447, -0.055493764828934644, -0.05549376487801094, -0.05549376485962387, -0.05549376482777735, -0.05549376480472601, -0.0554937648465752, -0.05549376481332602, -0.05549376483096147, -0.05549376485712565, -0.05549376482492785, -0.05549376483526358, -0.05549376491401814, -0.05549376487433433]
done grad
iter:  50
tot_time: 14.317432403564453
total_reward: [-0.14546239221835044, -0.13838505937960255, -0.1352266721151425, -0.13047889818275427, -0.12487392737517156, -0.11904689209693742, -0.09953544562119343, -0.09511784154137759, -0.09215308576285852, -0.08896227580440175, -0.08649826904917401, -0.08476358412550788, -0.08242556964659387, -0.07852034797157592, -0.07302239157840029, -0.0691573034271098, -0.06006754584716223, -0.0554937647819469, -0.05549376487094193, -0.05549376478796764, -0.05549376479043033, -0.05549376488615243, -0.0554937649057905, -0.055493764903918, -0.055493764924425815, -0.055493764886368924, -0.0554937648905891, -0.05549376477431567, -0.05549376481032753, -0.055493764859747996, -0.05549376482129098, -0.05549376478399837, -0.055493764843109084, -0.055493764902007525, -0.055493764852670324, -0.05549376480484858, -0.0554937648641447, -0.055493764828934644, -0.05549376487801094, -0.05549376485962387, -0.05549376482777735, -0.05549376480472601, -0.0554937648465752, -0.05549376481332602, -0.05549376483096147, -0.05549376485712565, -0.05549376482492785, -0.05549376483526358, -0.05549376491401814, -0.05549376487433433, -0.05549376489406099]
done grad
iter:  51
tot_time: 14.37477970123291
total_reward: [-0.14546239221835044, -0.13838505937960255, -0.1352266721151425, -0.13047889818275427, -0.12487392737517156, -0.11904689209693742, -0.09953544562119343, -0.09511784154137759, -0.09215308576285852, -0.08896227580440175, -0.08649826904917401, -0.08476358412550788, -0.08242556964659387, -0.07852034797157592, -0.07302239157840029, -0.0691573034271098, -0.06006754584716223, -0.0554937647819469, -0.05549376487094193, -0.05549376478796764, -0.05549376479043033, -0.05549376488615243, -0.0554937649057905, -0.055493764903918, -0.055493764924425815, -0.055493764886368924, -0.0554937648905891, -0.05549376477431567, -0.05549376481032753, -0.055493764859747996, -0.05549376482129098, -0.05549376478399837, -0.055493764843109084, -0.055493764902007525, -0.055493764852670324, -0.05549376480484858, -0.0554937648641447, -0.055493764828934644, -0.05549376487801094, -0.05549376485962387, -0.05549376482777735, -0.05549376480472601, -0.0554937648465752, -0.05549376481332602, -0.05549376483096147, -0.05549376485712565, -0.05549376482492785, -0.05549376483526358, -0.05549376491401814, -0.05549376487433433, -0.05549376489406099, -0.05549376487650437]
done grad
iter:  52
tot_time: 14.208580493927002
total_reward: [-0.14546239221835044, -0.13838505937960255, -0.1352266721151425, -0.13047889818275427, -0.12487392737517156, -0.11904689209693742, -0.09953544562119343, -0.09511784154137759, -0.09215308576285852, -0.08896227580440175, -0.08649826904917401, -0.08476358412550788, -0.08242556964659387, -0.07852034797157592, -0.07302239157840029, -0.0691573034271098, -0.06006754584716223, -0.0554937647819469, -0.05549376487094193, -0.05549376478796764, -0.05549376479043033, -0.05549376488615243, -0.0554937649057905, -0.055493764903918, -0.055493764924425815, -0.055493764886368924, -0.0554937648905891, -0.05549376477431567, -0.05549376481032753, -0.055493764859747996, -0.05549376482129098, -0.05549376478399837, -0.055493764843109084, -0.055493764902007525, -0.055493764852670324, -0.05549376480484858, -0.0554937648641447, -0.055493764828934644, -0.05549376487801094, -0.05549376485962387, -0.05549376482777735, -0.05549376480472601, -0.0554937648465752, -0.05549376481332602, -0.05549376483096147, -0.05549376485712565, -0.05549376482492785, -0.05549376483526358, -0.05549376491401814, -0.05549376487433433, -0.05549376489406099, -0.05549376487650437, -0.05549376494921732]
done grad
iter:  53
tot_time: 14.231866836547852
total_reward: [-0.14546239221835044, -0.13838505937960255, -0.1352266721151425, -0.13047889818275427, -0.12487392737517156, -0.11904689209693742, -0.09953544562119343, -0.09511784154137759, -0.09215308576285852, -0.08896227580440175, -0.08649826904917401, -0.08476358412550788, -0.08242556964659387, -0.07852034797157592, -0.07302239157840029, -0.0691573034271098, -0.06006754584716223, -0.0554937647819469, -0.05549376487094193, -0.05549376478796764, -0.05549376479043033, -0.05549376488615243, -0.0554937649057905, -0.055493764903918, -0.055493764924425815, -0.055493764886368924, -0.0554937648905891, -0.05549376477431567, -0.05549376481032753, -0.055493764859747996, -0.05549376482129098, -0.05549376478399837, -0.055493764843109084, -0.055493764902007525, -0.055493764852670324, -0.05549376480484858, -0.0554937648641447, -0.055493764828934644, -0.05549376487801094, -0.05549376485962387, -0.05549376482777735, -0.05549376480472601, -0.0554937648465752, -0.05549376481332602, -0.05549376483096147, -0.05549376485712565, -0.05549376482492785, -0.05549376483526358, -0.05549376491401814, -0.05549376487433433, -0.05549376489406099, -0.05549376487650437, -0.05549376494921732, -0.0554937648169509]
done grad
iter:  54
tot_time: 14.224962711334229
total_reward: [-0.14546239221835044, -0.13838505937960255, -0.1352266721151425, -0.13047889818275427, -0.12487392737517156, -0.11904689209693742, -0.09953544562119343, -0.09511784154137759, -0.09215308576285852, -0.08896227580440175, -0.08649826904917401, -0.08476358412550788, -0.08242556964659387, -0.07852034797157592, -0.07302239157840029, -0.0691573034271098, -0.06006754584716223, -0.0554937647819469, -0.05549376487094193, -0.05549376478796764, -0.05549376479043033, -0.05549376488615243, -0.0554937649057905, -0.055493764903918, -0.055493764924425815, -0.055493764886368924, -0.0554937648905891, -0.05549376477431567, -0.05549376481032753, -0.055493764859747996, -0.05549376482129098, -0.05549376478399837, -0.055493764843109084, -0.055493764902007525, -0.055493764852670324, -0.05549376480484858, -0.0554937648641447, -0.055493764828934644, -0.05549376487801094, -0.05549376485962387, -0.05549376482777735, -0.05549376480472601, -0.0554937648465752, -0.05549376481332602, -0.05549376483096147, -0.05549376485712565, -0.05549376482492785, -0.05549376483526358, -0.05549376491401814, -0.05549376487433433, -0.05549376489406099, -0.05549376487650437, -0.05549376494921732, -0.0554937648169509, -0.05549376482783752]
done grad
iter:  55
tot_time: 14.266187191009521
total_reward: [-0.14546239221835044, -0.13838505937960255, -0.1352266721151425, -0.13047889818275427, -0.12487392737517156, -0.11904689209693742, -0.09953544562119343, -0.09511784154137759, -0.09215308576285852, -0.08896227580440175, -0.08649826904917401, -0.08476358412550788, -0.08242556964659387, -0.07852034797157592, -0.07302239157840029, -0.0691573034271098, -0.06006754584716223, -0.0554937647819469, -0.05549376487094193, -0.05549376478796764, -0.05549376479043033, -0.05549376488615243, -0.0554937649057905, -0.055493764903918, -0.055493764924425815, -0.055493764886368924, -0.0554937648905891, -0.05549376477431567, -0.05549376481032753, -0.055493764859747996, -0.05549376482129098, -0.05549376478399837, -0.055493764843109084, -0.055493764902007525, -0.055493764852670324, -0.05549376480484858, -0.0554937648641447, -0.055493764828934644, -0.05549376487801094, -0.05549376485962387, -0.05549376482777735, -0.05549376480472601, -0.0554937648465752, -0.05549376481332602, -0.05549376483096147, -0.05549376485712565, -0.05549376482492785, -0.05549376483526358, -0.05549376491401814, -0.05549376487433433, -0.05549376489406099, -0.05549376487650437, -0.05549376494921732, -0.0554937648169509, -0.05549376482783752, -0.05549376496211611]
done grad
iter:  56
tot_time: 14.342778444290161
total_reward: [-0.14546239221835044, -0.13838505937960255, -0.1352266721151425, -0.13047889818275427, -0.12487392737517156, -0.11904689209693742, -0.09953544562119343, -0.09511784154137759, -0.09215308576285852, -0.08896227580440175, -0.08649826904917401, -0.08476358412550788, -0.08242556964659387, -0.07852034797157592, -0.07302239157840029, -0.0691573034271098, -0.06006754584716223, -0.0554937647819469, -0.05549376487094193, -0.05549376478796764, -0.05549376479043033, -0.05549376488615243, -0.0554937649057905, -0.055493764903918, -0.055493764924425815, -0.055493764886368924, -0.0554937648905891, -0.05549376477431567, -0.05549376481032753, -0.055493764859747996, -0.05549376482129098, -0.05549376478399837, -0.055493764843109084, -0.055493764902007525, -0.055493764852670324, -0.05549376480484858, -0.0554937648641447, -0.055493764828934644, -0.05549376487801094, -0.05549376485962387, -0.05549376482777735, -0.05549376480472601, -0.0554937648465752, -0.05549376481332602, -0.05549376483096147, -0.05549376485712565, -0.05549376482492785, -0.05549376483526358, -0.05549376491401814, -0.05549376487433433, -0.05549376489406099, -0.05549376487650437, -0.05549376494921732, -0.0554937648169509, -0.05549376482783752, -0.05549376496211611, -0.055493764882016405]
done grad
iter:  57
tot_time: 14.350295305252075
total_reward: [-0.14546239221835044, -0.13838505937960255, -0.1352266721151425, -0.13047889818275427, -0.12487392737517156, -0.11904689209693742, -0.09953544562119343, -0.09511784154137759, -0.09215308576285852, -0.08896227580440175, -0.08649826904917401, -0.08476358412550788, -0.08242556964659387, -0.07852034797157592, -0.07302239157840029, -0.0691573034271098, -0.06006754584716223, -0.0554937647819469, -0.05549376487094193, -0.05549376478796764, -0.05549376479043033, -0.05549376488615243, -0.0554937649057905, -0.055493764903918, -0.055493764924425815, -0.055493764886368924, -0.0554937648905891, -0.05549376477431567, -0.05549376481032753, -0.055493764859747996, -0.05549376482129098, -0.05549376478399837, -0.055493764843109084, -0.055493764902007525, -0.055493764852670324, -0.05549376480484858, -0.0554937648641447, -0.055493764828934644, -0.05549376487801094, -0.05549376485962387, -0.05549376482777735, -0.05549376480472601, -0.0554937648465752, -0.05549376481332602, -0.05549376483096147, -0.05549376485712565, -0.05549376482492785, -0.05549376483526358, -0.05549376491401814, -0.05549376487433433, -0.05549376489406099, -0.05549376487650437, -0.05549376494921732, -0.0554937648169509, -0.05549376482783752, -0.05549376496211611, -0.055493764882016405, -0.055493764835524706]
done grad
iter:  58
tot_time: 14.414438962936401
total_reward: [-0.14546239221835044, -0.13838505937960255, -0.1352266721151425, -0.13047889818275427, -0.12487392737517156, -0.11904689209693742, -0.09953544562119343, -0.09511784154137759, -0.09215308576285852, -0.08896227580440175, -0.08649826904917401, -0.08476358412550788, -0.08242556964659387, -0.07852034797157592, -0.07302239157840029, -0.0691573034271098, -0.06006754584716223, -0.0554937647819469, -0.05549376487094193, -0.05549376478796764, -0.05549376479043033, -0.05549376488615243, -0.0554937649057905, -0.055493764903918, -0.055493764924425815, -0.055493764886368924, -0.0554937648905891, -0.05549376477431567, -0.05549376481032753, -0.055493764859747996, -0.05549376482129098, -0.05549376478399837, -0.055493764843109084, -0.055493764902007525, -0.055493764852670324, -0.05549376480484858, -0.0554937648641447, -0.055493764828934644, -0.05549376487801094, -0.05549376485962387, -0.05549376482777735, -0.05549376480472601, -0.0554937648465752, -0.05549376481332602, -0.05549376483096147, -0.05549376485712565, -0.05549376482492785, -0.05549376483526358, -0.05549376491401814, -0.05549376487433433, -0.05549376489406099, -0.05549376487650437, -0.05549376494921732, -0.0554937648169509, -0.05549376482783752, -0.05549376496211611, -0.055493764882016405, -0.055493764835524706, -0.05549376483388668]
done grad
iter:  59
tot_time: 14.390394926071167
total_reward: [-0.14546239221835044, -0.13838505937960255, -0.1352266721151425, -0.13047889818275427, -0.12487392737517156, -0.11904689209693742, -0.09953544562119343, -0.09511784154137759, -0.09215308576285852, -0.08896227580440175, -0.08649826904917401, -0.08476358412550788, -0.08242556964659387, -0.07852034797157592, -0.07302239157840029, -0.0691573034271098, -0.06006754584716223, -0.0554937647819469, -0.05549376487094193, -0.05549376478796764, -0.05549376479043033, -0.05549376488615243, -0.0554937649057905, -0.055493764903918, -0.055493764924425815, -0.055493764886368924, -0.0554937648905891, -0.05549376477431567, -0.05549376481032753, -0.055493764859747996, -0.05549376482129098, -0.05549376478399837, -0.055493764843109084, -0.055493764902007525, -0.055493764852670324, -0.05549376480484858, -0.0554937648641447, -0.055493764828934644, -0.05549376487801094, -0.05549376485962387, -0.05549376482777735, -0.05549376480472601, -0.0554937648465752, -0.05549376481332602, -0.05549376483096147, -0.05549376485712565, -0.05549376482492785, -0.05549376483526358, -0.05549376491401814, -0.05549376487433433, -0.05549376489406099, -0.05549376487650437, -0.05549376494921732, -0.0554937648169509, -0.05549376482783752, -0.05549376496211611, -0.055493764882016405, -0.055493764835524706, -0.05549376483388668, -0.055493764907425414]
done grad
iter:  60
Begin thicken cloth...
Num Vertices: (64, 3)
Num Faces: (90, 3)
Num Vertex Normals: (64, 3)
Num Face Normals: (90, 3)
Num Vertex UV: (64, 2)

Begin subdivide cloth...
Num Vertices: (128, 3)
Num Faces: (252, 3)
Num Vertex Normals: (128, 3)
Num Face Normals: (252, 3)
Num Vertex UV: (128, 2)

Begin subdivide cloth...
Num Vertices: (758, 3)
Num Faces: (1512, 3)
Num Vertex Normals: (758, 3)
Num Face Normals: (1512, 3)
Num Vertex UV: (758, 2)

Num Vertices: (4538, 3)
Num Faces: (9072, 3)
Num Vertex Normals: (4538, 3)
Num Face Normals: (9072, 3)
Num Vertex UV: (4538, 2)

Begin thicken cloth...
Num Vertices: (64, 3)
Num Faces: (90, 3)
Num Vertex Normals: (64, 3)
Num Face Normals: (90, 3)
Num Vertex UV: (64, 2)

Begin subdivide cloth...
Num Vertices: (128, 3)
Num Faces: (252, 3)
Num Vertex Normals: (128, 3)
Num Face Normals: (252, 3)
Num Vertex UV: (128, 2)

Begin subdivide cloth...
Num Vertices: (758, 3)
Num Faces: (1512, 3)
Num Vertex Normals: (758, 3)
Num Face Normals: (1512, 3)
Num Vertex UV: (758, 2)

Num Vertices: (4538, 3)
Num Faces: (9072, 3)
Num Vertex Normals: (4538, 3)
Num Face Normals: (9072, 3)
Num Vertex UV: (4538, 2)

Begin thicken cloth...
Num Vertices: (64, 3)
Num Faces: (90, 3)
Num Vertex Normals: (64, 3)
Num Face Normals: (90, 3)
Num Vertex UV: (64, 2)

Begin subdivide cloth...
Num Vertices: (128, 3)
Num Faces: (252, 3)
Num Vertex Normals: (128, 3)
Num Face Normals: (252, 3)
Num Vertex UV: (128, 2)

Begin subdivide cloth...
Num Vertices: (758, 3)
Num Faces: (1512, 3)
Num Vertex Normals: (758, 3)
Num Face Normals: (1512, 3)
Num Vertex UV: (758, 2)

Num Vertices: (4538, 3)
Num Faces: (9072, 3)
Num Vertex Normals: (4538, 3)
Num Face Normals: (9072, 3)
Num Vertex UV: (4538, 2)

Begin thicken cloth...
Num Vertices: (64, 3)
Num Faces: (90, 3)
Num Vertex Normals: (64, 3)
Num Face Normals: (90, 3)
Num Vertex UV: (64, 2)

Begin subdivide cloth...
Num Vertices: (128, 3)
Num Faces: (252, 3)
Num Vertex Normals: (128, 3)
Num Face Normals: (252, 3)
Num Vertex UV: (128, 2)

Begin subdivide cloth...
Num Vertices: (758, 3)
Num Faces: (1512, 3)
Num Vertex Normals: (758, 3)
Num Face Normals: (1512, 3)
Num Vertex UV: (758, 2)

Num Vertices: (4538, 3)
Num Faces: (9072, 3)
Num Vertex Normals: (4538, 3)
Num Face Normals: (9072, 3)
Num Vertex UV: (4538, 2)

Begin thicken cloth...
Num Vertices: (64, 3)
Num Faces: (90, 3)
Num Vertex Normals: (64, 3)
Num Face Normals: (90, 3)
Num Vertex UV: (64, 2)

Begin subdivide cloth...
Num Vertices: (128, 3)
Num Faces: (252, 3)
Num Vertex Normals: (128, 3)
Num Face Normals: (252, 3)
Num Vertex UV: (128, 2)

Begin subdivide cloth...
Num Vertices: (758, 3)
Num Faces: (1512, 3)
Num Vertex Normals: (758, 3)
Num Face Normals: (1512, 3)
Num Vertex UV: (758, 2)

Num Vertices: (4538, 3)
Num Faces: (9072, 3)
Num Vertex Normals: (4538, 3)
Num Face Normals: (9072, 3)
Num Vertex UV: (4538, 2)

Begin thicken cloth...
Num Vertices: (64, 3)
Num Faces: (90, 3)
Num Vertex Normals: (64, 3)
Num Face Normals: (90, 3)
Num Vertex UV: (64, 2)

Begin subdivide cloth...
Num Vertices: (128, 3)
Num Faces: (252, 3)
Num Vertex Normals: (128, 3)
Num Face Normals: (252, 3)
Num Vertex UV: (128, 2)

Begin subdivide cloth...
Num Vertices: (758, 3)
Num Faces: (1512, 3)
Num Vertex Normals: (758, 3)
Num Face Normals: (1512, 3)
Num Vertex UV: (758, 2)

Num Vertices: (4538, 3)
Num Faces: (9072, 3)
Num Vertex Normals: (4538, 3)
Num Face Normals: (9072, 3)
Num Vertex UV: (4538, 2)

Begin thicken cloth...
Num Vertices: (64, 3)
Num Faces: (90, 3)
Num Vertex Normals: (64, 3)
Num Face Normals: (90, 3)
Num Vertex UV: (64, 2)

Begin subdivide cloth...
Num Vertices: (128, 3)
Num Faces: (252, 3)
Num Vertex Normals: (128, 3)
Num Face Normals: (252, 3)
Num Vertex UV: (128, 2)

Begin subdivide cloth...
Num Vertices: (758, 3)
Num Faces: (1512, 3)
Num Vertex Normals: (758, 3)
Num Face Normals: (1512, 3)
Num Vertex UV: (758, 2)

Num Vertices: (4538, 3)
Num Faces: (9072, 3)
Num Vertex Normals: (4538, 3)
Num Face Normals: (9072, 3)
Num Vertex UV: (4538, 2)

Begin thicken cloth...
Num Vertices: (64, 3)
Num Faces: (90, 3)
Num Vertex Normals: (64, 3)
Num Face Normals: (90, 3)
Num Vertex UV: (64, 2)

Begin subdivide cloth...
Num Vertices: (128, 3)
Num Faces: (252, 3)
Num Vertex Normals: (128, 3)
Num Face Normals: (252, 3)
Num Vertex UV: (128, 2)

Begin subdivide cloth...
Num Vertices: (758, 3)
Num Faces: (1512, 3)
Num Vertex Normals: (758, 3)
Num Face Normals: (1512, 3)
Num Vertex UV: (758, 2)

Num Vertices: (4538, 3)
Num Faces: (9072, 3)
Num Vertex Normals: (4538, 3)
Num Face Normals: (9072, 3)
Num Vertex UV: (4538, 2)

Begin thicken cloth...
Num Vertices: (64, 3)
Num Faces: (90, 3)
Num Vertex Normals: (64, 3)
Num Face Normals: (90, 3)
Num Vertex UV: (64, 2)

Begin subdivide cloth...
Num Vertices: (128, 3)
Num Faces: (252, 3)
Num Vertex Normals: (128, 3)
Num Face Normals: (252, 3)
Num Vertex UV: (128, 2)

Begin subdivide cloth...
Num Vertices: (758, 3)
Num Faces: (1512, 3)
Num Vertex Normals: (758, 3)
Num Face Normals: (1512, 3)
Num Vertex UV: (758, 2)

Num Vertices: (4538, 3)
Num Faces: (9072, 3)
Num Vertex Normals: (4538, 3)
Num Face Normals: (9072, 3)
Num Vertex UV: (4538, 2)

Begin thicken cloth...
Num Vertices: (64, 3)
Num Faces: (90, 3)
Num Vertex Normals: (64, 3)
Num Face Normals: (90, 3)
Num Vertex UV: (64, 2)

Begin subdivide cloth...
Num Vertices: (128, 3)
Num Faces: (252, 3)
Num Vertex Normals: (128, 3)
Num Face Normals: (252, 3)
Num Vertex UV: (128, 2)

Begin subdivide cloth...
Num Vertices: (758, 3)
Num Faces: (1512, 3)
Num Vertex Normals: (758, 3)
Num Face Normals: (1512, 3)
Num Vertex UV: (758, 2)

Num Vertices: (4538, 3)
Num Faces: (9072, 3)
Num Vertex Normals: (4538, 3)
Num Face Normals: (9072, 3)
Num Vertex UV: (4538, 2)

Begin thicken cloth...
Num Vertices: (64, 3)
Num Faces: (90, 3)
Num Vertex Normals: (64, 3)
Num Face Normals: (90, 3)
Num Vertex UV: (64, 2)

Begin subdivide cloth...
Num Vertices: (128, 3)
Num Faces: (252, 3)
Num Vertex Normals: (128, 3)
Num Face Normals: (252, 3)
Num Vertex UV: (128, 2)

Begin subdivide cloth...
Num Vertices: (758, 3)
Num Faces: (1512, 3)
Num Vertex Normals: (758, 3)
Num Face Normals: (1512, 3)
Num Vertex UV: (758, 2)

Num Vertices: (4538, 3)
Num Faces: (9072, 3)
Num Vertex Normals: (4538, 3)
Num Face Normals: (9072, 3)
Num Vertex UV: (4538, 2)

Begin thicken cloth...
Num Vertices: (64, 3)
Num Faces: (90, 3)
Num Vertex Normals: (64, 3)
Num Face Normals: (90, 3)
Num Vertex UV: (64, 2)

Begin subdivide cloth...
Num Vertices: (128, 3)
Num Faces: (252, 3)
Num Vertex Normals: (128, 3)
Num Face Normals: (252, 3)
Num Vertex UV: (128, 2)

Begin subdivide cloth...
Num Vertices: (758, 3)
Num Faces: (1512, 3)
Num Vertex Normals: (758, 3)
Num Face Normals: (1512, 3)
Num Vertex UV: (758, 2)

Num Vertices: (4538, 3)
Num Faces: (9072, 3)
Num Vertex Normals: (4538, 3)
Num Face Normals: (9072, 3)
Num Vertex UV: (4538, 2)

Begin thicken cloth...
Num Vertices: (64, 3)
Num Faces: (90, 3)
Num Vertex Normals: (64, 3)
Num Face Normals: (90, 3)
Num Vertex UV: (64, 2)

Begin subdivide cloth...
Num Vertices: (128, 3)
Num Faces: (252, 3)
Num Vertex Normals: (128, 3)
Num Face Normals: (252, 3)
Num Vertex UV: (128, 2)

Begin subdivide cloth...
Num Vertices: (758, 3)
Num Faces: (1512, 3)
Num Vertex Normals: (758, 3)
Num Face Normals: (1512, 3)
Num Vertex UV: (758, 2)

Num Vertices: (4538, 3)
Num Faces: (9072, 3)
Num Vertex Normals: (4538, 3)
Num Face Normals: (9072, 3)
Num Vertex UV: (4538, 2)

Begin thicken cloth...
Num Vertices: (64, 3)
Num Faces: (90, 3)
Num Vertex Normals: (64, 3)
Num Face Normals: (90, 3)
Num Vertex UV: (64, 2)

Begin subdivide cloth...
Num Vertices: (128, 3)
Num Faces: (252, 3)
Num Vertex Normals: (128, 3)
Num Face Normals: (252, 3)
Num Vertex UV: (128, 2)

Begin subdivide cloth...
Num Vertices: (758, 3)
Num Faces: (1512, 3)
Num Vertex Normals: (758, 3)
Num Face Normals: (1512, 3)
Num Vertex UV: (758, 2)

Num Vertices: (4538, 3)
Num Faces: (9072, 3)
Num Vertex Normals: (4538, 3)
Num Face Normals: (9072, 3)
Num Vertex UV: (4538, 2)

Begin thicken cloth...
Num Vertices: (64, 3)
Num Faces: (90, 3)
Num Vertex Normals: (64, 3)
Num Face Normals: (90, 3)
Num Vertex UV: (64, 2)

Begin subdivide cloth...
Num Vertices: (128, 3)
Num Faces: (252, 3)
Num Vertex Normals: (128, 3)
Num Face Normals: (252, 3)
Num Vertex UV: (128, 2)

Begin subdivide cloth...
Num Vertices: (758, 3)
Num Faces: (1512, 3)
Num Vertex Normals: (758, 3)
Num Face Normals: (1512, 3)
Num Vertex UV: (758, 2)

Num Vertices: (4538, 3)
Num Faces: (9072, 3)
Num Vertex Normals: (4538, 3)
Num Face Normals: (9072, 3)
Num Vertex UV: (4538, 2)

Begin thicken cloth...
Num Vertices: (64, 3)
Num Faces: (90, 3)
Num Vertex Normals: (64, 3)
Num Face Normals: (90, 3)
Num Vertex UV: (64, 2)

Begin subdivide cloth...
Num Vertices: (128, 3)
Num Faces: (252, 3)
Num Vertex Normals: (128, 3)
Num Face Normals: (252, 3)
Num Vertex UV: (128, 2)

Begin subdivide cloth...
Num Vertices: (758, 3)
Num Faces: (1512, 3)
Num Vertex Normals: (758, 3)
Num Face Normals: (1512, 3)
Num Vertex UV: (758, 2)

Num Vertices: (4538, 3)
Num Faces: (9072, 3)
Num Vertex Normals: (4538, 3)
Num Face Normals: (9072, 3)
Num Vertex UV: (4538, 2)

Begin thicken cloth...
Num Vertices: (64, 3)
Num Faces: (90, 3)
Num Vertex Normals: (64, 3)
Num Face Normals: (90, 3)
Num Vertex UV: (64, 2)

Begin subdivide cloth...
Num Vertices: (128, 3)
Num Faces: (252, 3)
Num Vertex Normals: (128, 3)
Num Face Normals: (252, 3)
Num Vertex UV: (128, 2)

Begin subdivide cloth...
Num Vertices: (758, 3)
Num Faces: (1512, 3)
Num Vertex Normals: (758, 3)
Num Face Normals: (1512, 3)
Num Vertex UV: (758, 2)

Num Vertices: (4538, 3)
Num Faces: (9072, 3)
Num Vertex Normals: (4538, 3)
Num Face Normals: (9072, 3)
Num Vertex UV: (4538, 2)

Begin thicken cloth...
Num Vertices: (64, 3)
Num Faces: (90, 3)
Num Vertex Normals: (64, 3)
Num Face Normals: (90, 3)
Num Vertex UV: (64, 2)

Begin subdivide cloth...
Num Vertices: (128, 3)
Num Faces: (252, 3)
Num Vertex Normals: (128, 3)
Num Face Normals: (252, 3)
Num Vertex UV: (128, 2)

Begin subdivide cloth...
Num Vertices: (758, 3)
Num Faces: (1512, 3)
Num Vertex Normals: (758, 3)
Num Face Normals: (1512, 3)
Num Vertex UV: (758, 2)

Num Vertices: (4538, 3)
Num Faces: (9072, 3)
Num Vertex Normals: (4538, 3)
Num Face Normals: (9072, 3)
Num Vertex UV: (4538, 2)

Begin thicken cloth...
Num Vertices: (64, 3)
Num Faces: (90, 3)
Num Vertex Normals: (64, 3)
Num Face Normals: (90, 3)
Num Vertex UV: (64, 2)

Begin subdivide cloth...
Num Vertices: (128, 3)
Num Faces: (252, 3)
Num Vertex Normals: (128, 3)
Num Face Normals: (252, 3)
Num Vertex UV: (128, 2)

Begin subdivide cloth...
Num Vertices: (758, 3)
Num Faces: (1512, 3)
Num Vertex Normals: (758, 3)
Num Face Normals: (1512, 3)
Num Vertex UV: (758, 2)

Num Vertices: (4538, 3)
Num Faces: (9072, 3)
Num Vertex Normals: (4538, 3)
Num Face Normals: (9072, 3)
Num Vertex UV: (4538, 2)

Begin thicken cloth...
Num Vertices: (64, 3)
Num Faces: (90, 3)
Num Vertex Normals: (64, 3)
Num Face Normals: (90, 3)
Num Vertex UV: (64, 2)

Begin subdivide cloth...
Num Vertices: (128, 3)
Num Faces: (252, 3)
Num Vertex Normals: (128, 3)
Num Face Normals: (252, 3)
Num Vertex UV: (128, 2)

Begin subdivide cloth...
Num Vertices: (758, 3)
Num Faces: (1512, 3)
Num Vertex Normals: (758, 3)
Num Face Normals: (1512, 3)
Num Vertex UV: (758, 2)

Num Vertices: (4538, 3)
Num Faces: (9072, 3)
Num Vertex Normals: (4538, 3)
Num Face Normals: (9072, 3)
Num Vertex UV: (4538, 2)

Begin thicken cloth...
Num Vertices: (64, 3)
Num Faces: (90, 3)
Num Vertex Normals: (64, 3)
Num Face Normals: (90, 3)
Num Vertex UV: (64, 2)

Begin subdivide cloth...
Num Vertices: (128, 3)
Num Faces: (252, 3)
Num Vertex Normals: (128, 3)
Num Face Normals: (252, 3)
Num Vertex UV: (128, 2)

Begin subdivide cloth...
Num Vertices: (758, 3)
Num Faces: (1512, 3)
Num Vertex Normals: (758, 3)
Num Face Normals: (1512, 3)
Num Vertex UV: (758, 2)

Num Vertices: (4538, 3)
Num Faces: (9072, 3)
Num Vertex Normals: (4538, 3)
Num Face Normals: (9072, 3)
Num Vertex UV: (4538, 2)

Begin thicken cloth...
Num Vertices: (64, 3)
Num Faces: (90, 3)
Num Vertex Normals: (64, 3)
Num Face Normals: (90, 3)
Num Vertex UV: (64, 2)

Begin subdivide cloth...
Num Vertices: (128, 3)
Num Faces: (252, 3)
Num Vertex Normals: (128, 3)
Num Face Normals: (252, 3)
Num Vertex UV: (128, 2)

Begin subdivide cloth...
Num Vertices: (758, 3)
Num Faces: (1512, 3)
Num Vertex Normals: (758, 3)
Num Face Normals: (1512, 3)
Num Vertex UV: (758, 2)

Num Vertices: (4538, 3)
Num Faces: (9072, 3)
Num Vertex Normals: (4538, 3)
Num Face Normals: (9072, 3)
Num Vertex UV: (4538, 2)

Begin thicken cloth...
Num Vertices: (64, 3)
Num Faces: (90, 3)
Num Vertex Normals: (64, 3)
Num Face Normals: (90, 3)
Num Vertex UV: (64, 2)

Begin subdivide cloth...
Num Vertices: (128, 3)
Num Faces: (252, 3)
Num Vertex Normals: (128, 3)
Num Face Normals: (252, 3)
Num Vertex UV: (128, 2)

Begin subdivide cloth...
Num Vertices: (758, 3)
Num Faces: (1512, 3)
Num Vertex Normals: (758, 3)
Num Face Normals: (1512, 3)
Num Vertex UV: (758, 2)

Num Vertices: (4538, 3)
Num Faces: (9072, 3)
Num Vertex Normals: (4538, 3)
Num Face Normals: (9072, 3)
Num Vertex UV: (4538, 2)

Begin thicken cloth...
Num Vertices: (64, 3)
Num Faces: (90, 3)
Num Vertex Normals: (64, 3)
Num Face Normals: (90, 3)
Num Vertex UV: (64, 2)

Begin subdivide cloth...
Num Vertices: (128, 3)
Num Faces: (252, 3)
Num Vertex Normals: (128, 3)
Num Face Normals: (252, 3)
Num Vertex UV: (128, 2)

Begin subdivide cloth...
Num Vertices: (758, 3)
Num Faces: (1512, 3)
Num Vertex Normals: (758, 3)
Num Face Normals: (1512, 3)
Num Vertex UV: (758, 2)

Num Vertices: (4538, 3)
Num Faces: (9072, 3)
Num Vertex Normals: (4538, 3)
Num Face Normals: (9072, 3)
Num Vertex UV: (4538, 2)

Begin thicken cloth...
Num Vertices: (64, 3)
Num Faces: (90, 3)
Num Vertex Normals: (64, 3)
Num Face Normals: (90, 3)
Num Vertex UV: (64, 2)

Begin subdivide cloth...
Num Vertices: (128, 3)
Num Faces: (252, 3)
Num Vertex Normals: (128, 3)
Num Face Normals: (252, 3)
Num Vertex UV: (128, 2)

Begin subdivide cloth...
Num Vertices: (758, 3)
Num Faces: (1512, 3)
Num Vertex Normals: (758, 3)
Num Face Normals: (1512, 3)
Num Vertex UV: (758, 2)

Num Vertices: (4538, 3)
Num Faces: (9072, 3)
Num Vertex Normals: (4538, 3)
Num Face Normals: (9072, 3)
Num Vertex UV: (4538, 2)

Begin thicken cloth...
Num Vertices: (64, 3)
Num Faces: (90, 3)
Num Vertex Normals: (64, 3)
Num Face Normals: (90, 3)
Num Vertex UV: (64, 2)

Begin subdivide cloth...
Num Vertices: (128, 3)
Num Faces: (252, 3)
Num Vertex Normals: (128, 3)
Num Face Normals: (252, 3)
Num Vertex UV: (128, 2)

Begin subdivide cloth...
Num Vertices: (758, 3)
Num Faces: (1512, 3)
Num Vertex Normals: (758, 3)
Num Face Normals: (1512, 3)
Num Vertex UV: (758, 2)

Num Vertices: (4538, 3)
Num Faces: (9072, 3)
Num Vertex Normals: (4538, 3)
Num Face Normals: (9072, 3)
Num Vertex UV: (4538, 2)

Begin thicken cloth...
Num Vertices: (64, 3)
Num Faces: (90, 3)
Num Vertex Normals: (64, 3)
Num Face Normals: (90, 3)
Num Vertex UV: (64, 2)

Begin subdivide cloth...
Num Vertices: (128, 3)
Num Faces: (252, 3)
Num Vertex Normals: (128, 3)
Num Face Normals: (252, 3)
Num Vertex UV: (128, 2)

Begin subdivide cloth...
Num Vertices: (758, 3)
Num Faces: (1512, 3)
Num Vertex Normals: (758, 3)
Num Face Normals: (1512, 3)
Num Vertex UV: (758, 2)

Num Vertices: (4538, 3)
Num Faces: (9072, 3)
Num Vertex Normals: (4538, 3)
Num Face Normals: (9072, 3)
Num Vertex UV: (4538, 2)

Begin thicken cloth...
Num Vertices: (64, 3)
Num Faces: (90, 3)
Num Vertex Normals: (64, 3)
Num Face Normals: (90, 3)
Num Vertex UV: (64, 2)

Begin subdivide cloth...
Num Vertices: (128, 3)
Num Faces: (252, 3)
Num Vertex Normals: (128, 3)
Num Face Normals: (252, 3)
Num Vertex UV: (128, 2)

Begin subdivide cloth...
Num Vertices: (758, 3)
Num Faces: (1512, 3)
Num Vertex Normals: (758, 3)
Num Face Normals: (1512, 3)
Num Vertex UV: (758, 2)

Num Vertices: (4538, 3)
Num Faces: (9072, 3)
Num Vertex Normals: (4538, 3)
Num Face Normals: (9072, 3)
Num Vertex UV: (4538, 2)

Begin thicken cloth...
Num Vertices: (64, 3)
Num Faces: (90, 3)
Num Vertex Normals: (64, 3)
Num Face Normals: (90, 3)
Num Vertex UV: (64, 2)

Begin subdivide cloth...
Num Vertices: (128, 3)
Num Faces: (252, 3)
Num Vertex Normals: (128, 3)
Num Face Normals: (252, 3)
Num Vertex UV: (128, 2)

Begin subdivide cloth...
Num Vertices: (758, 3)
Num Faces: (1512, 3)
Num Vertex Normals: (758, 3)
Num Face Normals: (1512, 3)
Num Vertex UV: (758, 2)

Num Vertices: (4538, 3)
Num Faces: (9072, 3)
Num Vertex Normals: (4538, 3)
Num Face Normals: (9072, 3)
Num Vertex UV: (4538, 2)

Begin thicken cloth...
Num Vertices: (64, 3)
Num Faces: (90, 3)
Num Vertex Normals: (64, 3)
Num Face Normals: (90, 3)
Num Vertex UV: (64, 2)

Begin subdivide cloth...
Num Vertices: (128, 3)
Num Faces: (252, 3)
Num Vertex Normals: (128, 3)
Num Face Normals: (252, 3)
Num Vertex UV: (128, 2)

Begin subdivide cloth...
Num Vertices: (758, 3)
Num Faces: (1512, 3)
Num Vertex Normals: (758, 3)
Num Face Normals: (1512, 3)
Num Vertex UV: (758, 2)

Num Vertices: (4538, 3)
Num Faces: (9072, 3)
Num Vertex Normals: (4538, 3)
Num Face Normals: (9072, 3)
Num Vertex UV: (4538, 2)

Begin thicken cloth...
Num Vertices: (64, 3)
Num Faces: (90, 3)
Num Vertex Normals: (64, 3)
Num Face Normals: (90, 3)
Num Vertex UV: (64, 2)

Begin subdivide cloth...
Num Vertices: (128, 3)
Num Faces: (252, 3)
Num Vertex Normals: (128, 3)
Num Face Normals: (252, 3)
Num Vertex UV: (128, 2)

Begin subdivide cloth...
Num Vertices: (758, 3)
Num Faces: (1512, 3)
Num Vertex Normals: (758, 3)
Num Face Normals: (1512, 3)
Num Vertex UV: (758, 2)

Num Vertices: (4538, 3)
Num Faces: (9072, 3)
Num Vertex Normals: (4538, 3)
Num Face Normals: (9072, 3)
Num Vertex UV: (4538, 2)

Begin thicken cloth...
Num Vertices: (64, 3)
Num Faces: (90, 3)
Num Vertex Normals: (64, 3)
Num Face Normals: (90, 3)
Num Vertex UV: (64, 2)

Begin subdivide cloth...
Num Vertices: (128, 3)
Num Faces: (252, 3)
Num Vertex Normals: (128, 3)
Num Face Normals: (252, 3)
Num Vertex UV: (128, 2)

Begin subdivide cloth...
Num Vertices: (758, 3)
Num Faces: (1512, 3)
Num Vertex Normals: (758, 3)
Num Face Normals: (1512, 3)
Num Vertex UV: (758, 2)

Num Vertices: (4538, 3)
Num Faces: (9072, 3)
Num Vertex Normals: (4538, 3)
Num Face Normals: (9072, 3)
Num Vertex UV: (4538, 2)

Begin thicken cloth...
Num Vertices: (64, 3)
Num Faces: (90, 3)
Num Vertex Normals: (64, 3)
Num Face Normals: (90, 3)
Num Vertex UV: (64, 2)

Begin subdivide cloth...
Num Vertices: (128, 3)
Num Faces: (252, 3)
Num Vertex Normals: (128, 3)
Num Face Normals: (252, 3)
Num Vertex UV: (128, 2)

Begin subdivide cloth...
Num Vertices: (758, 3)
Num Faces: (1512, 3)
Num Vertex Normals: (758, 3)
Num Face Normals: (1512, 3)
Num Vertex UV: (758, 2)

Num Vertices: (4538, 3)
Num Faces: (9072, 3)
Num Vertex Normals: (4538, 3)
Num Face Normals: (9072, 3)
Num Vertex UV: (4538, 2)

Begin thicken cloth...
Num Vertices: (64, 3)
Num Faces: (90, 3)
Num Vertex Normals: (64, 3)
Num Face Normals: (90, 3)
Num Vertex UV: (64, 2)

Begin subdivide cloth...
Num Vertices: (128, 3)
Num Faces: (252, 3)
Num Vertex Normals: (128, 3)
Num Face Normals: (252, 3)
Num Vertex UV: (128, 2)

Begin subdivide cloth...
Num Vertices: (758, 3)
Num Faces: (1512, 3)
Num Vertex Normals: (758, 3)
Num Face Normals: (1512, 3)
Num Vertex UV: (758, 2)

Num Vertices: (4538, 3)
Num Faces: (9072, 3)
Num Vertex Normals: (4538, 3)
Num Face Normals: (9072, 3)
Num Vertex UV: (4538, 2)

Begin thicken cloth...
Num Vertices: (64, 3)
Num Faces: (90, 3)
Num Vertex Normals: (64, 3)
Num Face Normals: (90, 3)
Num Vertex UV: (64, 2)

Begin subdivide cloth...
Num Vertices: (128, 3)
Num Faces: (252, 3)
Num Vertex Normals: (128, 3)
Num Face Normals: (252, 3)
Num Vertex UV: (128, 2)

Begin subdivide cloth...
Num Vertices: (758, 3)
Num Faces: (1512, 3)
Num Vertex Normals: (758, 3)
Num Face Normals: (1512, 3)
Num Vertex UV: (758, 2)

Num Vertices: (4538, 3)
Num Faces: (9072, 3)
Num Vertex Normals: (4538, 3)
Num Face Normals: (9072, 3)
Num Vertex UV: (4538, 2)

Begin thicken cloth...
Num Vertices: (64, 3)
Num Faces: (90, 3)
Num Vertex Normals: (64, 3)
Num Face Normals: (90, 3)
Num Vertex UV: (64, 2)

Begin subdivide cloth...
Num Vertices: (128, 3)
Num Faces: (252, 3)
Num Vertex Normals: (128, 3)
Num Face Normals: (252, 3)
Num Vertex UV: (128, 2)

Begin subdivide cloth...
Num Vertices: (758, 3)
Num Faces: (1512, 3)
Num Vertex Normals: (758, 3)
Num Face Normals: (1512, 3)
Num Vertex UV: (758, 2)

Num Vertices: (4538, 3)
Num Faces: (9072, 3)
Num Vertex Normals: (4538, 3)
Num Face Normals: (9072, 3)
Num Vertex UV: (4538, 2)

Begin thicken cloth...
Num Vertices: (64, 3)
Num Faces: (90, 3)
Num Vertex Normals: (64, 3)
Num Face Normals: (90, 3)
Num Vertex UV: (64, 2)

Begin subdivide cloth...
Num Vertices: (128, 3)
Num Faces: (252, 3)
Num Vertex Normals: (128, 3)
Num Face Normals: (252, 3)
Num Vertex UV: (128, 2)

Begin subdivide cloth...
Num Vertices: (758, 3)
Num Faces: (1512, 3)
Num Vertex Normals: (758, 3)
Num Face Normals: (1512, 3)
Num Vertex UV: (758, 2)

Num Vertices: (4538, 3)
Num Faces: (9072, 3)
Num Vertex Normals: (4538, 3)
Num Face Normals: (9072, 3)
Num Vertex UV: (4538, 2)

Begin thicken cloth...
Num Vertices: (64, 3)
Num Faces: (90, 3)
Num Vertex Normals: (64, 3)
Num Face Normals: (90, 3)
Num Vertex UV: (64, 2)

Begin subdivide cloth...
Num Vertices: (128, 3)
Num Faces: (252, 3)
Num Vertex Normals: (128, 3)
Num Face Normals: (252, 3)
Num Vertex UV: (128, 2)

Begin subdivide cloth...
Num Vertices: (758, 3)
Num Faces: (1512, 3)
Num Vertex Normals: (758, 3)
Num Face Normals: (1512, 3)
Num Vertex UV: (758, 2)

Num Vertices: (4538, 3)
Num Faces: (9072, 3)
Num Vertex Normals: (4538, 3)
Num Face Normals: (9072, 3)
Num Vertex UV: (4538, 2)

Begin thicken cloth...
Num Vertices: (64, 3)
Num Faces: (90, 3)
Num Vertex Normals: (64, 3)
Num Face Normals: (90, 3)
Num Vertex UV: (64, 2)

Begin subdivide cloth...
Num Vertices: (128, 3)
Num Faces: (252, 3)
Num Vertex Normals: (128, 3)
Num Face Normals: (252, 3)
Num Vertex UV: (128, 2)

Begin subdivide cloth...
Num Vertices: (758, 3)
Num Faces: (1512, 3)
Num Vertex Normals: (758, 3)
Num Face Normals: (1512, 3)
Num Vertex UV: (758, 2)

Num Vertices: (4538, 3)
Num Faces: (9072, 3)
Num Vertex Normals: (4538, 3)
Num Face Normals: (9072, 3)
Num Vertex UV: (4538, 2)

Begin thicken cloth...
Num Vertices: (64, 3)
Num Faces: (90, 3)
Num Vertex Normals: (64, 3)
Num Face Normals: (90, 3)
Num Vertex UV: (64, 2)

Begin subdivide cloth...
Num Vertices: (128, 3)
Num Faces: (252, 3)
Num Vertex Normals: (128, 3)
Num Face Normals: (252, 3)
Num Vertex UV: (128, 2)

Begin subdivide cloth...
Num Vertices: (758, 3)
Num Faces: (1512, 3)
Num Vertex Normals: (758, 3)
Num Face Normals: (1512, 3)
Num Vertex UV: (758, 2)

Num Vertices: (4538, 3)
Num Faces: (9072, 3)
Num Vertex Normals: (4538, 3)
Num Face Normals: (9072, 3)
Num Vertex UV: (4538, 2)

Begin thicken cloth...
Num Vertices: (64, 3)
Num Faces: (90, 3)
Num Vertex Normals: (64, 3)
Num Face Normals: (90, 3)
Num Vertex UV: (64, 2)

Begin subdivide cloth...
Num Vertices: (128, 3)
Num Faces: (252, 3)
Num Vertex Normals: (128, 3)
Num Face Normals: (252, 3)
Num Vertex UV: (128, 2)

Begin subdivide cloth...
Num Vertices: (758, 3)
Num Faces: (1512, 3)
Num Vertex Normals: (758, 3)
Num Face Normals: (1512, 3)
Num Vertex UV: (758, 2)

Num Vertices: (4538, 3)
Num Faces: (9072, 3)
Num Vertex Normals: (4538, 3)
Num Face Normals: (9072, 3)
Num Vertex UV: (4538, 2)

Begin thicken cloth...
Num Vertices: (64, 3)
Num Faces: (90, 3)
Num Vertex Normals: (64, 3)
Num Face Normals: (90, 3)
Num Vertex UV: (64, 2)

Begin subdivide cloth...
Num Vertices: (128, 3)
Num Faces: (252, 3)
Num Vertex Normals: (128, 3)
Num Face Normals: (252, 3)
Num Vertex UV: (128, 2)

Begin subdivide cloth...
Num Vertices: (758, 3)
Num Faces: (1512, 3)
Num Vertex Normals: (758, 3)
Num Face Normals: (1512, 3)
Num Vertex UV: (758, 2)

Num Vertices: (4538, 3)
Num Faces: (9072, 3)
Num Vertex Normals: (4538, 3)
Num Face Normals: (9072, 3)
Num Vertex UV: (4538, 2)

Begin thicken cloth...
Num Vertices: (64, 3)
Num Faces: (90, 3)
Num Vertex Normals: (64, 3)
Num Face Normals: (90, 3)
Num Vertex UV: (64, 2)

Begin subdivide cloth...
Num Vertices: (128, 3)
Num Faces: (252, 3)
Num Vertex Normals: (128, 3)
Num Face Normals: (252, 3)
Num Vertex UV: (128, 2)

Begin subdivide cloth...
Num Vertices: (758, 3)
Num Faces: (1512, 3)
Num Vertex Normals: (758, 3)
Num Face Normals: (1512, 3)
Num Vertex UV: (758, 2)

Num Vertices: (4538, 3)
Num Faces: (9072, 3)
Num Vertex Normals: (4538, 3)
Num Face Normals: (9072, 3)
Num Vertex UV: (4538, 2)

Begin thicken cloth...
Num Vertices: (64, 3)
Num Faces: (90, 3)
Num Vertex Normals: (64, 3)
Num Face Normals: (90, 3)
Num Vertex UV: (64, 2)

Begin subdivide cloth...
Num Vertices: (128, 3)
Num Faces: (252, 3)
Num Vertex Normals: (128, 3)
Num Face Normals: (252, 3)
Num Vertex UV: (128, 2)

Begin subdivide cloth...
Num Vertices: (758, 3)
Num Faces: (1512, 3)
Num Vertex Normals: (758, 3)
Num Face Normals: (1512, 3)
Num Vertex UV: (758, 2)

Num Vertices: (4538, 3)
Num Faces: (9072, 3)
Num Vertex Normals: (4538, 3)
Num Face Normals: (9072, 3)
Num Vertex UV: (4538, 2)

Begin thicken cloth...
Num Vertices: (64, 3)
Num Faces: (90, 3)
Num Vertex Normals: (64, 3)
Num Face Normals: (90, 3)
Num Vertex UV: (64, 2)

Begin subdivide cloth...
Num Vertices: (128, 3)
Num Faces: (252, 3)
Num Vertex Normals: (128, 3)
Num Face Normals: (252, 3)
Num Vertex UV: (128, 2)

Begin subdivide cloth...
Num Vertices: (758, 3)
Num Faces: (1512, 3)
Num Vertex Normals: (758, 3)
Num Face Normals: (1512, 3)
Num Vertex UV: (758, 2)

Num Vertices: (4538, 3)
Num Faces: (9072, 3)
Num Vertex Normals: (4538, 3)
Num Face Normals: (9072, 3)
Num Vertex UV: (4538, 2)

Begin thicken cloth...
Num Vertices: (64, 3)
Num Faces: (90, 3)
Num Vertex Normals: (64, 3)
Num Face Normals: (90, 3)
Num Vertex UV: (64, 2)

Begin subdivide cloth...
Num Vertices: (128, 3)
Num Faces: (252, 3)
Num Vertex Normals: (128, 3)
Num Face Normals: (252, 3)
Num Vertex UV: (128, 2)

Begin subdivide cloth...
Num Vertices: (758, 3)
Num Faces: (1512, 3)
Num Vertex Normals: (758, 3)
Num Face Normals: (1512, 3)
Num Vertex UV: (758, 2)

Num Vertices: (4538, 3)
Num Faces: (9072, 3)
Num Vertex Normals: (4538, 3)
Num Face Normals: (9072, 3)
Num Vertex UV: (4538, 2)

Begin thicken cloth...
Num Vertices: (64, 3)
Num Faces: (90, 3)
Num Vertex Normals: (64, 3)
Num Face Normals: (90, 3)
Num Vertex UV: (64, 2)

Begin subdivide cloth...
Num Vertices: (128, 3)
Num Faces: (252, 3)
Num Vertex Normals: (128, 3)
Num Face Normals: (252, 3)
Num Vertex UV: (128, 2)

Begin subdivide cloth...
Num Vertices: (758, 3)
Num Faces: (1512, 3)
Num Vertex Normals: (758, 3)
Num Face Normals: (1512, 3)
Num Vertex UV: (758, 2)

Num Vertices: (4538, 3)
Num Faces: (9072, 3)
Num Vertex Normals: (4538, 3)
Num Face Normals: (9072, 3)
Num Vertex UV: (4538, 2)

Begin thicken cloth...
Num Vertices: (64, 3)
Num Faces: (90, 3)
Num Vertex Normals: (64, 3)
Num Face Normals: (90, 3)
Num Vertex UV: (64, 2)

Begin subdivide cloth...
Num Vertices: (128, 3)
Num Faces: (252, 3)
Num Vertex Normals: (128, 3)
Num Face Normals: (252, 3)
Num Vertex UV: (128, 2)

Begin subdivide cloth...
Num Vertices: (758, 3)
Num Faces: (1512, 3)
Num Vertex Normals: (758, 3)
Num Face Normals: (1512, 3)
Num Vertex UV: (758, 2)

Num Vertices: (4538, 3)
Num Faces: (9072, 3)
Num Vertex Normals: (4538, 3)
Num Face Normals: (9072, 3)
Num Vertex UV: (4538, 2)

Begin thicken cloth...
Num Vertices: (64, 3)
Num Faces: (90, 3)
Num Vertex Normals: (64, 3)
Num Face Normals: (90, 3)
Num Vertex UV: (64, 2)

Begin subdivide cloth...
Num Vertices: (128, 3)
Num Faces: (252, 3)
Num Vertex Normals: (128, 3)
Num Face Normals: (252, 3)
Num Vertex UV: (128, 2)

Begin subdivide cloth...
Num Vertices: (758, 3)
Num Faces: (1512, 3)
Num Vertex Normals: (758, 3)
Num Face Normals: (1512, 3)
Num Vertex UV: (758, 2)

Num Vertices: (4538, 3)
Num Faces: (9072, 3)
Num Vertex Normals: (4538, 3)
Num Face Normals: (9072, 3)
Num Vertex UV: (4538, 2)

Begin thicken cloth...
Num Vertices: (64, 3)
Num Faces: (90, 3)
Num Vertex Normals: (64, 3)
Num Face Normals: (90, 3)
Num Vertex UV: (64, 2)

Begin subdivide cloth...
Num Vertices: (128, 3)
Num Faces: (252, 3)
Num Vertex Normals: (128, 3)
Num Face Normals: (252, 3)
Num Vertex UV: (128, 2)

Begin subdivide cloth...
Num Vertices: (758, 3)
Num Faces: (1512, 3)
Num Vertex Normals: (758, 3)
Num Face Normals: (1512, 3)
Num Vertex UV: (758, 2)

Num Vertices: (4538, 3)
Num Faces: (9072, 3)
Num Vertex Normals: (4538, 3)
Num Face Normals: (9072, 3)
Num Vertex UV: (4538, 2)

tot_time: 18.674370050430298
total_reward: [-0.14546239221835044, -0.13838505937960255, -0.1352266721151425, -0.13047889818275427, -0.12487392737517156, -0.11904689209693742, -0.09953544562119343, -0.09511784154137759, -0.09215308576285852, -0.08896227580440175, -0.08649826904917401, -0.08476358412550788, -0.08242556964659387, -0.07852034797157592, -0.07302239157840029, -0.0691573034271098, -0.06006754584716223, -0.0554937647819469, -0.05549376487094193, -0.05549376478796764, -0.05549376479043033, -0.05549376488615243, -0.0554937649057905, -0.055493764903918, -0.055493764924425815, -0.055493764886368924, -0.0554937648905891, -0.05549376477431567, -0.05549376481032753, -0.055493764859747996, -0.05549376482129098, -0.05549376478399837, -0.055493764843109084, -0.055493764902007525, -0.055493764852670324, -0.05549376480484858, -0.0554937648641447, -0.055493764828934644, -0.05549376487801094, -0.05549376485962387, -0.05549376482777735, -0.05549376480472601, -0.0554937648465752, -0.05549376481332602, -0.05549376483096147, -0.05549376485712565, -0.05549376482492785, -0.05549376483526358, -0.05549376491401814, -0.05549376487433433, -0.05549376489406099, -0.05549376487650437, -0.05549376494921732, -0.0554937648169509, -0.05549376482783752, -0.05549376496211611, -0.055493764882016405, -0.055493764835524706, -0.05549376483388668, -0.055493764907425414, -0.05549376486630364]
Export to file: ../imgs/traj_opt_fold_14/scene_0.luisa
Export finished.
Export to file: ../imgs/traj_opt_fold_14/scene_1.luisa
Export finished.
Export to file: ../imgs/traj_opt_fold_14/scene_2.luisa
Export finished.
Export to file: ../imgs/traj_opt_fold_14/scene_3.luisa
Export finished.
Export to file: ../imgs/traj_opt_fold_14/scene_4.luisa
Export finished.
Export to file: ../imgs/traj_opt_fold_14/scene_5.luisa
Export finished.
Export to file: ../imgs/traj_opt_fold_14/scene_6.luisa
Export finished.
Export to file: ../imgs/traj_opt_fold_14/scene_7.luisa
Export finished.
Export to file: ../imgs/traj_opt_fold_14/scene_8.luisa
Export finished.
Export to file: ../imgs/traj_opt_fold_14/scene_9.luisa
Export finished.
Export to file: ../imgs/traj_opt_fold_14/scene_10.luisa
Export finished.
Export to file: ../imgs/traj_opt_fold_14/scene_11.luisa
Export finished.
Export to file: ../imgs/traj_opt_fold_14/scene_12.luisa
Export finished.
Export to file: ../imgs/traj_opt_fold_14/scene_13.luisa
Export finished.
Export to file: ../imgs/traj_opt_fold_14/scene_14.luisa
Export finished.
Export to file: ../imgs/traj_opt_fold_14/scene_15.luisa
Export finished.
Export to file: ../imgs/traj_opt_fold_14/scene_16.luisa
Export finished.
Export to file: ../imgs/traj_opt_fold_14/scene_17.luisa
Export finished.
Export to file: ../imgs/traj_opt_fold_14/scene_18.luisa
Export finished.
Export to file: ../imgs/traj_opt_fold_14/scene_19.luisa
Export finished.
Export to file: ../imgs/traj_opt_fold_14/scene_20.luisa
Export finished.
Export to file: ../imgs/traj_opt_fold_14/scene_21.luisa
Export finished.
Export to file: ../imgs/traj_opt_fold_14/scene_22.luisa
Export finished.
Export to file: ../imgs/traj_opt_fold_14/scene_23.luisa
Export finished.
Export to file: ../imgs/traj_opt_fold_14/scene_24.luisa
Export finished.
Export to file: ../imgs/traj_opt_fold_14/scene_25.luisa
Export finished.
Export to file: ../imgs/traj_opt_fold_14/scene_26.luisa
Export finished.
Export to file: ../imgs/traj_opt_fold_14/scene_27.luisa
Export finished.
Export to file: ../imgs/traj_opt_fold_14/scene_28.luisa
Export finished.
Export to file: ../imgs/traj_opt_fold_14/scene_29.luisa
Export finished.
Export to file: ../imgs/traj_opt_fold_14/scene_30.luisa
Export finished.
Export to file: ../imgs/traj_opt_fold_14/scene_31.luisa
Export finished.
Export to file: ../imgs/traj_opt_fold_14/scene_32.luisa
Export finished.
Export to file: ../imgs/traj_opt_fold_14/scene_33.luisa
Export finished.
Export to file: ../imgs/traj_opt_fold_14/scene_34.luisa
Export finished.
Export to file: ../imgs/traj_opt_fold_14/scene_35.luisa
Export finished.
Export to file: ../imgs/traj_opt_fold_14/scene_36.luisa
Export finished.
Export to file: ../imgs/traj_opt_fold_14/scene_37.luisa
Export finished.
Export to file: ../imgs/traj_opt_fold_14/scene_38.luisa
Export finished.
Export to file: ../imgs/traj_opt_fold_14/scene_39.luisa
Export finished.
Export to file: ../imgs/traj_opt_fold_14/scene_40.luisa
Export finished.
Export to file: ../imgs/traj_opt_fold_14/scene_41.luisa
Export finished.
Export to file: ../imgs/traj_opt_fold_14/scene_42.luisa
Export finished.
Export to file: ../imgs/traj_opt_fold_14/scene_43.luisa
Export finished.
Export to file: ../imgs/traj_opt_fold_14/scene_44.luisa
Export finished.
Export to file: ../imgs/traj_opt_fold_14/scene_45.luisa
Export finished.
Export to file: ../imgs/traj_opt_fold_14/scene_46.luisa
Export finished.
Export to file: ../imgs/traj_opt_fold_14/scene_47.luisa
Export finished.
Export to file: ../imgs/traj_opt_fold_14/scene_48.luisa
Export finished.
Export to file: ../imgs/traj_opt_fold_14/scene_49.luisa
Export finished.
[safeguard] restored best_traj.npy after export at iteration 60
[safeguard] restored plot_data.npy after export at iteration 60
done grad
iter:  61
tot_time: 14.73353385925293
total_reward: [-0.14546239221835044, -0.13838505937960255, -0.1352266721151425, -0.13047889818275427, -0.12487392737517156, -0.11904689209693742, -0.09953544562119343, -0.09511784154137759, -0.09215308576285852, -0.08896227580440175, -0.08649826904917401, -0.08476358412550788, -0.08242556964659387, -0.07852034797157592, -0.07302239157840029, -0.0691573034271098, -0.06006754584716223, -0.0554937647819469, -0.05549376487094193, -0.05549376478796764, -0.05549376479043033, -0.05549376488615243, -0.0554937649057905, -0.055493764903918, -0.055493764924425815, -0.055493764886368924, -0.0554937648905891, -0.05549376477431567, -0.05549376481032753, -0.055493764859747996, -0.05549376482129098, -0.05549376478399837, -0.055493764843109084, -0.055493764902007525, -0.055493764852670324, -0.05549376480484858, -0.0554937648641447, -0.055493764828934644, -0.05549376487801094, -0.05549376485962387, -0.05549376482777735, -0.05549376480472601, -0.0554937648465752, -0.05549376481332602, -0.05549376483096147, -0.05549376485712565, -0.05549376482492785, -0.05549376483526358, -0.05549376491401814, -0.05549376487433433, -0.05549376489406099, -0.05549376487650437, -0.05549376494921732, -0.0554937648169509, -0.05549376482783752, -0.05549376496211611, -0.055493764882016405, -0.055493764835524706, -0.05549376483388668, -0.055493764907425414, -0.05549376486630364, -0.05549376480524626]
done grad
iter:  62
tot_time: 14.682059288024902
total_reward: [-0.14546239221835044, -0.13838505937960255, -0.1352266721151425, -0.13047889818275427, -0.12487392737517156, -0.11904689209693742, -0.09953544562119343, -0.09511784154137759, -0.09215308576285852, -0.08896227580440175, -0.08649826904917401, -0.08476358412550788, -0.08242556964659387, -0.07852034797157592, -0.07302239157840029, -0.0691573034271098, -0.06006754584716223, -0.0554937647819469, -0.05549376487094193, -0.05549376478796764, -0.05549376479043033, -0.05549376488615243, -0.0554937649057905, -0.055493764903918, -0.055493764924425815, -0.055493764886368924, -0.0554937648905891, -0.05549376477431567, -0.05549376481032753, -0.055493764859747996, -0.05549376482129098, -0.05549376478399837, -0.055493764843109084, -0.055493764902007525, -0.055493764852670324, -0.05549376480484858, -0.0554937648641447, -0.055493764828934644, -0.05549376487801094, -0.05549376485962387, -0.05549376482777735, -0.05549376480472601, -0.0554937648465752, -0.05549376481332602, -0.05549376483096147, -0.05549376485712565, -0.05549376482492785, -0.05549376483526358, -0.05549376491401814, -0.05549376487433433, -0.05549376489406099, -0.05549376487650437, -0.05549376494921732, -0.0554937648169509, -0.05549376482783752, -0.05549376496211611, -0.055493764882016405, -0.055493764835524706, -0.05549376483388668, -0.055493764907425414, -0.05549376486630364, -0.05549376480524626, -0.055493764877854845]
done grad
iter:  63
tot_time: 14.843733549118042
total_reward: [-0.14546239221835044, -0.13838505937960255, -0.1352266721151425, -0.13047889818275427, -0.12487392737517156, -0.11904689209693742, -0.09953544562119343, -0.09511784154137759, -0.09215308576285852, -0.08896227580440175, -0.08649826904917401, -0.08476358412550788, -0.08242556964659387, -0.07852034797157592, -0.07302239157840029, -0.0691573034271098, -0.06006754584716223, -0.0554937647819469, -0.05549376487094193, -0.05549376478796764, -0.05549376479043033, -0.05549376488615243, -0.0554937649057905, -0.055493764903918, -0.055493764924425815, -0.055493764886368924, -0.0554937648905891, -0.05549376477431567, -0.05549376481032753, -0.055493764859747996, -0.05549376482129098, -0.05549376478399837, -0.055493764843109084, -0.055493764902007525, -0.055493764852670324, -0.05549376480484858, -0.0554937648641447, -0.055493764828934644, -0.05549376487801094, -0.05549376485962387, -0.05549376482777735, -0.05549376480472601, -0.0554937648465752, -0.05549376481332602, -0.05549376483096147, -0.05549376485712565, -0.05549376482492785, -0.05549376483526358, -0.05549376491401814, -0.05549376487433433, -0.05549376489406099, -0.05549376487650437, -0.05549376494921732, -0.0554937648169509, -0.05549376482783752, -0.05549376496211611, -0.055493764882016405, -0.055493764835524706, -0.05549376483388668, -0.055493764907425414, -0.05549376486630364, -0.05549376480524626, -0.055493764877854845, -0.05549376488250002]
done grad
iter:  64
tot_time: 14.88137149810791
total_reward: [-0.14546239221835044, -0.13838505937960255, -0.1352266721151425, -0.13047889818275427, -0.12487392737517156, -0.11904689209693742, -0.09953544562119343, -0.09511784154137759, -0.09215308576285852, -0.08896227580440175, -0.08649826904917401, -0.08476358412550788, -0.08242556964659387, -0.07852034797157592, -0.07302239157840029, -0.0691573034271098, -0.06006754584716223, -0.0554937647819469, -0.05549376487094193, -0.05549376478796764, -0.05549376479043033, -0.05549376488615243, -0.0554937649057905, -0.055493764903918, -0.055493764924425815, -0.055493764886368924, -0.0554937648905891, -0.05549376477431567, -0.05549376481032753, -0.055493764859747996, -0.05549376482129098, -0.05549376478399837, -0.055493764843109084, -0.055493764902007525, -0.055493764852670324, -0.05549376480484858, -0.0554937648641447, -0.055493764828934644, -0.05549376487801094, -0.05549376485962387, -0.05549376482777735, -0.05549376480472601, -0.0554937648465752, -0.05549376481332602, -0.05549376483096147, -0.05549376485712565, -0.05549376482492785, -0.05549376483526358, -0.05549376491401814, -0.05549376487433433, -0.05549376489406099, -0.05549376487650437, -0.05549376494921732, -0.0554937648169509, -0.05549376482783752, -0.05549376496211611, -0.055493764882016405, -0.055493764835524706, -0.05549376483388668, -0.055493764907425414, -0.05549376486630364, -0.05549376480524626, -0.055493764877854845, -0.05549376488250002, -0.05549376490373059]
done grad
iter:  65
tot_time: 14.821712732315063
total_reward: [-0.14546239221835044, -0.13838505937960255, -0.1352266721151425, -0.13047889818275427, -0.12487392737517156, -0.11904689209693742, -0.09953544562119343, -0.09511784154137759, -0.09215308576285852, -0.08896227580440175, -0.08649826904917401, -0.08476358412550788, -0.08242556964659387, -0.07852034797157592, -0.07302239157840029, -0.0691573034271098, -0.06006754584716223, -0.0554937647819469, -0.05549376487094193, -0.05549376478796764, -0.05549376479043033, -0.05549376488615243, -0.0554937649057905, -0.055493764903918, -0.055493764924425815, -0.055493764886368924, -0.0554937648905891, -0.05549376477431567, -0.05549376481032753, -0.055493764859747996, -0.05549376482129098, -0.05549376478399837, -0.055493764843109084, -0.055493764902007525, -0.055493764852670324, -0.05549376480484858, -0.0554937648641447, -0.055493764828934644, -0.05549376487801094, -0.05549376485962387, -0.05549376482777735, -0.05549376480472601, -0.0554937648465752, -0.05549376481332602, -0.05549376483096147, -0.05549376485712565, -0.05549376482492785, -0.05549376483526358, -0.05549376491401814, -0.05549376487433433, -0.05549376489406099, -0.05549376487650437, -0.05549376494921732, -0.0554937648169509, -0.05549376482783752, -0.05549376496211611, -0.055493764882016405, -0.055493764835524706, -0.05549376483388668, -0.055493764907425414, -0.05549376486630364, -0.05549376480524626, -0.055493764877854845, -0.05549376488250002, -0.05549376490373059, -0.05549376478217938]
done grad
iter:  66
tot_time: 14.709272861480713
total_reward: [-0.14546239221835044, -0.13838505937960255, -0.1352266721151425, -0.13047889818275427, -0.12487392737517156, -0.11904689209693742, -0.09953544562119343, -0.09511784154137759, -0.09215308576285852, -0.08896227580440175, -0.08649826904917401, -0.08476358412550788, -0.08242556964659387, -0.07852034797157592, -0.07302239157840029, -0.0691573034271098, -0.06006754584716223, -0.0554937647819469, -0.05549376487094193, -0.05549376478796764, -0.05549376479043033, -0.05549376488615243, -0.0554937649057905, -0.055493764903918, -0.055493764924425815, -0.055493764886368924, -0.0554937648905891, -0.05549376477431567, -0.05549376481032753, -0.055493764859747996, -0.05549376482129098, -0.05549376478399837, -0.055493764843109084, -0.055493764902007525, -0.055493764852670324, -0.05549376480484858, -0.0554937648641447, -0.055493764828934644, -0.05549376487801094, -0.05549376485962387, -0.05549376482777735, -0.05549376480472601, -0.0554937648465752, -0.05549376481332602, -0.05549376483096147, -0.05549376485712565, -0.05549376482492785, -0.05549376483526358, -0.05549376491401814, -0.05549376487433433, -0.05549376489406099, -0.05549376487650437, -0.05549376494921732, -0.0554937648169509, -0.05549376482783752, -0.05549376496211611, -0.055493764882016405, -0.055493764835524706, -0.05549376483388668, -0.055493764907425414, -0.05549376486630364, -0.05549376480524626, -0.055493764877854845, -0.05549376488250002, -0.05549376490373059, -0.05549376478217938, -0.05549376482967383]
done grad
iter:  67
tot_time: 14.763479232788086
total_reward: [-0.14546239221835044, -0.13838505937960255, -0.1352266721151425, -0.13047889818275427, -0.12487392737517156, -0.11904689209693742, -0.09953544562119343, -0.09511784154137759, -0.09215308576285852, -0.08896227580440175, -0.08649826904917401, -0.08476358412550788, -0.08242556964659387, -0.07852034797157592, -0.07302239157840029, -0.0691573034271098, -0.06006754584716223, -0.0554937647819469, -0.05549376487094193, -0.05549376478796764, -0.05549376479043033, -0.05549376488615243, -0.0554937649057905, -0.055493764903918, -0.055493764924425815, -0.055493764886368924, -0.0554937648905891, -0.05549376477431567, -0.05549376481032753, -0.055493764859747996, -0.05549376482129098, -0.05549376478399837, -0.055493764843109084, -0.055493764902007525, -0.055493764852670324, -0.05549376480484858, -0.0554937648641447, -0.055493764828934644, -0.05549376487801094, -0.05549376485962387, -0.05549376482777735, -0.05549376480472601, -0.0554937648465752, -0.05549376481332602, -0.05549376483096147, -0.05549376485712565, -0.05549376482492785, -0.05549376483526358, -0.05549376491401814, -0.05549376487433433, -0.05549376489406099, -0.05549376487650437, -0.05549376494921732, -0.0554937648169509, -0.05549376482783752, -0.05549376496211611, -0.055493764882016405, -0.055493764835524706, -0.05549376483388668, -0.055493764907425414, -0.05549376486630364, -0.05549376480524626, -0.055493764877854845, -0.05549376488250002, -0.05549376490373059, -0.05549376478217938, -0.05549376482967383, -0.055493764876919593]
done grad
iter:  68
tot_time: 14.73153305053711
total_reward: [-0.14546239221835044, -0.13838505937960255, -0.1352266721151425, -0.13047889818275427, -0.12487392737517156, -0.11904689209693742, -0.09953544562119343, -0.09511784154137759, -0.09215308576285852, -0.08896227580440175, -0.08649826904917401, -0.08476358412550788, -0.08242556964659387, -0.07852034797157592, -0.07302239157840029, -0.0691573034271098, -0.06006754584716223, -0.0554937647819469, -0.05549376487094193, -0.05549376478796764, -0.05549376479043033, -0.05549376488615243, -0.0554937649057905, -0.055493764903918, -0.055493764924425815, -0.055493764886368924, -0.0554937648905891, -0.05549376477431567, -0.05549376481032753, -0.055493764859747996, -0.05549376482129098, -0.05549376478399837, -0.055493764843109084, -0.055493764902007525, -0.055493764852670324, -0.05549376480484858, -0.0554937648641447, -0.055493764828934644, -0.05549376487801094, -0.05549376485962387, -0.05549376482777735, -0.05549376480472601, -0.0554937648465752, -0.05549376481332602, -0.05549376483096147, -0.05549376485712565, -0.05549376482492785, -0.05549376483526358, -0.05549376491401814, -0.05549376487433433, -0.05549376489406099, -0.05549376487650437, -0.05549376494921732, -0.0554937648169509, -0.05549376482783752, -0.05549376496211611, -0.055493764882016405, -0.055493764835524706, -0.05549376483388668, -0.055493764907425414, -0.05549376486630364, -0.05549376480524626, -0.055493764877854845, -0.05549376488250002, -0.05549376490373059, -0.05549376478217938, -0.05549376482967383, -0.055493764876919593, -0.055493764808587365]
done grad
iter:  69
tot_time: 14.815390586853027
total_reward: [-0.14546239221835044, -0.13838505937960255, -0.1352266721151425, -0.13047889818275427, -0.12487392737517156, -0.11904689209693742, -0.09953544562119343, -0.09511784154137759, -0.09215308576285852, -0.08896227580440175, -0.08649826904917401, -0.08476358412550788, -0.08242556964659387, -0.07852034797157592, -0.07302239157840029, -0.0691573034271098, -0.06006754584716223, -0.0554937647819469, -0.05549376487094193, -0.05549376478796764, -0.05549376479043033, -0.05549376488615243, -0.0554937649057905, -0.055493764903918, -0.055493764924425815, -0.055493764886368924, -0.0554937648905891, -0.05549376477431567, -0.05549376481032753, -0.055493764859747996, -0.05549376482129098, -0.05549376478399837, -0.055493764843109084, -0.055493764902007525, -0.055493764852670324, -0.05549376480484858, -0.0554937648641447, -0.055493764828934644, -0.05549376487801094, -0.05549376485962387, -0.05549376482777735, -0.05549376480472601, -0.0554937648465752, -0.05549376481332602, -0.05549376483096147, -0.05549376485712565, -0.05549376482492785, -0.05549376483526358, -0.05549376491401814, -0.05549376487433433, -0.05549376489406099, -0.05549376487650437, -0.05549376494921732, -0.0554937648169509, -0.05549376482783752, -0.05549376496211611, -0.055493764882016405, -0.055493764835524706, -0.05549376483388668, -0.055493764907425414, -0.05549376486630364, -0.05549376480524626, -0.055493764877854845, -0.05549376488250002, -0.05549376490373059, -0.05549376478217938, -0.05549376482967383, -0.055493764876919593, -0.055493764808587365, -0.05549376486343949]
done grad
iter:  70
tot_time: 14.891969442367554
total_reward: [-0.14546239221835044, -0.13838505937960255, -0.1352266721151425, -0.13047889818275427, -0.12487392737517156, -0.11904689209693742, -0.09953544562119343, -0.09511784154137759, -0.09215308576285852, -0.08896227580440175, -0.08649826904917401, -0.08476358412550788, -0.08242556964659387, -0.07852034797157592, -0.07302239157840029, -0.0691573034271098, -0.06006754584716223, -0.0554937647819469, -0.05549376487094193, -0.05549376478796764, -0.05549376479043033, -0.05549376488615243, -0.0554937649057905, -0.055493764903918, -0.055493764924425815, -0.055493764886368924, -0.0554937648905891, -0.05549376477431567, -0.05549376481032753, -0.055493764859747996, -0.05549376482129098, -0.05549376478399837, -0.055493764843109084, -0.055493764902007525, -0.055493764852670324, -0.05549376480484858, -0.0554937648641447, -0.055493764828934644, -0.05549376487801094, -0.05549376485962387, -0.05549376482777735, -0.05549376480472601, -0.0554937648465752, -0.05549376481332602, -0.05549376483096147, -0.05549376485712565, -0.05549376482492785, -0.05549376483526358, -0.05549376491401814, -0.05549376487433433, -0.05549376489406099, -0.05549376487650437, -0.05549376494921732, -0.0554937648169509, -0.05549376482783752, -0.05549376496211611, -0.055493764882016405, -0.055493764835524706, -0.05549376483388668, -0.055493764907425414, -0.05549376486630364, -0.05549376480524626, -0.055493764877854845, -0.05549376488250002, -0.05549376490373059, -0.05549376478217938, -0.05549376482967383, -0.055493764876919593, -0.055493764808587365, -0.05549376486343949, -0.05549376480665291]
done grad
iter:  71
tot_time: 14.95756983757019
total_reward: [-0.14546239221835044, -0.13838505937960255, -0.1352266721151425, -0.13047889818275427, -0.12487392737517156, -0.11904689209693742, -0.09953544562119343, -0.09511784154137759, -0.09215308576285852, -0.08896227580440175, -0.08649826904917401, -0.08476358412550788, -0.08242556964659387, -0.07852034797157592, -0.07302239157840029, -0.0691573034271098, -0.06006754584716223, -0.0554937647819469, -0.05549376487094193, -0.05549376478796764, -0.05549376479043033, -0.05549376488615243, -0.0554937649057905, -0.055493764903918, -0.055493764924425815, -0.055493764886368924, -0.0554937648905891, -0.05549376477431567, -0.05549376481032753, -0.055493764859747996, -0.05549376482129098, -0.05549376478399837, -0.055493764843109084, -0.055493764902007525, -0.055493764852670324, -0.05549376480484858, -0.0554937648641447, -0.055493764828934644, -0.05549376487801094, -0.05549376485962387, -0.05549376482777735, -0.05549376480472601, -0.0554937648465752, -0.05549376481332602, -0.05549376483096147, -0.05549376485712565, -0.05549376482492785, -0.05549376483526358, -0.05549376491401814, -0.05549376487433433, -0.05549376489406099, -0.05549376487650437, -0.05549376494921732, -0.0554937648169509, -0.05549376482783752, -0.05549376496211611, -0.055493764882016405, -0.055493764835524706, -0.05549376483388668, -0.055493764907425414, -0.05549376486630364, -0.05549376480524626, -0.055493764877854845, -0.05549376488250002, -0.05549376490373059, -0.05549376478217938, -0.05549376482967383, -0.055493764876919593, -0.055493764808587365, -0.05549376486343949, -0.05549376480665291, -0.055493764853135064]
done grad
iter:  72
tot_time: 14.961871862411499
total_reward: [-0.14546239221835044, -0.13838505937960255, -0.1352266721151425, -0.13047889818275427, -0.12487392737517156, -0.11904689209693742, -0.09953544562119343, -0.09511784154137759, -0.09215308576285852, -0.08896227580440175, -0.08649826904917401, -0.08476358412550788, -0.08242556964659387, -0.07852034797157592, -0.07302239157840029, -0.0691573034271098, -0.06006754584716223, -0.0554937647819469, -0.05549376487094193, -0.05549376478796764, -0.05549376479043033, -0.05549376488615243, -0.0554937649057905, -0.055493764903918, -0.055493764924425815, -0.055493764886368924, -0.0554937648905891, -0.05549376477431567, -0.05549376481032753, -0.055493764859747996, -0.05549376482129098, -0.05549376478399837, -0.055493764843109084, -0.055493764902007525, -0.055493764852670324, -0.05549376480484858, -0.0554937648641447, -0.055493764828934644, -0.05549376487801094, -0.05549376485962387, -0.05549376482777735, -0.05549376480472601, -0.0554937648465752, -0.05549376481332602, -0.05549376483096147, -0.05549376485712565, -0.05549376482492785, -0.05549376483526358, -0.05549376491401814, -0.05549376487433433, -0.05549376489406099, -0.05549376487650437, -0.05549376494921732, -0.0554937648169509, -0.05549376482783752, -0.05549376496211611, -0.055493764882016405, -0.055493764835524706, -0.05549376483388668, -0.055493764907425414, -0.05549376486630364, -0.05549376480524626, -0.055493764877854845, -0.05549376488250002, -0.05549376490373059, -0.05549376478217938, -0.05549376482967383, -0.055493764876919593, -0.055493764808587365, -0.05549376486343949, -0.05549376480665291, -0.055493764853135064, -0.05549376485099278]
done grad
iter:  73
tot_time: 14.971996068954468
total_reward: [-0.14546239221835044, -0.13838505937960255, -0.1352266721151425, -0.13047889818275427, -0.12487392737517156, -0.11904689209693742, -0.09953544562119343, -0.09511784154137759, -0.09215308576285852, -0.08896227580440175, -0.08649826904917401, -0.08476358412550788, -0.08242556964659387, -0.07852034797157592, -0.07302239157840029, -0.0691573034271098, -0.06006754584716223, -0.0554937647819469, -0.05549376487094193, -0.05549376478796764, -0.05549376479043033, -0.05549376488615243, -0.0554937649057905, -0.055493764903918, -0.055493764924425815, -0.055493764886368924, -0.0554937648905891, -0.05549376477431567, -0.05549376481032753, -0.055493764859747996, -0.05549376482129098, -0.05549376478399837, -0.055493764843109084, -0.055493764902007525, -0.055493764852670324, -0.05549376480484858, -0.0554937648641447, -0.055493764828934644, -0.05549376487801094, -0.05549376485962387, -0.05549376482777735, -0.05549376480472601, -0.0554937648465752, -0.05549376481332602, -0.05549376483096147, -0.05549376485712565, -0.05549376482492785, -0.05549376483526358, -0.05549376491401814, -0.05549376487433433, -0.05549376489406099, -0.05549376487650437, -0.05549376494921732, -0.0554937648169509, -0.05549376482783752, -0.05549376496211611, -0.055493764882016405, -0.055493764835524706, -0.05549376483388668, -0.055493764907425414, -0.05549376486630364, -0.05549376480524626, -0.055493764877854845, -0.05549376488250002, -0.05549376490373059, -0.05549376478217938, -0.05549376482967383, -0.055493764876919593, -0.055493764808587365, -0.05549376486343949, -0.05549376480665291, -0.055493764853135064, -0.05549376485099278, -0.05549376485514723]
done grad
iter:  74
tot_time: 14.932475328445435
total_reward: [-0.14546239221835044, -0.13838505937960255, -0.1352266721151425, -0.13047889818275427, -0.12487392737517156, -0.11904689209693742, -0.09953544562119343, -0.09511784154137759, -0.09215308576285852, -0.08896227580440175, -0.08649826904917401, -0.08476358412550788, -0.08242556964659387, -0.07852034797157592, -0.07302239157840029, -0.0691573034271098, -0.06006754584716223, -0.0554937647819469, -0.05549376487094193, -0.05549376478796764, -0.05549376479043033, -0.05549376488615243, -0.0554937649057905, -0.055493764903918, -0.055493764924425815, -0.055493764886368924, -0.0554937648905891, -0.05549376477431567, -0.05549376481032753, -0.055493764859747996, -0.05549376482129098, -0.05549376478399837, -0.055493764843109084, -0.055493764902007525, -0.055493764852670324, -0.05549376480484858, -0.0554937648641447, -0.055493764828934644, -0.05549376487801094, -0.05549376485962387, -0.05549376482777735, -0.05549376480472601, -0.0554937648465752, -0.05549376481332602, -0.05549376483096147, -0.05549376485712565, -0.05549376482492785, -0.05549376483526358, -0.05549376491401814, -0.05549376487433433, -0.05549376489406099, -0.05549376487650437, -0.05549376494921732, -0.0554937648169509, -0.05549376482783752, -0.05549376496211611, -0.055493764882016405, -0.055493764835524706, -0.05549376483388668, -0.055493764907425414, -0.05549376486630364, -0.05549376480524626, -0.055493764877854845, -0.05549376488250002, -0.05549376490373059, -0.05549376478217938, -0.05549376482967383, -0.055493764876919593, -0.055493764808587365, -0.05549376486343949, -0.05549376480665291, -0.055493764853135064, -0.05549376485099278, -0.05549376485514723, -0.055493764914089194]
done grad
iter:  75
tot_time: 15.01343321800232
total_reward: [-0.14546239221835044, -0.13838505937960255, -0.1352266721151425, -0.13047889818275427, -0.12487392737517156, -0.11904689209693742, -0.09953544562119343, -0.09511784154137759, -0.09215308576285852, -0.08896227580440175, -0.08649826904917401, -0.08476358412550788, -0.08242556964659387, -0.07852034797157592, -0.07302239157840029, -0.0691573034271098, -0.06006754584716223, -0.0554937647819469, -0.05549376487094193, -0.05549376478796764, -0.05549376479043033, -0.05549376488615243, -0.0554937649057905, -0.055493764903918, -0.055493764924425815, -0.055493764886368924, -0.0554937648905891, -0.05549376477431567, -0.05549376481032753, -0.055493764859747996, -0.05549376482129098, -0.05549376478399837, -0.055493764843109084, -0.055493764902007525, -0.055493764852670324, -0.05549376480484858, -0.0554937648641447, -0.055493764828934644, -0.05549376487801094, -0.05549376485962387, -0.05549376482777735, -0.05549376480472601, -0.0554937648465752, -0.05549376481332602, -0.05549376483096147, -0.05549376485712565, -0.05549376482492785, -0.05549376483526358, -0.05549376491401814, -0.05549376487433433, -0.05549376489406099, -0.05549376487650437, -0.05549376494921732, -0.0554937648169509, -0.05549376482783752, -0.05549376496211611, -0.055493764882016405, -0.055493764835524706, -0.05549376483388668, -0.055493764907425414, -0.05549376486630364, -0.05549376480524626, -0.055493764877854845, -0.05549376488250002, -0.05549376490373059, -0.05549376478217938, -0.05549376482967383, -0.055493764876919593, -0.055493764808587365, -0.05549376486343949, -0.05549376480665291, -0.055493764853135064, -0.05549376485099278, -0.05549376485514723, -0.055493764914089194, -0.055493764779582344]
done grad
iter:  76
tot_time: 14.87571907043457
total_reward: [-0.14546239221835044, -0.13838505937960255, -0.1352266721151425, -0.13047889818275427, -0.12487392737517156, -0.11904689209693742, -0.09953544562119343, -0.09511784154137759, -0.09215308576285852, -0.08896227580440175, -0.08649826904917401, -0.08476358412550788, -0.08242556964659387, -0.07852034797157592, -0.07302239157840029, -0.0691573034271098, -0.06006754584716223, -0.0554937647819469, -0.05549376487094193, -0.05549376478796764, -0.05549376479043033, -0.05549376488615243, -0.0554937649057905, -0.055493764903918, -0.055493764924425815, -0.055493764886368924, -0.0554937648905891, -0.05549376477431567, -0.05549376481032753, -0.055493764859747996, -0.05549376482129098, -0.05549376478399837, -0.055493764843109084, -0.055493764902007525, -0.055493764852670324, -0.05549376480484858, -0.0554937648641447, -0.055493764828934644, -0.05549376487801094, -0.05549376485962387, -0.05549376482777735, -0.05549376480472601, -0.0554937648465752, -0.05549376481332602, -0.05549376483096147, -0.05549376485712565, -0.05549376482492785, -0.05549376483526358, -0.05549376491401814, -0.05549376487433433, -0.05549376489406099, -0.05549376487650437, -0.05549376494921732, -0.0554937648169509, -0.05549376482783752, -0.05549376496211611, -0.055493764882016405, -0.055493764835524706, -0.05549376483388668, -0.055493764907425414, -0.05549376486630364, -0.05549376480524626, -0.055493764877854845, -0.05549376488250002, -0.05549376490373059, -0.05549376478217938, -0.05549376482967383, -0.055493764876919593, -0.055493764808587365, -0.05549376486343949, -0.05549376480665291, -0.055493764853135064, -0.05549376485099278, -0.05549376485514723, -0.055493764914089194, -0.055493764779582344, -0.055493764910117926]
done grad
iter:  77
tot_time: 15.191901445388794
total_reward: [-0.14546239221835044, -0.13838505937960255, -0.1352266721151425, -0.13047889818275427, -0.12487392737517156, -0.11904689209693742, -0.09953544562119343, -0.09511784154137759, -0.09215308576285852, -0.08896227580440175, -0.08649826904917401, -0.08476358412550788, -0.08242556964659387, -0.07852034797157592, -0.07302239157840029, -0.0691573034271098, -0.06006754584716223, -0.0554937647819469, -0.05549376487094193, -0.05549376478796764, -0.05549376479043033, -0.05549376488615243, -0.0554937649057905, -0.055493764903918, -0.055493764924425815, -0.055493764886368924, -0.0554937648905891, -0.05549376477431567, -0.05549376481032753, -0.055493764859747996, -0.05549376482129098, -0.05549376478399837, -0.055493764843109084, -0.055493764902007525, -0.055493764852670324, -0.05549376480484858, -0.0554937648641447, -0.055493764828934644, -0.05549376487801094, -0.05549376485962387, -0.05549376482777735, -0.05549376480472601, -0.0554937648465752, -0.05549376481332602, -0.05549376483096147, -0.05549376485712565, -0.05549376482492785, -0.05549376483526358, -0.05549376491401814, -0.05549376487433433, -0.05549376489406099, -0.05549376487650437, -0.05549376494921732, -0.0554937648169509, -0.05549376482783752, -0.05549376496211611, -0.055493764882016405, -0.055493764835524706, -0.05549376483388668, -0.055493764907425414, -0.05549376486630364, -0.05549376480524626, -0.055493764877854845, -0.05549376488250002, -0.05549376490373059, -0.05549376478217938, -0.05549376482967383, -0.055493764876919593, -0.055493764808587365, -0.05549376486343949, -0.05549376480665291, -0.055493764853135064, -0.05549376485099278, -0.05549376485514723, -0.055493764914089194, -0.055493764779582344, -0.055493764910117926, -0.05549376484690849]
done grad
iter:  78
tot_time: 14.885550498962402
total_reward: [-0.14546239221835044, -0.13838505937960255, -0.1352266721151425, -0.13047889818275427, -0.12487392737517156, -0.11904689209693742, -0.09953544562119343, -0.09511784154137759, -0.09215308576285852, -0.08896227580440175, -0.08649826904917401, -0.08476358412550788, -0.08242556964659387, -0.07852034797157592, -0.07302239157840029, -0.0691573034271098, -0.06006754584716223, -0.0554937647819469, -0.05549376487094193, -0.05549376478796764, -0.05549376479043033, -0.05549376488615243, -0.0554937649057905, -0.055493764903918, -0.055493764924425815, -0.055493764886368924, -0.0554937648905891, -0.05549376477431567, -0.05549376481032753, -0.055493764859747996, -0.05549376482129098, -0.05549376478399837, -0.055493764843109084, -0.055493764902007525, -0.055493764852670324, -0.05549376480484858, -0.0554937648641447, -0.055493764828934644, -0.05549376487801094, -0.05549376485962387, -0.05549376482777735, -0.05549376480472601, -0.0554937648465752, -0.05549376481332602, -0.05549376483096147, -0.05549376485712565, -0.05549376482492785, -0.05549376483526358, -0.05549376491401814, -0.05549376487433433, -0.05549376489406099, -0.05549376487650437, -0.05549376494921732, -0.0554937648169509, -0.05549376482783752, -0.05549376496211611, -0.055493764882016405, -0.055493764835524706, -0.05549376483388668, -0.055493764907425414, -0.05549376486630364, -0.05549376480524626, -0.055493764877854845, -0.05549376488250002, -0.05549376490373059, -0.05549376478217938, -0.05549376482967383, -0.055493764876919593, -0.055493764808587365, -0.05549376486343949, -0.05549376480665291, -0.055493764853135064, -0.05549376485099278, -0.05549376485514723, -0.055493764914089194, -0.055493764779582344, -0.055493764910117926, -0.05549376484690849, -0.055493764853735916]
done grad
iter:  79
tot_time: 14.928000211715698
total_reward: [-0.14546239221835044, -0.13838505937960255, -0.1352266721151425, -0.13047889818275427, -0.12487392737517156, -0.11904689209693742, -0.09953544562119343, -0.09511784154137759, -0.09215308576285852, -0.08896227580440175, -0.08649826904917401, -0.08476358412550788, -0.08242556964659387, -0.07852034797157592, -0.07302239157840029, -0.0691573034271098, -0.06006754584716223, -0.0554937647819469, -0.05549376487094193, -0.05549376478796764, -0.05549376479043033, -0.05549376488615243, -0.0554937649057905, -0.055493764903918, -0.055493764924425815, -0.055493764886368924, -0.0554937648905891, -0.05549376477431567, -0.05549376481032753, -0.055493764859747996, -0.05549376482129098, -0.05549376478399837, -0.055493764843109084, -0.055493764902007525, -0.055493764852670324, -0.05549376480484858, -0.0554937648641447, -0.055493764828934644, -0.05549376487801094, -0.05549376485962387, -0.05549376482777735, -0.05549376480472601, -0.0554937648465752, -0.05549376481332602, -0.05549376483096147, -0.05549376485712565, -0.05549376482492785, -0.05549376483526358, -0.05549376491401814, -0.05549376487433433, -0.05549376489406099, -0.05549376487650437, -0.05549376494921732, -0.0554937648169509, -0.05549376482783752, -0.05549376496211611, -0.055493764882016405, -0.055493764835524706, -0.05549376483388668, -0.055493764907425414, -0.05549376486630364, -0.05549376480524626, -0.055493764877854845, -0.05549376488250002, -0.05549376490373059, -0.05549376478217938, -0.05549376482967383, -0.055493764876919593, -0.055493764808587365, -0.05549376486343949, -0.05549376480665291, -0.055493764853135064, -0.05549376485099278, -0.05549376485514723, -0.055493764914089194, -0.055493764779582344, -0.055493764910117926, -0.05549376484690849, -0.055493764853735916, -0.059436026487912574]
done grad
iter:  80
tot_time: 14.87942910194397
total_reward: [-0.14546239221835044, -0.13838505937960255, -0.1352266721151425, -0.13047889818275427, -0.12487392737517156, -0.11904689209693742, -0.09953544562119343, -0.09511784154137759, -0.09215308576285852, -0.08896227580440175, -0.08649826904917401, -0.08476358412550788, -0.08242556964659387, -0.07852034797157592, -0.07302239157840029, -0.0691573034271098, -0.06006754584716223, -0.0554937647819469, -0.05549376487094193, -0.05549376478796764, -0.05549376479043033, -0.05549376488615243, -0.0554937649057905, -0.055493764903918, -0.055493764924425815, -0.055493764886368924, -0.0554937648905891, -0.05549376477431567, -0.05549376481032753, -0.055493764859747996, -0.05549376482129098, -0.05549376478399837, -0.055493764843109084, -0.055493764902007525, -0.055493764852670324, -0.05549376480484858, -0.0554937648641447, -0.055493764828934644, -0.05549376487801094, -0.05549376485962387, -0.05549376482777735, -0.05549376480472601, -0.0554937648465752, -0.05549376481332602, -0.05549376483096147, -0.05549376485712565, -0.05549376482492785, -0.05549376483526358, -0.05549376491401814, -0.05549376487433433, -0.05549376489406099, -0.05549376487650437, -0.05549376494921732, -0.0554937648169509, -0.05549376482783752, -0.05549376496211611, -0.055493764882016405, -0.055493764835524706, -0.05549376483388668, -0.055493764907425414, -0.05549376486630364, -0.05549376480524626, -0.055493764877854845, -0.05549376488250002, -0.05549376490373059, -0.05549376478217938, -0.05549376482967383, -0.055493764876919593, -0.055493764808587365, -0.05549376486343949, -0.05549376480665291, -0.055493764853135064, -0.05549376485099278, -0.05549376485514723, -0.055493764914089194, -0.055493764779582344, -0.055493764910117926, -0.05549376484690849, -0.055493764853735916, -0.059436026487912574, -0.06068882665557629]
done grad
iter:  81
tot_time: 14.862944841384888
total_reward: [-0.14546239221835044, -0.13838505937960255, -0.1352266721151425, -0.13047889818275427, -0.12487392737517156, -0.11904689209693742, -0.09953544562119343, -0.09511784154137759, -0.09215308576285852, -0.08896227580440175, -0.08649826904917401, -0.08476358412550788, -0.08242556964659387, -0.07852034797157592, -0.07302239157840029, -0.0691573034271098, -0.06006754584716223, -0.0554937647819469, -0.05549376487094193, -0.05549376478796764, -0.05549376479043033, -0.05549376488615243, -0.0554937649057905, -0.055493764903918, -0.055493764924425815, -0.055493764886368924, -0.0554937648905891, -0.05549376477431567, -0.05549376481032753, -0.055493764859747996, -0.05549376482129098, -0.05549376478399837, -0.055493764843109084, -0.055493764902007525, -0.055493764852670324, -0.05549376480484858, -0.0554937648641447, -0.055493764828934644, -0.05549376487801094, -0.05549376485962387, -0.05549376482777735, -0.05549376480472601, -0.0554937648465752, -0.05549376481332602, -0.05549376483096147, -0.05549376485712565, -0.05549376482492785, -0.05549376483526358, -0.05549376491401814, -0.05549376487433433, -0.05549376489406099, -0.05549376487650437, -0.05549376494921732, -0.0554937648169509, -0.05549376482783752, -0.05549376496211611, -0.055493764882016405, -0.055493764835524706, -0.05549376483388668, -0.055493764907425414, -0.05549376486630364, -0.05549376480524626, -0.055493764877854845, -0.05549376488250002, -0.05549376490373059, -0.05549376478217938, -0.05549376482967383, -0.055493764876919593, -0.055493764808587365, -0.05549376486343949, -0.05549376480665291, -0.055493764853135064, -0.05549376485099278, -0.05549376485514723, -0.055493764914089194, -0.055493764779582344, -0.055493764910117926, -0.05549376484690849, -0.055493764853735916, -0.059436026487912574, -0.06068882665557629, -0.06013027536345428]
done grad
iter:  82
tot_time: 14.995392799377441
total_reward: [-0.14546239221835044, -0.13838505937960255, -0.1352266721151425, -0.13047889818275427, -0.12487392737517156, -0.11904689209693742, -0.09953544562119343, -0.09511784154137759, -0.09215308576285852, -0.08896227580440175, -0.08649826904917401, -0.08476358412550788, -0.08242556964659387, -0.07852034797157592, -0.07302239157840029, -0.0691573034271098, -0.06006754584716223, -0.0554937647819469, -0.05549376487094193, -0.05549376478796764, -0.05549376479043033, -0.05549376488615243, -0.0554937649057905, -0.055493764903918, -0.055493764924425815, -0.055493764886368924, -0.0554937648905891, -0.05549376477431567, -0.05549376481032753, -0.055493764859747996, -0.05549376482129098, -0.05549376478399837, -0.055493764843109084, -0.055493764902007525, -0.055493764852670324, -0.05549376480484858, -0.0554937648641447, -0.055493764828934644, -0.05549376487801094, -0.05549376485962387, -0.05549376482777735, -0.05549376480472601, -0.0554937648465752, -0.05549376481332602, -0.05549376483096147, -0.05549376485712565, -0.05549376482492785, -0.05549376483526358, -0.05549376491401814, -0.05549376487433433, -0.05549376489406099, -0.05549376487650437, -0.05549376494921732, -0.0554937648169509, -0.05549376482783752, -0.05549376496211611, -0.055493764882016405, -0.055493764835524706, -0.05549376483388668, -0.055493764907425414, -0.05549376486630364, -0.05549376480524626, -0.055493764877854845, -0.05549376488250002, -0.05549376490373059, -0.05549376478217938, -0.05549376482967383, -0.055493764876919593, -0.055493764808587365, -0.05549376486343949, -0.05549376480665291, -0.055493764853135064, -0.05549376485099278, -0.05549376485514723, -0.055493764914089194, -0.055493764779582344, -0.055493764910117926, -0.05549376484690849, -0.055493764853735916, -0.059436026487912574, -0.06068882665557629, -0.06013027536345428, -0.059606818892065316]
done grad
iter:  83
tot_time: 15.071825504302979
total_reward: [-0.14546239221835044, -0.13838505937960255, -0.1352266721151425, -0.13047889818275427, -0.12487392737517156, -0.11904689209693742, -0.09953544562119343, -0.09511784154137759, -0.09215308576285852, -0.08896227580440175, -0.08649826904917401, -0.08476358412550788, -0.08242556964659387, -0.07852034797157592, -0.07302239157840029, -0.0691573034271098, -0.06006754584716223, -0.0554937647819469, -0.05549376487094193, -0.05549376478796764, -0.05549376479043033, -0.05549376488615243, -0.0554937649057905, -0.055493764903918, -0.055493764924425815, -0.055493764886368924, -0.0554937648905891, -0.05549376477431567, -0.05549376481032753, -0.055493764859747996, -0.05549376482129098, -0.05549376478399837, -0.055493764843109084, -0.055493764902007525, -0.055493764852670324, -0.05549376480484858, -0.0554937648641447, -0.055493764828934644, -0.05549376487801094, -0.05549376485962387, -0.05549376482777735, -0.05549376480472601, -0.0554937648465752, -0.05549376481332602, -0.05549376483096147, -0.05549376485712565, -0.05549376482492785, -0.05549376483526358, -0.05549376491401814, -0.05549376487433433, -0.05549376489406099, -0.05549376487650437, -0.05549376494921732, -0.0554937648169509, -0.05549376482783752, -0.05549376496211611, -0.055493764882016405, -0.055493764835524706, -0.05549376483388668, -0.055493764907425414, -0.05549376486630364, -0.05549376480524626, -0.055493764877854845, -0.05549376488250002, -0.05549376490373059, -0.05549376478217938, -0.05549376482967383, -0.055493764876919593, -0.055493764808587365, -0.05549376486343949, -0.05549376480665291, -0.055493764853135064, -0.05549376485099278, -0.05549376485514723, -0.055493764914089194, -0.055493764779582344, -0.055493764910117926, -0.05549376484690849, -0.055493764853735916, -0.059436026487912574, -0.06068882665557629, -0.06013027536345428, -0.059606818892065316, -0.05948292018489387]
done grad
iter:  84
tot_time: 14.910638570785522
total_reward: [-0.14546239221835044, -0.13838505937960255, -0.1352266721151425, -0.13047889818275427, -0.12487392737517156, -0.11904689209693742, -0.09953544562119343, -0.09511784154137759, -0.09215308576285852, -0.08896227580440175, -0.08649826904917401, -0.08476358412550788, -0.08242556964659387, -0.07852034797157592, -0.07302239157840029, -0.0691573034271098, -0.06006754584716223, -0.0554937647819469, -0.05549376487094193, -0.05549376478796764, -0.05549376479043033, -0.05549376488615243, -0.0554937649057905, -0.055493764903918, -0.055493764924425815, -0.055493764886368924, -0.0554937648905891, -0.05549376477431567, -0.05549376481032753, -0.055493764859747996, -0.05549376482129098, -0.05549376478399837, -0.055493764843109084, -0.055493764902007525, -0.055493764852670324, -0.05549376480484858, -0.0554937648641447, -0.055493764828934644, -0.05549376487801094, -0.05549376485962387, -0.05549376482777735, -0.05549376480472601, -0.0554937648465752, -0.05549376481332602, -0.05549376483096147, -0.05549376485712565, -0.05549376482492785, -0.05549376483526358, -0.05549376491401814, -0.05549376487433433, -0.05549376489406099, -0.05549376487650437, -0.05549376494921732, -0.0554937648169509, -0.05549376482783752, -0.05549376496211611, -0.055493764882016405, -0.055493764835524706, -0.05549376483388668, -0.055493764907425414, -0.05549376486630364, -0.05549376480524626, -0.055493764877854845, -0.05549376488250002, -0.05549376490373059, -0.05549376478217938, -0.05549376482967383, -0.055493764876919593, -0.055493764808587365, -0.05549376486343949, -0.05549376480665291, -0.055493764853135064, -0.05549376485099278, -0.05549376485514723, -0.055493764914089194, -0.055493764779582344, -0.055493764910117926, -0.05549376484690849, -0.055493764853735916, -0.059436026487912574, -0.06068882665557629, -0.06013027536345428, -0.059606818892065316, -0.05948292018489387, -0.05549376484395796]
done grad
iter:  85
tot_time: 14.800654411315918
total_reward: [-0.14546239221835044, -0.13838505937960255, -0.1352266721151425, -0.13047889818275427, -0.12487392737517156, -0.11904689209693742, -0.09953544562119343, -0.09511784154137759, -0.09215308576285852, -0.08896227580440175, -0.08649826904917401, -0.08476358412550788, -0.08242556964659387, -0.07852034797157592, -0.07302239157840029, -0.0691573034271098, -0.06006754584716223, -0.0554937647819469, -0.05549376487094193, -0.05549376478796764, -0.05549376479043033, -0.05549376488615243, -0.0554937649057905, -0.055493764903918, -0.055493764924425815, -0.055493764886368924, -0.0554937648905891, -0.05549376477431567, -0.05549376481032753, -0.055493764859747996, -0.05549376482129098, -0.05549376478399837, -0.055493764843109084, -0.055493764902007525, -0.055493764852670324, -0.05549376480484858, -0.0554937648641447, -0.055493764828934644, -0.05549376487801094, -0.05549376485962387, -0.05549376482777735, -0.05549376480472601, -0.0554937648465752, -0.05549376481332602, -0.05549376483096147, -0.05549376485712565, -0.05549376482492785, -0.05549376483526358, -0.05549376491401814, -0.05549376487433433, -0.05549376489406099, -0.05549376487650437, -0.05549376494921732, -0.0554937648169509, -0.05549376482783752, -0.05549376496211611, -0.055493764882016405, -0.055493764835524706, -0.05549376483388668, -0.055493764907425414, -0.05549376486630364, -0.05549376480524626, -0.055493764877854845, -0.05549376488250002, -0.05549376490373059, -0.05549376478217938, -0.05549376482967383, -0.055493764876919593, -0.055493764808587365, -0.05549376486343949, -0.05549376480665291, -0.055493764853135064, -0.05549376485099278, -0.05549376485514723, -0.055493764914089194, -0.055493764779582344, -0.055493764910117926, -0.05549376484690849, -0.055493764853735916, -0.059436026487912574, -0.06068882665557629, -0.06013027536345428, -0.059606818892065316, -0.05948292018489387, -0.05549376484395796, -0.055493764832401205]
done grad
iter:  86
tot_time: 14.755297422409058
total_reward: [-0.14546239221835044, -0.13838505937960255, -0.1352266721151425, -0.13047889818275427, -0.12487392737517156, -0.11904689209693742, -0.09953544562119343, -0.09511784154137759, -0.09215308576285852, -0.08896227580440175, -0.08649826904917401, -0.08476358412550788, -0.08242556964659387, -0.07852034797157592, -0.07302239157840029, -0.0691573034271098, -0.06006754584716223, -0.0554937647819469, -0.05549376487094193, -0.05549376478796764, -0.05549376479043033, -0.05549376488615243, -0.0554937649057905, -0.055493764903918, -0.055493764924425815, -0.055493764886368924, -0.0554937648905891, -0.05549376477431567, -0.05549376481032753, -0.055493764859747996, -0.05549376482129098, -0.05549376478399837, -0.055493764843109084, -0.055493764902007525, -0.055493764852670324, -0.05549376480484858, -0.0554937648641447, -0.055493764828934644, -0.05549376487801094, -0.05549376485962387, -0.05549376482777735, -0.05549376480472601, -0.0554937648465752, -0.05549376481332602, -0.05549376483096147, -0.05549376485712565, -0.05549376482492785, -0.05549376483526358, -0.05549376491401814, -0.05549376487433433, -0.05549376489406099, -0.05549376487650437, -0.05549376494921732, -0.0554937648169509, -0.05549376482783752, -0.05549376496211611, -0.055493764882016405, -0.055493764835524706, -0.05549376483388668, -0.055493764907425414, -0.05549376486630364, -0.05549376480524626, -0.055493764877854845, -0.05549376488250002, -0.05549376490373059, -0.05549376478217938, -0.05549376482967383, -0.055493764876919593, -0.055493764808587365, -0.05549376486343949, -0.05549376480665291, -0.055493764853135064, -0.05549376485099278, -0.05549376485514723, -0.055493764914089194, -0.055493764779582344, -0.055493764910117926, -0.05549376484690849, -0.055493764853735916, -0.059436026487912574, -0.06068882665557629, -0.06013027536345428, -0.059606818892065316, -0.05948292018489387, -0.05549376484395796, -0.055493764832401205, -0.05549376488346747]
done grad
iter:  87
tot_time: 15.397164344787598
total_reward: [-0.14546239221835044, -0.13838505937960255, -0.1352266721151425, -0.13047889818275427, -0.12487392737517156, -0.11904689209693742, -0.09953544562119343, -0.09511784154137759, -0.09215308576285852, -0.08896227580440175, -0.08649826904917401, -0.08476358412550788, -0.08242556964659387, -0.07852034797157592, -0.07302239157840029, -0.0691573034271098, -0.06006754584716223, -0.0554937647819469, -0.05549376487094193, -0.05549376478796764, -0.05549376479043033, -0.05549376488615243, -0.0554937649057905, -0.055493764903918, -0.055493764924425815, -0.055493764886368924, -0.0554937648905891, -0.05549376477431567, -0.05549376481032753, -0.055493764859747996, -0.05549376482129098, -0.05549376478399837, -0.055493764843109084, -0.055493764902007525, -0.055493764852670324, -0.05549376480484858, -0.0554937648641447, -0.055493764828934644, -0.05549376487801094, -0.05549376485962387, -0.05549376482777735, -0.05549376480472601, -0.0554937648465752, -0.05549376481332602, -0.05549376483096147, -0.05549376485712565, -0.05549376482492785, -0.05549376483526358, -0.05549376491401814, -0.05549376487433433, -0.05549376489406099, -0.05549376487650437, -0.05549376494921732, -0.0554937648169509, -0.05549376482783752, -0.05549376496211611, -0.055493764882016405, -0.055493764835524706, -0.05549376483388668, -0.055493764907425414, -0.05549376486630364, -0.05549376480524626, -0.055493764877854845, -0.05549376488250002, -0.05549376490373059, -0.05549376478217938, -0.05549376482967383, -0.055493764876919593, -0.055493764808587365, -0.05549376486343949, -0.05549376480665291, -0.055493764853135064, -0.05549376485099278, -0.05549376485514723, -0.055493764914089194, -0.055493764779582344, -0.055493764910117926, -0.05549376484690849, -0.055493764853735916, -0.059436026487912574, -0.06068882665557629, -0.06013027536345428, -0.059606818892065316, -0.05948292018489387, -0.05549376484395796, -0.055493764832401205, -0.05549376488346747, -0.06470009057494464]
done grad
iter:  88
tot_time: 15.38408875465393
total_reward: [-0.14546239221835044, -0.13838505937960255, -0.1352266721151425, -0.13047889818275427, -0.12487392737517156, -0.11904689209693742, -0.09953544562119343, -0.09511784154137759, -0.09215308576285852, -0.08896227580440175, -0.08649826904917401, -0.08476358412550788, -0.08242556964659387, -0.07852034797157592, -0.07302239157840029, -0.0691573034271098, -0.06006754584716223, -0.0554937647819469, -0.05549376487094193, -0.05549376478796764, -0.05549376479043033, -0.05549376488615243, -0.0554937649057905, -0.055493764903918, -0.055493764924425815, -0.055493764886368924, -0.0554937648905891, -0.05549376477431567, -0.05549376481032753, -0.055493764859747996, -0.05549376482129098, -0.05549376478399837, -0.055493764843109084, -0.055493764902007525, -0.055493764852670324, -0.05549376480484858, -0.0554937648641447, -0.055493764828934644, -0.05549376487801094, -0.05549376485962387, -0.05549376482777735, -0.05549376480472601, -0.0554937648465752, -0.05549376481332602, -0.05549376483096147, -0.05549376485712565, -0.05549376482492785, -0.05549376483526358, -0.05549376491401814, -0.05549376487433433, -0.05549376489406099, -0.05549376487650437, -0.05549376494921732, -0.0554937648169509, -0.05549376482783752, -0.05549376496211611, -0.055493764882016405, -0.055493764835524706, -0.05549376483388668, -0.055493764907425414, -0.05549376486630364, -0.05549376480524626, -0.055493764877854845, -0.05549376488250002, -0.05549376490373059, -0.05549376478217938, -0.05549376482967383, -0.055493764876919593, -0.055493764808587365, -0.05549376486343949, -0.05549376480665291, -0.055493764853135064, -0.05549376485099278, -0.05549376485514723, -0.055493764914089194, -0.055493764779582344, -0.055493764910117926, -0.05549376484690849, -0.055493764853735916, -0.059436026487912574, -0.06068882665557629, -0.06013027536345428, -0.059606818892065316, -0.05948292018489387, -0.05549376484395796, -0.055493764832401205, -0.05549376488346747, -0.06470009057494464, -0.06560211076451083]
done grad
iter:  89
tot_time: 15.516929388046265
total_reward: [-0.14546239221835044, -0.13838505937960255, -0.1352266721151425, -0.13047889818275427, -0.12487392737517156, -0.11904689209693742, -0.09953544562119343, -0.09511784154137759, -0.09215308576285852, -0.08896227580440175, -0.08649826904917401, -0.08476358412550788, -0.08242556964659387, -0.07852034797157592, -0.07302239157840029, -0.0691573034271098, -0.06006754584716223, -0.0554937647819469, -0.05549376487094193, -0.05549376478796764, -0.05549376479043033, -0.05549376488615243, -0.0554937649057905, -0.055493764903918, -0.055493764924425815, -0.055493764886368924, -0.0554937648905891, -0.05549376477431567, -0.05549376481032753, -0.055493764859747996, -0.05549376482129098, -0.05549376478399837, -0.055493764843109084, -0.055493764902007525, -0.055493764852670324, -0.05549376480484858, -0.0554937648641447, -0.055493764828934644, -0.05549376487801094, -0.05549376485962387, -0.05549376482777735, -0.05549376480472601, -0.0554937648465752, -0.05549376481332602, -0.05549376483096147, -0.05549376485712565, -0.05549376482492785, -0.05549376483526358, -0.05549376491401814, -0.05549376487433433, -0.05549376489406099, -0.05549376487650437, -0.05549376494921732, -0.0554937648169509, -0.05549376482783752, -0.05549376496211611, -0.055493764882016405, -0.055493764835524706, -0.05549376483388668, -0.055493764907425414, -0.05549376486630364, -0.05549376480524626, -0.055493764877854845, -0.05549376488250002, -0.05549376490373059, -0.05549376478217938, -0.05549376482967383, -0.055493764876919593, -0.055493764808587365, -0.05549376486343949, -0.05549376480665291, -0.055493764853135064, -0.05549376485099278, -0.05549376485514723, -0.055493764914089194, -0.055493764779582344, -0.055493764910117926, -0.05549376484690849, -0.055493764853735916, -0.059436026487912574, -0.06068882665557629, -0.06013027536345428, -0.059606818892065316, -0.05948292018489387, -0.05549376484395796, -0.055493764832401205, -0.05549376488346747, -0.06470009057494464, -0.06560211076451083, -0.06358219851756286]
done grad
iter:  90
tot_time: 15.482552766799927
total_reward: [-0.14546239221835044, -0.13838505937960255, -0.1352266721151425, -0.13047889818275427, -0.12487392737517156, -0.11904689209693742, -0.09953544562119343, -0.09511784154137759, -0.09215308576285852, -0.08896227580440175, -0.08649826904917401, -0.08476358412550788, -0.08242556964659387, -0.07852034797157592, -0.07302239157840029, -0.0691573034271098, -0.06006754584716223, -0.0554937647819469, -0.05549376487094193, -0.05549376478796764, -0.05549376479043033, -0.05549376488615243, -0.0554937649057905, -0.055493764903918, -0.055493764924425815, -0.055493764886368924, -0.0554937648905891, -0.05549376477431567, -0.05549376481032753, -0.055493764859747996, -0.05549376482129098, -0.05549376478399837, -0.055493764843109084, -0.055493764902007525, -0.055493764852670324, -0.05549376480484858, -0.0554937648641447, -0.055493764828934644, -0.05549376487801094, -0.05549376485962387, -0.05549376482777735, -0.05549376480472601, -0.0554937648465752, -0.05549376481332602, -0.05549376483096147, -0.05549376485712565, -0.05549376482492785, -0.05549376483526358, -0.05549376491401814, -0.05549376487433433, -0.05549376489406099, -0.05549376487650437, -0.05549376494921732, -0.0554937648169509, -0.05549376482783752, -0.05549376496211611, -0.055493764882016405, -0.055493764835524706, -0.05549376483388668, -0.055493764907425414, -0.05549376486630364, -0.05549376480524626, -0.055493764877854845, -0.05549376488250002, -0.05549376490373059, -0.05549376478217938, -0.05549376482967383, -0.055493764876919593, -0.055493764808587365, -0.05549376486343949, -0.05549376480665291, -0.055493764853135064, -0.05549376485099278, -0.05549376485514723, -0.055493764914089194, -0.055493764779582344, -0.055493764910117926, -0.05549376484690849, -0.055493764853735916, -0.059436026487912574, -0.06068882665557629, -0.06013027536345428, -0.059606818892065316, -0.05948292018489387, -0.05549376484395796, -0.055493764832401205, -0.05549376488346747, -0.06470009057494464, -0.06560211076451083, -0.06358219851756286, -0.06023991300171061]
done grad
iter:  91
tot_time: 15.380424737930298
total_reward: [-0.14546239221835044, -0.13838505937960255, -0.1352266721151425, -0.13047889818275427, -0.12487392737517156, -0.11904689209693742, -0.09953544562119343, -0.09511784154137759, -0.09215308576285852, -0.08896227580440175, -0.08649826904917401, -0.08476358412550788, -0.08242556964659387, -0.07852034797157592, -0.07302239157840029, -0.0691573034271098, -0.06006754584716223, -0.0554937647819469, -0.05549376487094193, -0.05549376478796764, -0.05549376479043033, -0.05549376488615243, -0.0554937649057905, -0.055493764903918, -0.055493764924425815, -0.055493764886368924, -0.0554937648905891, -0.05549376477431567, -0.05549376481032753, -0.055493764859747996, -0.05549376482129098, -0.05549376478399837, -0.055493764843109084, -0.055493764902007525, -0.055493764852670324, -0.05549376480484858, -0.0554937648641447, -0.055493764828934644, -0.05549376487801094, -0.05549376485962387, -0.05549376482777735, -0.05549376480472601, -0.0554937648465752, -0.05549376481332602, -0.05549376483096147, -0.05549376485712565, -0.05549376482492785, -0.05549376483526358, -0.05549376491401814, -0.05549376487433433, -0.05549376489406099, -0.05549376487650437, -0.05549376494921732, -0.0554937648169509, -0.05549376482783752, -0.05549376496211611, -0.055493764882016405, -0.055493764835524706, -0.05549376483388668, -0.055493764907425414, -0.05549376486630364, -0.05549376480524626, -0.055493764877854845, -0.05549376488250002, -0.05549376490373059, -0.05549376478217938, -0.05549376482967383, -0.055493764876919593, -0.055493764808587365, -0.05549376486343949, -0.05549376480665291, -0.055493764853135064, -0.05549376485099278, -0.05549376485514723, -0.055493764914089194, -0.055493764779582344, -0.055493764910117926, -0.05549376484690849, -0.055493764853735916, -0.059436026487912574, -0.06068882665557629, -0.06013027536345428, -0.059606818892065316, -0.05948292018489387, -0.05549376484395796, -0.055493764832401205, -0.05549376488346747, -0.06470009057494464, -0.06560211076451083, -0.06358219851756286, -0.06023991300171061, -0.059871552720526244]
done grad
iter:  92
tot_time: 15.419557094573975
total_reward: [-0.14546239221835044, -0.13838505937960255, -0.1352266721151425, -0.13047889818275427, -0.12487392737517156, -0.11904689209693742, -0.09953544562119343, -0.09511784154137759, -0.09215308576285852, -0.08896227580440175, -0.08649826904917401, -0.08476358412550788, -0.08242556964659387, -0.07852034797157592, -0.07302239157840029, -0.0691573034271098, -0.06006754584716223, -0.0554937647819469, -0.05549376487094193, -0.05549376478796764, -0.05549376479043033, -0.05549376488615243, -0.0554937649057905, -0.055493764903918, -0.055493764924425815, -0.055493764886368924, -0.0554937648905891, -0.05549376477431567, -0.05549376481032753, -0.055493764859747996, -0.05549376482129098, -0.05549376478399837, -0.055493764843109084, -0.055493764902007525, -0.055493764852670324, -0.05549376480484858, -0.0554937648641447, -0.055493764828934644, -0.05549376487801094, -0.05549376485962387, -0.05549376482777735, -0.05549376480472601, -0.0554937648465752, -0.05549376481332602, -0.05549376483096147, -0.05549376485712565, -0.05549376482492785, -0.05549376483526358, -0.05549376491401814, -0.05549376487433433, -0.05549376489406099, -0.05549376487650437, -0.05549376494921732, -0.0554937648169509, -0.05549376482783752, -0.05549376496211611, -0.055493764882016405, -0.055493764835524706, -0.05549376483388668, -0.055493764907425414, -0.05549376486630364, -0.05549376480524626, -0.055493764877854845, -0.05549376488250002, -0.05549376490373059, -0.05549376478217938, -0.05549376482967383, -0.055493764876919593, -0.055493764808587365, -0.05549376486343949, -0.05549376480665291, -0.055493764853135064, -0.05549376485099278, -0.05549376485514723, -0.055493764914089194, -0.055493764779582344, -0.055493764910117926, -0.05549376484690849, -0.055493764853735916, -0.059436026487912574, -0.06068882665557629, -0.06013027536345428, -0.059606818892065316, -0.05948292018489387, -0.05549376484395796, -0.055493764832401205, -0.05549376488346747, -0.06470009057494464, -0.06560211076451083, -0.06358219851756286, -0.06023991300171061, -0.059871552720526244, -0.0600500404107871]
done grad
iter:  93
tot_time: 15.425347328186035
total_reward: [-0.14546239221835044, -0.13838505937960255, -0.1352266721151425, -0.13047889818275427, -0.12487392737517156, -0.11904689209693742, -0.09953544562119343, -0.09511784154137759, -0.09215308576285852, -0.08896227580440175, -0.08649826904917401, -0.08476358412550788, -0.08242556964659387, -0.07852034797157592, -0.07302239157840029, -0.0691573034271098, -0.06006754584716223, -0.0554937647819469, -0.05549376487094193, -0.05549376478796764, -0.05549376479043033, -0.05549376488615243, -0.0554937649057905, -0.055493764903918, -0.055493764924425815, -0.055493764886368924, -0.0554937648905891, -0.05549376477431567, -0.05549376481032753, -0.055493764859747996, -0.05549376482129098, -0.05549376478399837, -0.055493764843109084, -0.055493764902007525, -0.055493764852670324, -0.05549376480484858, -0.0554937648641447, -0.055493764828934644, -0.05549376487801094, -0.05549376485962387, -0.05549376482777735, -0.05549376480472601, -0.0554937648465752, -0.05549376481332602, -0.05549376483096147, -0.05549376485712565, -0.05549376482492785, -0.05549376483526358, -0.05549376491401814, -0.05549376487433433, -0.05549376489406099, -0.05549376487650437, -0.05549376494921732, -0.0554937648169509, -0.05549376482783752, -0.05549376496211611, -0.055493764882016405, -0.055493764835524706, -0.05549376483388668, -0.055493764907425414, -0.05549376486630364, -0.05549376480524626, -0.055493764877854845, -0.05549376488250002, -0.05549376490373059, -0.05549376478217938, -0.05549376482967383, -0.055493764876919593, -0.055493764808587365, -0.05549376486343949, -0.05549376480665291, -0.055493764853135064, -0.05549376485099278, -0.05549376485514723, -0.055493764914089194, -0.055493764779582344, -0.055493764910117926, -0.05549376484690849, -0.055493764853735916, -0.059436026487912574, -0.06068882665557629, -0.06013027536345428, -0.059606818892065316, -0.05948292018489387, -0.05549376484395796, -0.055493764832401205, -0.05549376488346747, -0.06470009057494464, -0.06560211076451083, -0.06358219851756286, -0.06023991300171061, -0.059871552720526244, -0.0600500404107871, -0.0613973589811847]
done grad
iter:  94
tot_time: 15.375701189041138
total_reward: [-0.14546239221835044, -0.13838505937960255, -0.1352266721151425, -0.13047889818275427, -0.12487392737517156, -0.11904689209693742, -0.09953544562119343, -0.09511784154137759, -0.09215308576285852, -0.08896227580440175, -0.08649826904917401, -0.08476358412550788, -0.08242556964659387, -0.07852034797157592, -0.07302239157840029, -0.0691573034271098, -0.06006754584716223, -0.0554937647819469, -0.05549376487094193, -0.05549376478796764, -0.05549376479043033, -0.05549376488615243, -0.0554937649057905, -0.055493764903918, -0.055493764924425815, -0.055493764886368924, -0.0554937648905891, -0.05549376477431567, -0.05549376481032753, -0.055493764859747996, -0.05549376482129098, -0.05549376478399837, -0.055493764843109084, -0.055493764902007525, -0.055493764852670324, -0.05549376480484858, -0.0554937648641447, -0.055493764828934644, -0.05549376487801094, -0.05549376485962387, -0.05549376482777735, -0.05549376480472601, -0.0554937648465752, -0.05549376481332602, -0.05549376483096147, -0.05549376485712565, -0.05549376482492785, -0.05549376483526358, -0.05549376491401814, -0.05549376487433433, -0.05549376489406099, -0.05549376487650437, -0.05549376494921732, -0.0554937648169509, -0.05549376482783752, -0.05549376496211611, -0.055493764882016405, -0.055493764835524706, -0.05549376483388668, -0.055493764907425414, -0.05549376486630364, -0.05549376480524626, -0.055493764877854845, -0.05549376488250002, -0.05549376490373059, -0.05549376478217938, -0.05549376482967383, -0.055493764876919593, -0.055493764808587365, -0.05549376486343949, -0.05549376480665291, -0.055493764853135064, -0.05549376485099278, -0.05549376485514723, -0.055493764914089194, -0.055493764779582344, -0.055493764910117926, -0.05549376484690849, -0.055493764853735916, -0.059436026487912574, -0.06068882665557629, -0.06013027536345428, -0.059606818892065316, -0.05948292018489387, -0.05549376484395796, -0.055493764832401205, -0.05549376488346747, -0.06470009057494464, -0.06560211076451083, -0.06358219851756286, -0.06023991300171061, -0.059871552720526244, -0.0600500404107871, -0.0613973589811847, -0.05699002770188222]
done grad
iter:  95
tot_time: 15.489078283309937
total_reward: [-0.14546239221835044, -0.13838505937960255, -0.1352266721151425, -0.13047889818275427, -0.12487392737517156, -0.11904689209693742, -0.09953544562119343, -0.09511784154137759, -0.09215308576285852, -0.08896227580440175, -0.08649826904917401, -0.08476358412550788, -0.08242556964659387, -0.07852034797157592, -0.07302239157840029, -0.0691573034271098, -0.06006754584716223, -0.0554937647819469, -0.05549376487094193, -0.05549376478796764, -0.05549376479043033, -0.05549376488615243, -0.0554937649057905, -0.055493764903918, -0.055493764924425815, -0.055493764886368924, -0.0554937648905891, -0.05549376477431567, -0.05549376481032753, -0.055493764859747996, -0.05549376482129098, -0.05549376478399837, -0.055493764843109084, -0.055493764902007525, -0.055493764852670324, -0.05549376480484858, -0.0554937648641447, -0.055493764828934644, -0.05549376487801094, -0.05549376485962387, -0.05549376482777735, -0.05549376480472601, -0.0554937648465752, -0.05549376481332602, -0.05549376483096147, -0.05549376485712565, -0.05549376482492785, -0.05549376483526358, -0.05549376491401814, -0.05549376487433433, -0.05549376489406099, -0.05549376487650437, -0.05549376494921732, -0.0554937648169509, -0.05549376482783752, -0.05549376496211611, -0.055493764882016405, -0.055493764835524706, -0.05549376483388668, -0.055493764907425414, -0.05549376486630364, -0.05549376480524626, -0.055493764877854845, -0.05549376488250002, -0.05549376490373059, -0.05549376478217938, -0.05549376482967383, -0.055493764876919593, -0.055493764808587365, -0.05549376486343949, -0.05549376480665291, -0.055493764853135064, -0.05549376485099278, -0.05549376485514723, -0.055493764914089194, -0.055493764779582344, -0.055493764910117926, -0.05549376484690849, -0.055493764853735916, -0.059436026487912574, -0.06068882665557629, -0.06013027536345428, -0.059606818892065316, -0.05948292018489387, -0.05549376484395796, -0.055493764832401205, -0.05549376488346747, -0.06470009057494464, -0.06560211076451083, -0.06358219851756286, -0.06023991300171061, -0.059871552720526244, -0.0600500404107871, -0.0613973589811847, -0.05699002770188222, -0.05549376488240543]
done grad
iter:  96
tot_time: 15.338648319244385
total_reward: [-0.14546239221835044, -0.13838505937960255, -0.1352266721151425, -0.13047889818275427, -0.12487392737517156, -0.11904689209693742, -0.09953544562119343, -0.09511784154137759, -0.09215308576285852, -0.08896227580440175, -0.08649826904917401, -0.08476358412550788, -0.08242556964659387, -0.07852034797157592, -0.07302239157840029, -0.0691573034271098, -0.06006754584716223, -0.0554937647819469, -0.05549376487094193, -0.05549376478796764, -0.05549376479043033, -0.05549376488615243, -0.0554937649057905, -0.055493764903918, -0.055493764924425815, -0.055493764886368924, -0.0554937648905891, -0.05549376477431567, -0.05549376481032753, -0.055493764859747996, -0.05549376482129098, -0.05549376478399837, -0.055493764843109084, -0.055493764902007525, -0.055493764852670324, -0.05549376480484858, -0.0554937648641447, -0.055493764828934644, -0.05549376487801094, -0.05549376485962387, -0.05549376482777735, -0.05549376480472601, -0.0554937648465752, -0.05549376481332602, -0.05549376483096147, -0.05549376485712565, -0.05549376482492785, -0.05549376483526358, -0.05549376491401814, -0.05549376487433433, -0.05549376489406099, -0.05549376487650437, -0.05549376494921732, -0.0554937648169509, -0.05549376482783752, -0.05549376496211611, -0.055493764882016405, -0.055493764835524706, -0.05549376483388668, -0.055493764907425414, -0.05549376486630364, -0.05549376480524626, -0.055493764877854845, -0.05549376488250002, -0.05549376490373059, -0.05549376478217938, -0.05549376482967383, -0.055493764876919593, -0.055493764808587365, -0.05549376486343949, -0.05549376480665291, -0.055493764853135064, -0.05549376485099278, -0.05549376485514723, -0.055493764914089194, -0.055493764779582344, -0.055493764910117926, -0.05549376484690849, -0.055493764853735916, -0.059436026487912574, -0.06068882665557629, -0.06013027536345428, -0.059606818892065316, -0.05948292018489387, -0.05549376484395796, -0.055493764832401205, -0.05549376488346747, -0.06470009057494464, -0.06560211076451083, -0.06358219851756286, -0.06023991300171061, -0.059871552720526244, -0.0600500404107871, -0.0613973589811847, -0.05699002770188222, -0.05549376488240543, -0.055493764828149716]
done grad
iter:  97
tot_time: 15.41004753112793
total_reward: [-0.14546239221835044, -0.13838505937960255, -0.1352266721151425, -0.13047889818275427, -0.12487392737517156, -0.11904689209693742, -0.09953544562119343, -0.09511784154137759, -0.09215308576285852, -0.08896227580440175, -0.08649826904917401, -0.08476358412550788, -0.08242556964659387, -0.07852034797157592, -0.07302239157840029, -0.0691573034271098, -0.06006754584716223, -0.0554937647819469, -0.05549376487094193, -0.05549376478796764, -0.05549376479043033, -0.05549376488615243, -0.0554937649057905, -0.055493764903918, -0.055493764924425815, -0.055493764886368924, -0.0554937648905891, -0.05549376477431567, -0.05549376481032753, -0.055493764859747996, -0.05549376482129098, -0.05549376478399837, -0.055493764843109084, -0.055493764902007525, -0.055493764852670324, -0.05549376480484858, -0.0554937648641447, -0.055493764828934644, -0.05549376487801094, -0.05549376485962387, -0.05549376482777735, -0.05549376480472601, -0.0554937648465752, -0.05549376481332602, -0.05549376483096147, -0.05549376485712565, -0.05549376482492785, -0.05549376483526358, -0.05549376491401814, -0.05549376487433433, -0.05549376489406099, -0.05549376487650437, -0.05549376494921732, -0.0554937648169509, -0.05549376482783752, -0.05549376496211611, -0.055493764882016405, -0.055493764835524706, -0.05549376483388668, -0.055493764907425414, -0.05549376486630364, -0.05549376480524626, -0.055493764877854845, -0.05549376488250002, -0.05549376490373059, -0.05549376478217938, -0.05549376482967383, -0.055493764876919593, -0.055493764808587365, -0.05549376486343949, -0.05549376480665291, -0.055493764853135064, -0.05549376485099278, -0.05549376485514723, -0.055493764914089194, -0.055493764779582344, -0.055493764910117926, -0.05549376484690849, -0.055493764853735916, -0.059436026487912574, -0.06068882665557629, -0.06013027536345428, -0.059606818892065316, -0.05948292018489387, -0.05549376484395796, -0.055493764832401205, -0.05549376488346747, -0.06470009057494464, -0.06560211076451083, -0.06358219851756286, -0.06023991300171061, -0.059871552720526244, -0.0600500404107871, -0.0613973589811847, -0.05699002770188222, -0.05549376488240543, -0.055493764828149716, -0.05549376482349522]
done grad
iter:  98
tot_time: 15.470803260803223
total_reward: [-0.14546239221835044, -0.13838505937960255, -0.1352266721151425, -0.13047889818275427, -0.12487392737517156, -0.11904689209693742, -0.09953544562119343, -0.09511784154137759, -0.09215308576285852, -0.08896227580440175, -0.08649826904917401, -0.08476358412550788, -0.08242556964659387, -0.07852034797157592, -0.07302239157840029, -0.0691573034271098, -0.06006754584716223, -0.0554937647819469, -0.05549376487094193, -0.05549376478796764, -0.05549376479043033, -0.05549376488615243, -0.0554937649057905, -0.055493764903918, -0.055493764924425815, -0.055493764886368924, -0.0554937648905891, -0.05549376477431567, -0.05549376481032753, -0.055493764859747996, -0.05549376482129098, -0.05549376478399837, -0.055493764843109084, -0.055493764902007525, -0.055493764852670324, -0.05549376480484858, -0.0554937648641447, -0.055493764828934644, -0.05549376487801094, -0.05549376485962387, -0.05549376482777735, -0.05549376480472601, -0.0554937648465752, -0.05549376481332602, -0.05549376483096147, -0.05549376485712565, -0.05549376482492785, -0.05549376483526358, -0.05549376491401814, -0.05549376487433433, -0.05549376489406099, -0.05549376487650437, -0.05549376494921732, -0.0554937648169509, -0.05549376482783752, -0.05549376496211611, -0.055493764882016405, -0.055493764835524706, -0.05549376483388668, -0.055493764907425414, -0.05549376486630364, -0.05549376480524626, -0.055493764877854845, -0.05549376488250002, -0.05549376490373059, -0.05549376478217938, -0.05549376482967383, -0.055493764876919593, -0.055493764808587365, -0.05549376486343949, -0.05549376480665291, -0.055493764853135064, -0.05549376485099278, -0.05549376485514723, -0.055493764914089194, -0.055493764779582344, -0.055493764910117926, -0.05549376484690849, -0.055493764853735916, -0.059436026487912574, -0.06068882665557629, -0.06013027536345428, -0.059606818892065316, -0.05948292018489387, -0.05549376484395796, -0.055493764832401205, -0.05549376488346747, -0.06470009057494464, -0.06560211076451083, -0.06358219851756286, -0.06023991300171061, -0.059871552720526244, -0.0600500404107871, -0.0613973589811847, -0.05699002770188222, -0.05549376488240543, -0.055493764828149716, -0.05549376482349522, -0.05549376491152014]
done grad
iter:  99
tot_time: 15.446004152297974
total_reward: [-0.14546239221835044, -0.13838505937960255, -0.1352266721151425, -0.13047889818275427, -0.12487392737517156, -0.11904689209693742, -0.09953544562119343, -0.09511784154137759, -0.09215308576285852, -0.08896227580440175, -0.08649826904917401, -0.08476358412550788, -0.08242556964659387, -0.07852034797157592, -0.07302239157840029, -0.0691573034271098, -0.06006754584716223, -0.0554937647819469, -0.05549376487094193, -0.05549376478796764, -0.05549376479043033, -0.05549376488615243, -0.0554937649057905, -0.055493764903918, -0.055493764924425815, -0.055493764886368924, -0.0554937648905891, -0.05549376477431567, -0.05549376481032753, -0.055493764859747996, -0.05549376482129098, -0.05549376478399837, -0.055493764843109084, -0.055493764902007525, -0.055493764852670324, -0.05549376480484858, -0.0554937648641447, -0.055493764828934644, -0.05549376487801094, -0.05549376485962387, -0.05549376482777735, -0.05549376480472601, -0.0554937648465752, -0.05549376481332602, -0.05549376483096147, -0.05549376485712565, -0.05549376482492785, -0.05549376483526358, -0.05549376491401814, -0.05549376487433433, -0.05549376489406099, -0.05549376487650437, -0.05549376494921732, -0.0554937648169509, -0.05549376482783752, -0.05549376496211611, -0.055493764882016405, -0.055493764835524706, -0.05549376483388668, -0.055493764907425414, -0.05549376486630364, -0.05549376480524626, -0.055493764877854845, -0.05549376488250002, -0.05549376490373059, -0.05549376478217938, -0.05549376482967383, -0.055493764876919593, -0.055493764808587365, -0.05549376486343949, -0.05549376480665291, -0.055493764853135064, -0.05549376485099278, -0.05549376485514723, -0.055493764914089194, -0.055493764779582344, -0.055493764910117926, -0.05549376484690849, -0.055493764853735916, -0.059436026487912574, -0.06068882665557629, -0.06013027536345428, -0.059606818892065316, -0.05948292018489387, -0.05549376484395796, -0.055493764832401205, -0.05549376488346747, -0.06470009057494464, -0.06560211076451083, -0.06358219851756286, -0.06023991300171061, -0.059871552720526244, -0.0600500404107871, -0.0613973589811847, -0.05699002770188222, -0.05549376488240543, -0.055493764828149716, -0.05549376482349522, -0.05549376491152014, -0.05549376481008195]
done grad
iter:  100
tot_time: 15.338866949081421
total_reward: [-0.14546239221835044, -0.13838505937960255, -0.1352266721151425, -0.13047889818275427, -0.12487392737517156, -0.11904689209693742, -0.09953544562119343, -0.09511784154137759, -0.09215308576285852, -0.08896227580440175, -0.08649826904917401, -0.08476358412550788, -0.08242556964659387, -0.07852034797157592, -0.07302239157840029, -0.0691573034271098, -0.06006754584716223, -0.0554937647819469, -0.05549376487094193, -0.05549376478796764, -0.05549376479043033, -0.05549376488615243, -0.0554937649057905, -0.055493764903918, -0.055493764924425815, -0.055493764886368924, -0.0554937648905891, -0.05549376477431567, -0.05549376481032753, -0.055493764859747996, -0.05549376482129098, -0.05549376478399837, -0.055493764843109084, -0.055493764902007525, -0.055493764852670324, -0.05549376480484858, -0.0554937648641447, -0.055493764828934644, -0.05549376487801094, -0.05549376485962387, -0.05549376482777735, -0.05549376480472601, -0.0554937648465752, -0.05549376481332602, -0.05549376483096147, -0.05549376485712565, -0.05549376482492785, -0.05549376483526358, -0.05549376491401814, -0.05549376487433433, -0.05549376489406099, -0.05549376487650437, -0.05549376494921732, -0.0554937648169509, -0.05549376482783752, -0.05549376496211611, -0.055493764882016405, -0.055493764835524706, -0.05549376483388668, -0.055493764907425414, -0.05549376486630364, -0.05549376480524626, -0.055493764877854845, -0.05549376488250002, -0.05549376490373059, -0.05549376478217938, -0.05549376482967383, -0.055493764876919593, -0.055493764808587365, -0.05549376486343949, -0.05549376480665291, -0.055493764853135064, -0.05549376485099278, -0.05549376485514723, -0.055493764914089194, -0.055493764779582344, -0.055493764910117926, -0.05549376484690849, -0.055493764853735916, -0.059436026487912574, -0.06068882665557629, -0.06013027536345428, -0.059606818892065316, -0.05948292018489387, -0.05549376484395796, -0.055493764832401205, -0.05549376488346747, -0.06470009057494464, -0.06560211076451083, -0.06358219851756286, -0.06023991300171061, -0.059871552720526244, -0.0600500404107871, -0.0613973589811847, -0.05699002770188222, -0.05549376488240543, -0.055493764828149716, -0.05549376482349522, -0.05549376491152014, -0.05549376481008195, -0.0554937648011995]
done grad
iter:  101
tot_time: 15.350326776504517
total_reward: [-0.14546239221835044, -0.13838505937960255, -0.1352266721151425, -0.13047889818275427, -0.12487392737517156, -0.11904689209693742, -0.09953544562119343, -0.09511784154137759, -0.09215308576285852, -0.08896227580440175, -0.08649826904917401, -0.08476358412550788, -0.08242556964659387, -0.07852034797157592, -0.07302239157840029, -0.0691573034271098, -0.06006754584716223, -0.0554937647819469, -0.05549376487094193, -0.05549376478796764, -0.05549376479043033, -0.05549376488615243, -0.0554937649057905, -0.055493764903918, -0.055493764924425815, -0.055493764886368924, -0.0554937648905891, -0.05549376477431567, -0.05549376481032753, -0.055493764859747996, -0.05549376482129098, -0.05549376478399837, -0.055493764843109084, -0.055493764902007525, -0.055493764852670324, -0.05549376480484858, -0.0554937648641447, -0.055493764828934644, -0.05549376487801094, -0.05549376485962387, -0.05549376482777735, -0.05549376480472601, -0.0554937648465752, -0.05549376481332602, -0.05549376483096147, -0.05549376485712565, -0.05549376482492785, -0.05549376483526358, -0.05549376491401814, -0.05549376487433433, -0.05549376489406099, -0.05549376487650437, -0.05549376494921732, -0.0554937648169509, -0.05549376482783752, -0.05549376496211611, -0.055493764882016405, -0.055493764835524706, -0.05549376483388668, -0.055493764907425414, -0.05549376486630364, -0.05549376480524626, -0.055493764877854845, -0.05549376488250002, -0.05549376490373059, -0.05549376478217938, -0.05549376482967383, -0.055493764876919593, -0.055493764808587365, -0.05549376486343949, -0.05549376480665291, -0.055493764853135064, -0.05549376485099278, -0.05549376485514723, -0.055493764914089194, -0.055493764779582344, -0.055493764910117926, -0.05549376484690849, -0.055493764853735916, -0.059436026487912574, -0.06068882665557629, -0.06013027536345428, -0.059606818892065316, -0.05948292018489387, -0.05549376484395796, -0.055493764832401205, -0.05549376488346747, -0.06470009057494464, -0.06560211076451083, -0.06358219851756286, -0.06023991300171061, -0.059871552720526244, -0.0600500404107871, -0.0613973589811847, -0.05699002770188222, -0.05549376488240543, -0.055493764828149716, -0.05549376482349522, -0.05549376491152014, -0.05549376481008195, -0.0554937648011995, -0.0554937648156022]
done grad
iter:  102
tot_time: 15.371001720428467
total_reward: [-0.14546239221835044, -0.13838505937960255, -0.1352266721151425, -0.13047889818275427, -0.12487392737517156, -0.11904689209693742, -0.09953544562119343, -0.09511784154137759, -0.09215308576285852, -0.08896227580440175, -0.08649826904917401, -0.08476358412550788, -0.08242556964659387, -0.07852034797157592, -0.07302239157840029, -0.0691573034271098, -0.06006754584716223, -0.0554937647819469, -0.05549376487094193, -0.05549376478796764, -0.05549376479043033, -0.05549376488615243, -0.0554937649057905, -0.055493764903918, -0.055493764924425815, -0.055493764886368924, -0.0554937648905891, -0.05549376477431567, -0.05549376481032753, -0.055493764859747996, -0.05549376482129098, -0.05549376478399837, -0.055493764843109084, -0.055493764902007525, -0.055493764852670324, -0.05549376480484858, -0.0554937648641447, -0.055493764828934644, -0.05549376487801094, -0.05549376485962387, -0.05549376482777735, -0.05549376480472601, -0.0554937648465752, -0.05549376481332602, -0.05549376483096147, -0.05549376485712565, -0.05549376482492785, -0.05549376483526358, -0.05549376491401814, -0.05549376487433433, -0.05549376489406099, -0.05549376487650437, -0.05549376494921732, -0.0554937648169509, -0.05549376482783752, -0.05549376496211611, -0.055493764882016405, -0.055493764835524706, -0.05549376483388668, -0.055493764907425414, -0.05549376486630364, -0.05549376480524626, -0.055493764877854845, -0.05549376488250002, -0.05549376490373059, -0.05549376478217938, -0.05549376482967383, -0.055493764876919593, -0.055493764808587365, -0.05549376486343949, -0.05549376480665291, -0.055493764853135064, -0.05549376485099278, -0.05549376485514723, -0.055493764914089194, -0.055493764779582344, -0.055493764910117926, -0.05549376484690849, -0.055493764853735916, -0.059436026487912574, -0.06068882665557629, -0.06013027536345428, -0.059606818892065316, -0.05948292018489387, -0.05549376484395796, -0.055493764832401205, -0.05549376488346747, -0.06470009057494464, -0.06560211076451083, -0.06358219851756286, -0.06023991300171061, -0.059871552720526244, -0.0600500404107871, -0.0613973589811847, -0.05699002770188222, -0.05549376488240543, -0.055493764828149716, -0.05549376482349522, -0.05549376491152014, -0.05549376481008195, -0.0554937648011995, -0.0554937648156022, -0.05549376481078139]
done grad
iter:  103
tot_time: 15.29140305519104
total_reward: [-0.14546239221835044, -0.13838505937960255, -0.1352266721151425, -0.13047889818275427, -0.12487392737517156, -0.11904689209693742, -0.09953544562119343, -0.09511784154137759, -0.09215308576285852, -0.08896227580440175, -0.08649826904917401, -0.08476358412550788, -0.08242556964659387, -0.07852034797157592, -0.07302239157840029, -0.0691573034271098, -0.06006754584716223, -0.0554937647819469, -0.05549376487094193, -0.05549376478796764, -0.05549376479043033, -0.05549376488615243, -0.0554937649057905, -0.055493764903918, -0.055493764924425815, -0.055493764886368924, -0.0554937648905891, -0.05549376477431567, -0.05549376481032753, -0.055493764859747996, -0.05549376482129098, -0.05549376478399837, -0.055493764843109084, -0.055493764902007525, -0.055493764852670324, -0.05549376480484858, -0.0554937648641447, -0.055493764828934644, -0.05549376487801094, -0.05549376485962387, -0.05549376482777735, -0.05549376480472601, -0.0554937648465752, -0.05549376481332602, -0.05549376483096147, -0.05549376485712565, -0.05549376482492785, -0.05549376483526358, -0.05549376491401814, -0.05549376487433433, -0.05549376489406099, -0.05549376487650437, -0.05549376494921732, -0.0554937648169509, -0.05549376482783752, -0.05549376496211611, -0.055493764882016405, -0.055493764835524706, -0.05549376483388668, -0.055493764907425414, -0.05549376486630364, -0.05549376480524626, -0.055493764877854845, -0.05549376488250002, -0.05549376490373059, -0.05549376478217938, -0.05549376482967383, -0.055493764876919593, -0.055493764808587365, -0.05549376486343949, -0.05549376480665291, -0.055493764853135064, -0.05549376485099278, -0.05549376485514723, -0.055493764914089194, -0.055493764779582344, -0.055493764910117926, -0.05549376484690849, -0.055493764853735916, -0.059436026487912574, -0.06068882665557629, -0.06013027536345428, -0.059606818892065316, -0.05948292018489387, -0.05549376484395796, -0.055493764832401205, -0.05549376488346747, -0.06470009057494464, -0.06560211076451083, -0.06358219851756286, -0.06023991300171061, -0.059871552720526244, -0.0600500404107871, -0.0613973589811847, -0.05699002770188222, -0.05549376488240543, -0.055493764828149716, -0.05549376482349522, -0.05549376491152014, -0.05549376481008195, -0.0554937648011995, -0.0554937648156022, -0.05549376481078139, -0.0554937648569469]
done grad
iter:  104
tot_time: 15.520867586135864
total_reward: [-0.14546239221835044, -0.13838505937960255, -0.1352266721151425, -0.13047889818275427, -0.12487392737517156, -0.11904689209693742, -0.09953544562119343, -0.09511784154137759, -0.09215308576285852, -0.08896227580440175, -0.08649826904917401, -0.08476358412550788, -0.08242556964659387, -0.07852034797157592, -0.07302239157840029, -0.0691573034271098, -0.06006754584716223, -0.0554937647819469, -0.05549376487094193, -0.05549376478796764, -0.05549376479043033, -0.05549376488615243, -0.0554937649057905, -0.055493764903918, -0.055493764924425815, -0.055493764886368924, -0.0554937648905891, -0.05549376477431567, -0.05549376481032753, -0.055493764859747996, -0.05549376482129098, -0.05549376478399837, -0.055493764843109084, -0.055493764902007525, -0.055493764852670324, -0.05549376480484858, -0.0554937648641447, -0.055493764828934644, -0.05549376487801094, -0.05549376485962387, -0.05549376482777735, -0.05549376480472601, -0.0554937648465752, -0.05549376481332602, -0.05549376483096147, -0.05549376485712565, -0.05549376482492785, -0.05549376483526358, -0.05549376491401814, -0.05549376487433433, -0.05549376489406099, -0.05549376487650437, -0.05549376494921732, -0.0554937648169509, -0.05549376482783752, -0.05549376496211611, -0.055493764882016405, -0.055493764835524706, -0.05549376483388668, -0.055493764907425414, -0.05549376486630364, -0.05549376480524626, -0.055493764877854845, -0.05549376488250002, -0.05549376490373059, -0.05549376478217938, -0.05549376482967383, -0.055493764876919593, -0.055493764808587365, -0.05549376486343949, -0.05549376480665291, -0.055493764853135064, -0.05549376485099278, -0.05549376485514723, -0.055493764914089194, -0.055493764779582344, -0.055493764910117926, -0.05549376484690849, -0.055493764853735916, -0.059436026487912574, -0.06068882665557629, -0.06013027536345428, -0.059606818892065316, -0.05948292018489387, -0.05549376484395796, -0.055493764832401205, -0.05549376488346747, -0.06470009057494464, -0.06560211076451083, -0.06358219851756286, -0.06023991300171061, -0.059871552720526244, -0.0600500404107871, -0.0613973589811847, -0.05699002770188222, -0.05549376488240543, -0.055493764828149716, -0.05549376482349522, -0.05549376491152014, -0.05549376481008195, -0.0554937648011995, -0.0554937648156022, -0.05549376481078139, -0.0554937648569469, -0.055493764831065384]
done grad
iter:  105
tot_time: 15.45005750656128
total_reward: [-0.14546239221835044, -0.13838505937960255, -0.1352266721151425, -0.13047889818275427, -0.12487392737517156, -0.11904689209693742, -0.09953544562119343, -0.09511784154137759, -0.09215308576285852, -0.08896227580440175, -0.08649826904917401, -0.08476358412550788, -0.08242556964659387, -0.07852034797157592, -0.07302239157840029, -0.0691573034271098, -0.06006754584716223, -0.0554937647819469, -0.05549376487094193, -0.05549376478796764, -0.05549376479043033, -0.05549376488615243, -0.0554937649057905, -0.055493764903918, -0.055493764924425815, -0.055493764886368924, -0.0554937648905891, -0.05549376477431567, -0.05549376481032753, -0.055493764859747996, -0.05549376482129098, -0.05549376478399837, -0.055493764843109084, -0.055493764902007525, -0.055493764852670324, -0.05549376480484858, -0.0554937648641447, -0.055493764828934644, -0.05549376487801094, -0.05549376485962387, -0.05549376482777735, -0.05549376480472601, -0.0554937648465752, -0.05549376481332602, -0.05549376483096147, -0.05549376485712565, -0.05549376482492785, -0.05549376483526358, -0.05549376491401814, -0.05549376487433433, -0.05549376489406099, -0.05549376487650437, -0.05549376494921732, -0.0554937648169509, -0.05549376482783752, -0.05549376496211611, -0.055493764882016405, -0.055493764835524706, -0.05549376483388668, -0.055493764907425414, -0.05549376486630364, -0.05549376480524626, -0.055493764877854845, -0.05549376488250002, -0.05549376490373059, -0.05549376478217938, -0.05549376482967383, -0.055493764876919593, -0.055493764808587365, -0.05549376486343949, -0.05549376480665291, -0.055493764853135064, -0.05549376485099278, -0.05549376485514723, -0.055493764914089194, -0.055493764779582344, -0.055493764910117926, -0.05549376484690849, -0.055493764853735916, -0.059436026487912574, -0.06068882665557629, -0.06013027536345428, -0.059606818892065316, -0.05948292018489387, -0.05549376484395796, -0.055493764832401205, -0.05549376488346747, -0.06470009057494464, -0.06560211076451083, -0.06358219851756286, -0.06023991300171061, -0.059871552720526244, -0.0600500404107871, -0.0613973589811847, -0.05699002770188222, -0.05549376488240543, -0.055493764828149716, -0.05549376482349522, -0.05549376491152014, -0.05549376481008195, -0.0554937648011995, -0.0554937648156022, -0.05549376481078139, -0.0554937648569469, -0.055493764831065384, -0.055493764853754124]
done grad
iter:  106
tot_time: 15.453511476516724
total_reward: [-0.14546239221835044, -0.13838505937960255, -0.1352266721151425, -0.13047889818275427, -0.12487392737517156, -0.11904689209693742, -0.09953544562119343, -0.09511784154137759, -0.09215308576285852, -0.08896227580440175, -0.08649826904917401, -0.08476358412550788, -0.08242556964659387, -0.07852034797157592, -0.07302239157840029, -0.0691573034271098, -0.06006754584716223, -0.0554937647819469, -0.05549376487094193, -0.05549376478796764, -0.05549376479043033, -0.05549376488615243, -0.0554937649057905, -0.055493764903918, -0.055493764924425815, -0.055493764886368924, -0.0554937648905891, -0.05549376477431567, -0.05549376481032753, -0.055493764859747996, -0.05549376482129098, -0.05549376478399837, -0.055493764843109084, -0.055493764902007525, -0.055493764852670324, -0.05549376480484858, -0.0554937648641447, -0.055493764828934644, -0.05549376487801094, -0.05549376485962387, -0.05549376482777735, -0.05549376480472601, -0.0554937648465752, -0.05549376481332602, -0.05549376483096147, -0.05549376485712565, -0.05549376482492785, -0.05549376483526358, -0.05549376491401814, -0.05549376487433433, -0.05549376489406099, -0.05549376487650437, -0.05549376494921732, -0.0554937648169509, -0.05549376482783752, -0.05549376496211611, -0.055493764882016405, -0.055493764835524706, -0.05549376483388668, -0.055493764907425414, -0.05549376486630364, -0.05549376480524626, -0.055493764877854845, -0.05549376488250002, -0.05549376490373059, -0.05549376478217938, -0.05549376482967383, -0.055493764876919593, -0.055493764808587365, -0.05549376486343949, -0.05549376480665291, -0.055493764853135064, -0.05549376485099278, -0.05549376485514723, -0.055493764914089194, -0.055493764779582344, -0.055493764910117926, -0.05549376484690849, -0.055493764853735916, -0.059436026487912574, -0.06068882665557629, -0.06013027536345428, -0.059606818892065316, -0.05948292018489387, -0.05549376484395796, -0.055493764832401205, -0.05549376488346747, -0.06470009057494464, -0.06560211076451083, -0.06358219851756286, -0.06023991300171061, -0.059871552720526244, -0.0600500404107871, -0.0613973589811847, -0.05699002770188222, -0.05549376488240543, -0.055493764828149716, -0.05549376482349522, -0.05549376491152014, -0.05549376481008195, -0.0554937648011995, -0.0554937648156022, -0.05549376481078139, -0.0554937648569469, -0.055493764831065384, -0.055493764853754124, -0.055493764767965414]
done grad
iter:  107
tot_time: 15.459838390350342
total_reward: [-0.14546239221835044, -0.13838505937960255, -0.1352266721151425, -0.13047889818275427, -0.12487392737517156, -0.11904689209693742, -0.09953544562119343, -0.09511784154137759, -0.09215308576285852, -0.08896227580440175, -0.08649826904917401, -0.08476358412550788, -0.08242556964659387, -0.07852034797157592, -0.07302239157840029, -0.0691573034271098, -0.06006754584716223, -0.0554937647819469, -0.05549376487094193, -0.05549376478796764, -0.05549376479043033, -0.05549376488615243, -0.0554937649057905, -0.055493764903918, -0.055493764924425815, -0.055493764886368924, -0.0554937648905891, -0.05549376477431567, -0.05549376481032753, -0.055493764859747996, -0.05549376482129098, -0.05549376478399837, -0.055493764843109084, -0.055493764902007525, -0.055493764852670324, -0.05549376480484858, -0.0554937648641447, -0.055493764828934644, -0.05549376487801094, -0.05549376485962387, -0.05549376482777735, -0.05549376480472601, -0.0554937648465752, -0.05549376481332602, -0.05549376483096147, -0.05549376485712565, -0.05549376482492785, -0.05549376483526358, -0.05549376491401814, -0.05549376487433433, -0.05549376489406099, -0.05549376487650437, -0.05549376494921732, -0.0554937648169509, -0.05549376482783752, -0.05549376496211611, -0.055493764882016405, -0.055493764835524706, -0.05549376483388668, -0.055493764907425414, -0.05549376486630364, -0.05549376480524626, -0.055493764877854845, -0.05549376488250002, -0.05549376490373059, -0.05549376478217938, -0.05549376482967383, -0.055493764876919593, -0.055493764808587365, -0.05549376486343949, -0.05549376480665291, -0.055493764853135064, -0.05549376485099278, -0.05549376485514723, -0.055493764914089194, -0.055493764779582344, -0.055493764910117926, -0.05549376484690849, -0.055493764853735916, -0.059436026487912574, -0.06068882665557629, -0.06013027536345428, -0.059606818892065316, -0.05948292018489387, -0.05549376484395796, -0.055493764832401205, -0.05549376488346747, -0.06470009057494464, -0.06560211076451083, -0.06358219851756286, -0.06023991300171061, -0.059871552720526244, -0.0600500404107871, -0.0613973589811847, -0.05699002770188222, -0.05549376488240543, -0.055493764828149716, -0.05549376482349522, -0.05549376491152014, -0.05549376481008195, -0.0554937648011995, -0.0554937648156022, -0.05549376481078139, -0.0554937648569469, -0.055493764831065384, -0.055493764853754124, -0.055493764767965414, -0.05549376489476843]
done grad
iter:  108
tot_time: 15.43364930152893
total_reward: [-0.14546239221835044, -0.13838505937960255, -0.1352266721151425, -0.13047889818275427, -0.12487392737517156, -0.11904689209693742, -0.09953544562119343, -0.09511784154137759, -0.09215308576285852, -0.08896227580440175, -0.08649826904917401, -0.08476358412550788, -0.08242556964659387, -0.07852034797157592, -0.07302239157840029, -0.0691573034271098, -0.06006754584716223, -0.0554937647819469, -0.05549376487094193, -0.05549376478796764, -0.05549376479043033, -0.05549376488615243, -0.0554937649057905, -0.055493764903918, -0.055493764924425815, -0.055493764886368924, -0.0554937648905891, -0.05549376477431567, -0.05549376481032753, -0.055493764859747996, -0.05549376482129098, -0.05549376478399837, -0.055493764843109084, -0.055493764902007525, -0.055493764852670324, -0.05549376480484858, -0.0554937648641447, -0.055493764828934644, -0.05549376487801094, -0.05549376485962387, -0.05549376482777735, -0.05549376480472601, -0.0554937648465752, -0.05549376481332602, -0.05549376483096147, -0.05549376485712565, -0.05549376482492785, -0.05549376483526358, -0.05549376491401814, -0.05549376487433433, -0.05549376489406099, -0.05549376487650437, -0.05549376494921732, -0.0554937648169509, -0.05549376482783752, -0.05549376496211611, -0.055493764882016405, -0.055493764835524706, -0.05549376483388668, -0.055493764907425414, -0.05549376486630364, -0.05549376480524626, -0.055493764877854845, -0.05549376488250002, -0.05549376490373059, -0.05549376478217938, -0.05549376482967383, -0.055493764876919593, -0.055493764808587365, -0.05549376486343949, -0.05549376480665291, -0.055493764853135064, -0.05549376485099278, -0.05549376485514723, -0.055493764914089194, -0.055493764779582344, -0.055493764910117926, -0.05549376484690849, -0.055493764853735916, -0.059436026487912574, -0.06068882665557629, -0.06013027536345428, -0.059606818892065316, -0.05948292018489387, -0.05549376484395796, -0.055493764832401205, -0.05549376488346747, -0.06470009057494464, -0.06560211076451083, -0.06358219851756286, -0.06023991300171061, -0.059871552720526244, -0.0600500404107871, -0.0613973589811847, -0.05699002770188222, -0.05549376488240543, -0.055493764828149716, -0.05549376482349522, -0.05549376491152014, -0.05549376481008195, -0.0554937648011995, -0.0554937648156022, -0.05549376481078139, -0.0554937648569469, -0.055493764831065384, -0.055493764853754124, -0.055493764767965414, -0.05549376489476843, -0.05549376487770319]
done grad
iter:  109
tot_time: 15.416564702987671
total_reward: [-0.14546239221835044, -0.13838505937960255, -0.1352266721151425, -0.13047889818275427, -0.12487392737517156, -0.11904689209693742, -0.09953544562119343, -0.09511784154137759, -0.09215308576285852, -0.08896227580440175, -0.08649826904917401, -0.08476358412550788, -0.08242556964659387, -0.07852034797157592, -0.07302239157840029, -0.0691573034271098, -0.06006754584716223, -0.0554937647819469, -0.05549376487094193, -0.05549376478796764, -0.05549376479043033, -0.05549376488615243, -0.0554937649057905, -0.055493764903918, -0.055493764924425815, -0.055493764886368924, -0.0554937648905891, -0.05549376477431567, -0.05549376481032753, -0.055493764859747996, -0.05549376482129098, -0.05549376478399837, -0.055493764843109084, -0.055493764902007525, -0.055493764852670324, -0.05549376480484858, -0.0554937648641447, -0.055493764828934644, -0.05549376487801094, -0.05549376485962387, -0.05549376482777735, -0.05549376480472601, -0.0554937648465752, -0.05549376481332602, -0.05549376483096147, -0.05549376485712565, -0.05549376482492785, -0.05549376483526358, -0.05549376491401814, -0.05549376487433433, -0.05549376489406099, -0.05549376487650437, -0.05549376494921732, -0.0554937648169509, -0.05549376482783752, -0.05549376496211611, -0.055493764882016405, -0.055493764835524706, -0.05549376483388668, -0.055493764907425414, -0.05549376486630364, -0.05549376480524626, -0.055493764877854845, -0.05549376488250002, -0.05549376490373059, -0.05549376478217938, -0.05549376482967383, -0.055493764876919593, -0.055493764808587365, -0.05549376486343949, -0.05549376480665291, -0.055493764853135064, -0.05549376485099278, -0.05549376485514723, -0.055493764914089194, -0.055493764779582344, -0.055493764910117926, -0.05549376484690849, -0.055493764853735916, -0.059436026487912574, -0.06068882665557629, -0.06013027536345428, -0.059606818892065316, -0.05948292018489387, -0.05549376484395796, -0.055493764832401205, -0.05549376488346747, -0.06470009057494464, -0.06560211076451083, -0.06358219851756286, -0.06023991300171061, -0.059871552720526244, -0.0600500404107871, -0.0613973589811847, -0.05699002770188222, -0.05549376488240543, -0.055493764828149716, -0.05549376482349522, -0.05549376491152014, -0.05549376481008195, -0.0554937648011995, -0.0554937648156022, -0.05549376481078139, -0.0554937648569469, -0.055493764831065384, -0.055493764853754124, -0.055493764767965414, -0.05549376489476843, -0.05549376487770319, -0.05549376476216805]
done grad
iter:  110
tot_time: 15.215545654296875
total_reward: [-0.14546239221835044, -0.13838505937960255, -0.1352266721151425, -0.13047889818275427, -0.12487392737517156, -0.11904689209693742, -0.09953544562119343, -0.09511784154137759, -0.09215308576285852, -0.08896227580440175, -0.08649826904917401, -0.08476358412550788, -0.08242556964659387, -0.07852034797157592, -0.07302239157840029, -0.0691573034271098, -0.06006754584716223, -0.0554937647819469, -0.05549376487094193, -0.05549376478796764, -0.05549376479043033, -0.05549376488615243, -0.0554937649057905, -0.055493764903918, -0.055493764924425815, -0.055493764886368924, -0.0554937648905891, -0.05549376477431567, -0.05549376481032753, -0.055493764859747996, -0.05549376482129098, -0.05549376478399837, -0.055493764843109084, -0.055493764902007525, -0.055493764852670324, -0.05549376480484858, -0.0554937648641447, -0.055493764828934644, -0.05549376487801094, -0.05549376485962387, -0.05549376482777735, -0.05549376480472601, -0.0554937648465752, -0.05549376481332602, -0.05549376483096147, -0.05549376485712565, -0.05549376482492785, -0.05549376483526358, -0.05549376491401814, -0.05549376487433433, -0.05549376489406099, -0.05549376487650437, -0.05549376494921732, -0.0554937648169509, -0.05549376482783752, -0.05549376496211611, -0.055493764882016405, -0.055493764835524706, -0.05549376483388668, -0.055493764907425414, -0.05549376486630364, -0.05549376480524626, -0.055493764877854845, -0.05549376488250002, -0.05549376490373059, -0.05549376478217938, -0.05549376482967383, -0.055493764876919593, -0.055493764808587365, -0.05549376486343949, -0.05549376480665291, -0.055493764853135064, -0.05549376485099278, -0.05549376485514723, -0.055493764914089194, -0.055493764779582344, -0.055493764910117926, -0.05549376484690849, -0.055493764853735916, -0.059436026487912574, -0.06068882665557629, -0.06013027536345428, -0.059606818892065316, -0.05948292018489387, -0.05549376484395796, -0.055493764832401205, -0.05549376488346747, -0.06470009057494464, -0.06560211076451083, -0.06358219851756286, -0.06023991300171061, -0.059871552720526244, -0.0600500404107871, -0.0613973589811847, -0.05699002770188222, -0.05549376488240543, -0.055493764828149716, -0.05549376482349522, -0.05549376491152014, -0.05549376481008195, -0.0554937648011995, -0.0554937648156022, -0.05549376481078139, -0.0554937648569469, -0.055493764831065384, -0.055493764853754124, -0.055493764767965414, -0.05549376489476843, -0.05549376487770319, -0.05549376476216805, -0.05549376478033796]
done grad
iter:  111
tot_time: 15.27965760231018
total_reward: [-0.14546239221835044, -0.13838505937960255, -0.1352266721151425, -0.13047889818275427, -0.12487392737517156, -0.11904689209693742, -0.09953544562119343, -0.09511784154137759, -0.09215308576285852, -0.08896227580440175, -0.08649826904917401, -0.08476358412550788, -0.08242556964659387, -0.07852034797157592, -0.07302239157840029, -0.0691573034271098, -0.06006754584716223, -0.0554937647819469, -0.05549376487094193, -0.05549376478796764, -0.05549376479043033, -0.05549376488615243, -0.0554937649057905, -0.055493764903918, -0.055493764924425815, -0.055493764886368924, -0.0554937648905891, -0.05549376477431567, -0.05549376481032753, -0.055493764859747996, -0.05549376482129098, -0.05549376478399837, -0.055493764843109084, -0.055493764902007525, -0.055493764852670324, -0.05549376480484858, -0.0554937648641447, -0.055493764828934644, -0.05549376487801094, -0.05549376485962387, -0.05549376482777735, -0.05549376480472601, -0.0554937648465752, -0.05549376481332602, -0.05549376483096147, -0.05549376485712565, -0.05549376482492785, -0.05549376483526358, -0.05549376491401814, -0.05549376487433433, -0.05549376489406099, -0.05549376487650437, -0.05549376494921732, -0.0554937648169509, -0.05549376482783752, -0.05549376496211611, -0.055493764882016405, -0.055493764835524706, -0.05549376483388668, -0.055493764907425414, -0.05549376486630364, -0.05549376480524626, -0.055493764877854845, -0.05549376488250002, -0.05549376490373059, -0.05549376478217938, -0.05549376482967383, -0.055493764876919593, -0.055493764808587365, -0.05549376486343949, -0.05549376480665291, -0.055493764853135064, -0.05549376485099278, -0.05549376485514723, -0.055493764914089194, -0.055493764779582344, -0.055493764910117926, -0.05549376484690849, -0.055493764853735916, -0.059436026487912574, -0.06068882665557629, -0.06013027536345428, -0.059606818892065316, -0.05948292018489387, -0.05549376484395796, -0.055493764832401205, -0.05549376488346747, -0.06470009057494464, -0.06560211076451083, -0.06358219851756286, -0.06023991300171061, -0.059871552720526244, -0.0600500404107871, -0.0613973589811847, -0.05699002770188222, -0.05549376488240543, -0.055493764828149716, -0.05549376482349522, -0.05549376491152014, -0.05549376481008195, -0.0554937648011995, -0.0554937648156022, -0.05549376481078139, -0.0554937648569469, -0.055493764831065384, -0.055493764853754124, -0.055493764767965414, -0.05549376489476843, -0.05549376487770319, -0.05549376476216805, -0.05549376478033796, -0.05549376476464429]
done grad
iter:  112
tot_time: 15.218802213668823
total_reward: [-0.14546239221835044, -0.13838505937960255, -0.1352266721151425, -0.13047889818275427, -0.12487392737517156, -0.11904689209693742, -0.09953544562119343, -0.09511784154137759, -0.09215308576285852, -0.08896227580440175, -0.08649826904917401, -0.08476358412550788, -0.08242556964659387, -0.07852034797157592, -0.07302239157840029, -0.0691573034271098, -0.06006754584716223, -0.0554937647819469, -0.05549376487094193, -0.05549376478796764, -0.05549376479043033, -0.05549376488615243, -0.0554937649057905, -0.055493764903918, -0.055493764924425815, -0.055493764886368924, -0.0554937648905891, -0.05549376477431567, -0.05549376481032753, -0.055493764859747996, -0.05549376482129098, -0.05549376478399837, -0.055493764843109084, -0.055493764902007525, -0.055493764852670324, -0.05549376480484858, -0.0554937648641447, -0.055493764828934644, -0.05549376487801094, -0.05549376485962387, -0.05549376482777735, -0.05549376480472601, -0.0554937648465752, -0.05549376481332602, -0.05549376483096147, -0.05549376485712565, -0.05549376482492785, -0.05549376483526358, -0.05549376491401814, -0.05549376487433433, -0.05549376489406099, -0.05549376487650437, -0.05549376494921732, -0.0554937648169509, -0.05549376482783752, -0.05549376496211611, -0.055493764882016405, -0.055493764835524706, -0.05549376483388668, -0.055493764907425414, -0.05549376486630364, -0.05549376480524626, -0.055493764877854845, -0.05549376488250002, -0.05549376490373059, -0.05549376478217938, -0.05549376482967383, -0.055493764876919593, -0.055493764808587365, -0.05549376486343949, -0.05549376480665291, -0.055493764853135064, -0.05549376485099278, -0.05549376485514723, -0.055493764914089194, -0.055493764779582344, -0.055493764910117926, -0.05549376484690849, -0.055493764853735916, -0.059436026487912574, -0.06068882665557629, -0.06013027536345428, -0.059606818892065316, -0.05948292018489387, -0.05549376484395796, -0.055493764832401205, -0.05549376488346747, -0.06470009057494464, -0.06560211076451083, -0.06358219851756286, -0.06023991300171061, -0.059871552720526244, -0.0600500404107871, -0.0613973589811847, -0.05699002770188222, -0.05549376488240543, -0.055493764828149716, -0.05549376482349522, -0.05549376491152014, -0.05549376481008195, -0.0554937648011995, -0.0554937648156022, -0.05549376481078139, -0.0554937648569469, -0.055493764831065384, -0.055493764853754124, -0.055493764767965414, -0.05549376489476843, -0.05549376487770319, -0.05549376476216805, -0.05549376478033796, -0.05549376476464429, -0.05549376486132185]
done grad
iter:  113
tot_time: 15.296371936798096
total_reward: [-0.14546239221835044, -0.13838505937960255, -0.1352266721151425, -0.13047889818275427, -0.12487392737517156, -0.11904689209693742, -0.09953544562119343, -0.09511784154137759, -0.09215308576285852, -0.08896227580440175, -0.08649826904917401, -0.08476358412550788, -0.08242556964659387, -0.07852034797157592, -0.07302239157840029, -0.0691573034271098, -0.06006754584716223, -0.0554937647819469, -0.05549376487094193, -0.05549376478796764, -0.05549376479043033, -0.05549376488615243, -0.0554937649057905, -0.055493764903918, -0.055493764924425815, -0.055493764886368924, -0.0554937648905891, -0.05549376477431567, -0.05549376481032753, -0.055493764859747996, -0.05549376482129098, -0.05549376478399837, -0.055493764843109084, -0.055493764902007525, -0.055493764852670324, -0.05549376480484858, -0.0554937648641447, -0.055493764828934644, -0.05549376487801094, -0.05549376485962387, -0.05549376482777735, -0.05549376480472601, -0.0554937648465752, -0.05549376481332602, -0.05549376483096147, -0.05549376485712565, -0.05549376482492785, -0.05549376483526358, -0.05549376491401814, -0.05549376487433433, -0.05549376489406099, -0.05549376487650437, -0.05549376494921732, -0.0554937648169509, -0.05549376482783752, -0.05549376496211611, -0.055493764882016405, -0.055493764835524706, -0.05549376483388668, -0.055493764907425414, -0.05549376486630364, -0.05549376480524626, -0.055493764877854845, -0.05549376488250002, -0.05549376490373059, -0.05549376478217938, -0.05549376482967383, -0.055493764876919593, -0.055493764808587365, -0.05549376486343949, -0.05549376480665291, -0.055493764853135064, -0.05549376485099278, -0.05549376485514723, -0.055493764914089194, -0.055493764779582344, -0.055493764910117926, -0.05549376484690849, -0.055493764853735916, -0.059436026487912574, -0.06068882665557629, -0.06013027536345428, -0.059606818892065316, -0.05948292018489387, -0.05549376484395796, -0.055493764832401205, -0.05549376488346747, -0.06470009057494464, -0.06560211076451083, -0.06358219851756286, -0.06023991300171061, -0.059871552720526244, -0.0600500404107871, -0.0613973589811847, -0.05699002770188222, -0.05549376488240543, -0.055493764828149716, -0.05549376482349522, -0.05549376491152014, -0.05549376481008195, -0.0554937648011995, -0.0554937648156022, -0.05549376481078139, -0.0554937648569469, -0.055493764831065384, -0.055493764853754124, -0.055493764767965414, -0.05549376489476843, -0.05549376487770319, -0.05549376476216805, -0.05549376478033796, -0.05549376476464429, -0.05549376486132185, -0.05549376486322588]
done grad
iter:  114
tot_time: 15.205024719238281
total_reward: [-0.14546239221835044, -0.13838505937960255, -0.1352266721151425, -0.13047889818275427, -0.12487392737517156, -0.11904689209693742, -0.09953544562119343, -0.09511784154137759, -0.09215308576285852, -0.08896227580440175, -0.08649826904917401, -0.08476358412550788, -0.08242556964659387, -0.07852034797157592, -0.07302239157840029, -0.0691573034271098, -0.06006754584716223, -0.0554937647819469, -0.05549376487094193, -0.05549376478796764, -0.05549376479043033, -0.05549376488615243, -0.0554937649057905, -0.055493764903918, -0.055493764924425815, -0.055493764886368924, -0.0554937648905891, -0.05549376477431567, -0.05549376481032753, -0.055493764859747996, -0.05549376482129098, -0.05549376478399837, -0.055493764843109084, -0.055493764902007525, -0.055493764852670324, -0.05549376480484858, -0.0554937648641447, -0.055493764828934644, -0.05549376487801094, -0.05549376485962387, -0.05549376482777735, -0.05549376480472601, -0.0554937648465752, -0.05549376481332602, -0.05549376483096147, -0.05549376485712565, -0.05549376482492785, -0.05549376483526358, -0.05549376491401814, -0.05549376487433433, -0.05549376489406099, -0.05549376487650437, -0.05549376494921732, -0.0554937648169509, -0.05549376482783752, -0.05549376496211611, -0.055493764882016405, -0.055493764835524706, -0.05549376483388668, -0.055493764907425414, -0.05549376486630364, -0.05549376480524626, -0.055493764877854845, -0.05549376488250002, -0.05549376490373059, -0.05549376478217938, -0.05549376482967383, -0.055493764876919593, -0.055493764808587365, -0.05549376486343949, -0.05549376480665291, -0.055493764853135064, -0.05549376485099278, -0.05549376485514723, -0.055493764914089194, -0.055493764779582344, -0.055493764910117926, -0.05549376484690849, -0.055493764853735916, -0.059436026487912574, -0.06068882665557629, -0.06013027536345428, -0.059606818892065316, -0.05948292018489387, -0.05549376484395796, -0.055493764832401205, -0.05549376488346747, -0.06470009057494464, -0.06560211076451083, -0.06358219851756286, -0.06023991300171061, -0.059871552720526244, -0.0600500404107871, -0.0613973589811847, -0.05699002770188222, -0.05549376488240543, -0.055493764828149716, -0.05549376482349522, -0.05549376491152014, -0.05549376481008195, -0.0554937648011995, -0.0554937648156022, -0.05549376481078139, -0.0554937648569469, -0.055493764831065384, -0.055493764853754124, -0.055493764767965414, -0.05549376489476843, -0.05549376487770319, -0.05549376476216805, -0.05549376478033796, -0.05549376476464429, -0.05549376486132185, -0.05549376486322588, -0.05549376494407232]
done grad
iter:  115
tot_time: 15.178234815597534
total_reward: [-0.14546239221835044, -0.13838505937960255, -0.1352266721151425, -0.13047889818275427, -0.12487392737517156, -0.11904689209693742, -0.09953544562119343, -0.09511784154137759, -0.09215308576285852, -0.08896227580440175, -0.08649826904917401, -0.08476358412550788, -0.08242556964659387, -0.07852034797157592, -0.07302239157840029, -0.0691573034271098, -0.06006754584716223, -0.0554937647819469, -0.05549376487094193, -0.05549376478796764, -0.05549376479043033, -0.05549376488615243, -0.0554937649057905, -0.055493764903918, -0.055493764924425815, -0.055493764886368924, -0.0554937648905891, -0.05549376477431567, -0.05549376481032753, -0.055493764859747996, -0.05549376482129098, -0.05549376478399837, -0.055493764843109084, -0.055493764902007525, -0.055493764852670324, -0.05549376480484858, -0.0554937648641447, -0.055493764828934644, -0.05549376487801094, -0.05549376485962387, -0.05549376482777735, -0.05549376480472601, -0.0554937648465752, -0.05549376481332602, -0.05549376483096147, -0.05549376485712565, -0.05549376482492785, -0.05549376483526358, -0.05549376491401814, -0.05549376487433433, -0.05549376489406099, -0.05549376487650437, -0.05549376494921732, -0.0554937648169509, -0.05549376482783752, -0.05549376496211611, -0.055493764882016405, -0.055493764835524706, -0.05549376483388668, -0.055493764907425414, -0.05549376486630364, -0.05549376480524626, -0.055493764877854845, -0.05549376488250002, -0.05549376490373059, -0.05549376478217938, -0.05549376482967383, -0.055493764876919593, -0.055493764808587365, -0.05549376486343949, -0.05549376480665291, -0.055493764853135064, -0.05549376485099278, -0.05549376485514723, -0.055493764914089194, -0.055493764779582344, -0.055493764910117926, -0.05549376484690849, -0.055493764853735916, -0.059436026487912574, -0.06068882665557629, -0.06013027536345428, -0.059606818892065316, -0.05948292018489387, -0.05549376484395796, -0.055493764832401205, -0.05549376488346747, -0.06470009057494464, -0.06560211076451083, -0.06358219851756286, -0.06023991300171061, -0.059871552720526244, -0.0600500404107871, -0.0613973589811847, -0.05699002770188222, -0.05549376488240543, -0.055493764828149716, -0.05549376482349522, -0.05549376491152014, -0.05549376481008195, -0.0554937648011995, -0.0554937648156022, -0.05549376481078139, -0.0554937648569469, -0.055493764831065384, -0.055493764853754124, -0.055493764767965414, -0.05549376489476843, -0.05549376487770319, -0.05549376476216805, -0.05549376478033796, -0.05549376476464429, -0.05549376486132185, -0.05549376486322588, -0.05549376494407232, -0.05549376481487012]
done grad
iter:  116
tot_time: 21.90965247154236
total_reward: [-0.14546239221835044, -0.13838505937960255, -0.1352266721151425, -0.13047889818275427, -0.12487392737517156, -0.11904689209693742, -0.09953544562119343, -0.09511784154137759, -0.09215308576285852, -0.08896227580440175, -0.08649826904917401, -0.08476358412550788, -0.08242556964659387, -0.07852034797157592, -0.07302239157840029, -0.0691573034271098, -0.06006754584716223, -0.0554937647819469, -0.05549376487094193, -0.05549376478796764, -0.05549376479043033, -0.05549376488615243, -0.0554937649057905, -0.055493764903918, -0.055493764924425815, -0.055493764886368924, -0.0554937648905891, -0.05549376477431567, -0.05549376481032753, -0.055493764859747996, -0.05549376482129098, -0.05549376478399837, -0.055493764843109084, -0.055493764902007525, -0.055493764852670324, -0.05549376480484858, -0.0554937648641447, -0.055493764828934644, -0.05549376487801094, -0.05549376485962387, -0.05549376482777735, -0.05549376480472601, -0.0554937648465752, -0.05549376481332602, -0.05549376483096147, -0.05549376485712565, -0.05549376482492785, -0.05549376483526358, -0.05549376491401814, -0.05549376487433433, -0.05549376489406099, -0.05549376487650437, -0.05549376494921732, -0.0554937648169509, -0.05549376482783752, -0.05549376496211611, -0.055493764882016405, -0.055493764835524706, -0.05549376483388668, -0.055493764907425414, -0.05549376486630364, -0.05549376480524626, -0.055493764877854845, -0.05549376488250002, -0.05549376490373059, -0.05549376478217938, -0.05549376482967383, -0.055493764876919593, -0.055493764808587365, -0.05549376486343949, -0.05549376480665291, -0.055493764853135064, -0.05549376485099278, -0.05549376485514723, -0.055493764914089194, -0.055493764779582344, -0.055493764910117926, -0.05549376484690849, -0.055493764853735916, -0.059436026487912574, -0.06068882665557629, -0.06013027536345428, -0.059606818892065316, -0.05948292018489387, -0.05549376484395796, -0.055493764832401205, -0.05549376488346747, -0.06470009057494464, -0.06560211076451083, -0.06358219851756286, -0.06023991300171061, -0.059871552720526244, -0.0600500404107871, -0.0613973589811847, -0.05699002770188222, -0.05549376488240543, -0.055493764828149716, -0.05549376482349522, -0.05549376491152014, -0.05549376481008195, -0.0554937648011995, -0.0554937648156022, -0.05549376481078139, -0.0554937648569469, -0.055493764831065384, -0.055493764853754124, -0.055493764767965414, -0.05549376489476843, -0.05549376487770319, -0.05549376476216805, -0.05549376478033796, -0.05549376476464429, -0.05549376486132185, -0.05549376486322588, -0.05549376494407232, -0.05549376481487012, -0.32090074654908474]
done grad
iter:  117
tot_time: 15.25634503364563
total_reward: [-0.14546239221835044, -0.13838505937960255, -0.1352266721151425, -0.13047889818275427, -0.12487392737517156, -0.11904689209693742, -0.09953544562119343, -0.09511784154137759, -0.09215308576285852, -0.08896227580440175, -0.08649826904917401, -0.08476358412550788, -0.08242556964659387, -0.07852034797157592, -0.07302239157840029, -0.0691573034271098, -0.06006754584716223, -0.0554937647819469, -0.05549376487094193, -0.05549376478796764, -0.05549376479043033, -0.05549376488615243, -0.0554937649057905, -0.055493764903918, -0.055493764924425815, -0.055493764886368924, -0.0554937648905891, -0.05549376477431567, -0.05549376481032753, -0.055493764859747996, -0.05549376482129098, -0.05549376478399837, -0.055493764843109084, -0.055493764902007525, -0.055493764852670324, -0.05549376480484858, -0.0554937648641447, -0.055493764828934644, -0.05549376487801094, -0.05549376485962387, -0.05549376482777735, -0.05549376480472601, -0.0554937648465752, -0.05549376481332602, -0.05549376483096147, -0.05549376485712565, -0.05549376482492785, -0.05549376483526358, -0.05549376491401814, -0.05549376487433433, -0.05549376489406099, -0.05549376487650437, -0.05549376494921732, -0.0554937648169509, -0.05549376482783752, -0.05549376496211611, -0.055493764882016405, -0.055493764835524706, -0.05549376483388668, -0.055493764907425414, -0.05549376486630364, -0.05549376480524626, -0.055493764877854845, -0.05549376488250002, -0.05549376490373059, -0.05549376478217938, -0.05549376482967383, -0.055493764876919593, -0.055493764808587365, -0.05549376486343949, -0.05549376480665291, -0.055493764853135064, -0.05549376485099278, -0.05549376485514723, -0.055493764914089194, -0.055493764779582344, -0.055493764910117926, -0.05549376484690849, -0.055493764853735916, -0.059436026487912574, -0.06068882665557629, -0.06013027536345428, -0.059606818892065316, -0.05948292018489387, -0.05549376484395796, -0.055493764832401205, -0.05549376488346747, -0.06470009057494464, -0.06560211076451083, -0.06358219851756286, -0.06023991300171061, -0.059871552720526244, -0.0600500404107871, -0.0613973589811847, -0.05699002770188222, -0.05549376488240543, -0.055493764828149716, -0.05549376482349522, -0.05549376491152014, -0.05549376481008195, -0.0554937648011995, -0.0554937648156022, -0.05549376481078139, -0.0554937648569469, -0.055493764831065384, -0.055493764853754124, -0.055493764767965414, -0.05549376489476843, -0.05549376487770319, -0.05549376476216805, -0.05549376478033796, -0.05549376476464429, -0.05549376486132185, -0.05549376486322588, -0.05549376494407232, -0.05549376481487012, -0.32090074654908474, -0.05549376480069701]
done grad
iter:  118
tot_time: 15.272093772888184
total_reward: [-0.14546239221835044, -0.13838505937960255, -0.1352266721151425, -0.13047889818275427, -0.12487392737517156, -0.11904689209693742, -0.09953544562119343, -0.09511784154137759, -0.09215308576285852, -0.08896227580440175, -0.08649826904917401, -0.08476358412550788, -0.08242556964659387, -0.07852034797157592, -0.07302239157840029, -0.0691573034271098, -0.06006754584716223, -0.0554937647819469, -0.05549376487094193, -0.05549376478796764, -0.05549376479043033, -0.05549376488615243, -0.0554937649057905, -0.055493764903918, -0.055493764924425815, -0.055493764886368924, -0.0554937648905891, -0.05549376477431567, -0.05549376481032753, -0.055493764859747996, -0.05549376482129098, -0.05549376478399837, -0.055493764843109084, -0.055493764902007525, -0.055493764852670324, -0.05549376480484858, -0.0554937648641447, -0.055493764828934644, -0.05549376487801094, -0.05549376485962387, -0.05549376482777735, -0.05549376480472601, -0.0554937648465752, -0.05549376481332602, -0.05549376483096147, -0.05549376485712565, -0.05549376482492785, -0.05549376483526358, -0.05549376491401814, -0.05549376487433433, -0.05549376489406099, -0.05549376487650437, -0.05549376494921732, -0.0554937648169509, -0.05549376482783752, -0.05549376496211611, -0.055493764882016405, -0.055493764835524706, -0.05549376483388668, -0.055493764907425414, -0.05549376486630364, -0.05549376480524626, -0.055493764877854845, -0.05549376488250002, -0.05549376490373059, -0.05549376478217938, -0.05549376482967383, -0.055493764876919593, -0.055493764808587365, -0.05549376486343949, -0.05549376480665291, -0.055493764853135064, -0.05549376485099278, -0.05549376485514723, -0.055493764914089194, -0.055493764779582344, -0.055493764910117926, -0.05549376484690849, -0.055493764853735916, -0.059436026487912574, -0.06068882665557629, -0.06013027536345428, -0.059606818892065316, -0.05948292018489387, -0.05549376484395796, -0.055493764832401205, -0.05549376488346747, -0.06470009057494464, -0.06560211076451083, -0.06358219851756286, -0.06023991300171061, -0.059871552720526244, -0.0600500404107871, -0.0613973589811847, -0.05699002770188222, -0.05549376488240543, -0.055493764828149716, -0.05549376482349522, -0.05549376491152014, -0.05549376481008195, -0.0554937648011995, -0.0554937648156022, -0.05549376481078139, -0.0554937648569469, -0.055493764831065384, -0.055493764853754124, -0.055493764767965414, -0.05549376489476843, -0.05549376487770319, -0.05549376476216805, -0.05549376478033796, -0.05549376476464429, -0.05549376486132185, -0.05549376486322588, -0.05549376494407232, -0.05549376481487012, -0.32090074654908474, -0.05549376480069701, -0.05549376487447155]
done grad
iter:  119
tot_time: 15.289133310317993
total_reward: [-0.14546239221835044, -0.13838505937960255, -0.1352266721151425, -0.13047889818275427, -0.12487392737517156, -0.11904689209693742, -0.09953544562119343, -0.09511784154137759, -0.09215308576285852, -0.08896227580440175, -0.08649826904917401, -0.08476358412550788, -0.08242556964659387, -0.07852034797157592, -0.07302239157840029, -0.0691573034271098, -0.06006754584716223, -0.0554937647819469, -0.05549376487094193, -0.05549376478796764, -0.05549376479043033, -0.05549376488615243, -0.0554937649057905, -0.055493764903918, -0.055493764924425815, -0.055493764886368924, -0.0554937648905891, -0.05549376477431567, -0.05549376481032753, -0.055493764859747996, -0.05549376482129098, -0.05549376478399837, -0.055493764843109084, -0.055493764902007525, -0.055493764852670324, -0.05549376480484858, -0.0554937648641447, -0.055493764828934644, -0.05549376487801094, -0.05549376485962387, -0.05549376482777735, -0.05549376480472601, -0.0554937648465752, -0.05549376481332602, -0.05549376483096147, -0.05549376485712565, -0.05549376482492785, -0.05549376483526358, -0.05549376491401814, -0.05549376487433433, -0.05549376489406099, -0.05549376487650437, -0.05549376494921732, -0.0554937648169509, -0.05549376482783752, -0.05549376496211611, -0.055493764882016405, -0.055493764835524706, -0.05549376483388668, -0.055493764907425414, -0.05549376486630364, -0.05549376480524626, -0.055493764877854845, -0.05549376488250002, -0.05549376490373059, -0.05549376478217938, -0.05549376482967383, -0.055493764876919593, -0.055493764808587365, -0.05549376486343949, -0.05549376480665291, -0.055493764853135064, -0.05549376485099278, -0.05549376485514723, -0.055493764914089194, -0.055493764779582344, -0.055493764910117926, -0.05549376484690849, -0.055493764853735916, -0.059436026487912574, -0.06068882665557629, -0.06013027536345428, -0.059606818892065316, -0.05948292018489387, -0.05549376484395796, -0.055493764832401205, -0.05549376488346747, -0.06470009057494464, -0.06560211076451083, -0.06358219851756286, -0.06023991300171061, -0.059871552720526244, -0.0600500404107871, -0.0613973589811847, -0.05699002770188222, -0.05549376488240543, -0.055493764828149716, -0.05549376482349522, -0.05549376491152014, -0.05549376481008195, -0.0554937648011995, -0.0554937648156022, -0.05549376481078139, -0.0554937648569469, -0.055493764831065384, -0.055493764853754124, -0.055493764767965414, -0.05549376489476843, -0.05549376487770319, -0.05549376476216805, -0.05549376478033796, -0.05549376476464429, -0.05549376486132185, -0.05549376486322588, -0.05549376494407232, -0.05549376481487012, -0.32090074654908474, -0.05549376480069701, -0.05549376487447155, -0.055493764823467684]
done grad
iter:  120
Begin thicken cloth...
Num Vertices: (64, 3)
Num Faces: (90, 3)
Num Vertex Normals: (64, 3)
Num Face Normals: (90, 3)
Num Vertex UV: (64, 2)

Begin subdivide cloth...
Num Vertices: (128, 3)
Num Faces: (252, 3)
Num Vertex Normals: (128, 3)
Num Face Normals: (252, 3)
Num Vertex UV: (128, 2)

Begin subdivide cloth...
Num Vertices: (758, 3)
Num Faces: (1512, 3)
Num Vertex Normals: (758, 3)
Num Face Normals: (1512, 3)
Num Vertex UV: (758, 2)

Num Vertices: (4538, 3)
Num Faces: (9072, 3)
Num Vertex Normals: (4538, 3)
Num Face Normals: (9072, 3)
Num Vertex UV: (4538, 2)

Begin thicken cloth...
Num Vertices: (64, 3)
Num Faces: (90, 3)
Num Vertex Normals: (64, 3)
Num Face Normals: (90, 3)
Num Vertex UV: (64, 2)

Begin subdivide cloth...
Num Vertices: (128, 3)
Num Faces: (252, 3)
Num Vertex Normals: (128, 3)
Num Face Normals: (252, 3)
Num Vertex UV: (128, 2)

Begin subdivide cloth...
Num Vertices: (758, 3)
Num Faces: (1512, 3)
Num Vertex Normals: (758, 3)
Num Face Normals: (1512, 3)
Num Vertex UV: (758, 2)

Num Vertices: (4538, 3)
Num Faces: (9072, 3)
Num Vertex Normals: (4538, 3)
Num Face Normals: (9072, 3)
Num Vertex UV: (4538, 2)

Begin thicken cloth...
Num Vertices: (64, 3)
Num Faces: (90, 3)
Num Vertex Normals: (64, 3)
Num Face Normals: (90, 3)
Num Vertex UV: (64, 2)

Begin subdivide cloth...
Num Vertices: (128, 3)
Num Faces: (252, 3)
Num Vertex Normals: (128, 3)
Num Face Normals: (252, 3)
Num Vertex UV: (128, 2)

Begin subdivide cloth...
Num Vertices: (758, 3)
Num Faces: (1512, 3)
Num Vertex Normals: (758, 3)
Num Face Normals: (1512, 3)
Num Vertex UV: (758, 2)

Num Vertices: (4538, 3)
Num Faces: (9072, 3)
Num Vertex Normals: (4538, 3)
Num Face Normals: (9072, 3)
Num Vertex UV: (4538, 2)

Begin thicken cloth...
Num Vertices: (64, 3)
Num Faces: (90, 3)
Num Vertex Normals: (64, 3)
Num Face Normals: (90, 3)
Num Vertex UV: (64, 2)

Begin subdivide cloth...
Num Vertices: (128, 3)
Num Faces: (252, 3)
Num Vertex Normals: (128, 3)
Num Face Normals: (252, 3)
Num Vertex UV: (128, 2)

Begin subdivide cloth...
Num Vertices: (758, 3)
Num Faces: (1512, 3)
Num Vertex Normals: (758, 3)
Num Face Normals: (1512, 3)
Num Vertex UV: (758, 2)

Num Vertices: (4538, 3)
Num Faces: (9072, 3)
Num Vertex Normals: (4538, 3)
Num Face Normals: (9072, 3)
Num Vertex UV: (4538, 2)

Begin thicken cloth...
Num Vertices: (64, 3)
Num Faces: (90, 3)
Num Vertex Normals: (64, 3)
Num Face Normals: (90, 3)
Num Vertex UV: (64, 2)

Begin subdivide cloth...
Num Vertices: (128, 3)
Num Faces: (252, 3)
Num Vertex Normals: (128, 3)
Num Face Normals: (252, 3)
Num Vertex UV: (128, 2)

Begin subdivide cloth...
Num Vertices: (758, 3)
Num Faces: (1512, 3)
Num Vertex Normals: (758, 3)
Num Face Normals: (1512, 3)
Num Vertex UV: (758, 2)

Num Vertices: (4538, 3)
Num Faces: (9072, 3)
Num Vertex Normals: (4538, 3)
Num Face Normals: (9072, 3)
Num Vertex UV: (4538, 2)

Begin thicken cloth...
Num Vertices: (64, 3)
Num Faces: (90, 3)
Num Vertex Normals: (64, 3)
Num Face Normals: (90, 3)
Num Vertex UV: (64, 2)

Begin subdivide cloth...
Num Vertices: (128, 3)
Num Faces: (252, 3)
Num Vertex Normals: (128, 3)
Num Face Normals: (252, 3)
Num Vertex UV: (128, 2)

Begin subdivide cloth...
Num Vertices: (758, 3)
Num Faces: (1512, 3)
Num Vertex Normals: (758, 3)
Num Face Normals: (1512, 3)
Num Vertex UV: (758, 2)

Num Vertices: (4538, 3)
Num Faces: (9072, 3)
Num Vertex Normals: (4538, 3)
Num Face Normals: (9072, 3)
Num Vertex UV: (4538, 2)

Begin thicken cloth...
Num Vertices: (64, 3)
Num Faces: (90, 3)
Num Vertex Normals: (64, 3)
Num Face Normals: (90, 3)
Num Vertex UV: (64, 2)

Begin subdivide cloth...
Num Vertices: (128, 3)
Num Faces: (252, 3)
Num Vertex Normals: (128, 3)
Num Face Normals: (252, 3)
Num Vertex UV: (128, 2)

Begin subdivide cloth...
Num Vertices: (758, 3)
Num Faces: (1512, 3)
Num Vertex Normals: (758, 3)
Num Face Normals: (1512, 3)
Num Vertex UV: (758, 2)

Num Vertices: (4538, 3)
Num Faces: (9072, 3)
Num Vertex Normals: (4538, 3)
Num Face Normals: (9072, 3)
Num Vertex UV: (4538, 2)

Begin thicken cloth...
Num Vertices: (64, 3)
Num Faces: (90, 3)
Num Vertex Normals: (64, 3)
Num Face Normals: (90, 3)
Num Vertex UV: (64, 2)

Begin subdivide cloth...
Num Vertices: (128, 3)
Num Faces: (252, 3)
Num Vertex Normals: (128, 3)
Num Face Normals: (252, 3)
Num Vertex UV: (128, 2)

Begin subdivide cloth...
Num Vertices: (758, 3)
Num Faces: (1512, 3)
Num Vertex Normals: (758, 3)
Num Face Normals: (1512, 3)
Num Vertex UV: (758, 2)

Num Vertices: (4538, 3)
Num Faces: (9072, 3)
Num Vertex Normals: (4538, 3)
Num Face Normals: (9072, 3)
Num Vertex UV: (4538, 2)

Begin thicken cloth...
Num Vertices: (64, 3)
Num Faces: (90, 3)
Num Vertex Normals: (64, 3)
Num Face Normals: (90, 3)
Num Vertex UV: (64, 2)

Begin subdivide cloth...
Num Vertices: (128, 3)
Num Faces: (252, 3)
Num Vertex Normals: (128, 3)
Num Face Normals: (252, 3)
Num Vertex UV: (128, 2)

Begin subdivide cloth...
Num Vertices: (758, 3)
Num Faces: (1512, 3)
Num Vertex Normals: (758, 3)
Num Face Normals: (1512, 3)
Num Vertex UV: (758, 2)

Num Vertices: (4538, 3)
Num Faces: (9072, 3)
Num Vertex Normals: (4538, 3)
Num Face Normals: (9072, 3)
Num Vertex UV: (4538, 2)

Begin thicken cloth...
Num Vertices: (64, 3)
Num Faces: (90, 3)
Num Vertex Normals: (64, 3)
Num Face Normals: (90, 3)
Num Vertex UV: (64, 2)

Begin subdivide cloth...
Num Vertices: (128, 3)
Num Faces: (252, 3)
Num Vertex Normals: (128, 3)
Num Face Normals: (252, 3)
Num Vertex UV: (128, 2)

Begin subdivide cloth...
Num Vertices: (758, 3)
Num Faces: (1512, 3)
Num Vertex Normals: (758, 3)
Num Face Normals: (1512, 3)
Num Vertex UV: (758, 2)

Num Vertices: (4538, 3)
Num Faces: (9072, 3)
Num Vertex Normals: (4538, 3)
Num Face Normals: (9072, 3)
Num Vertex UV: (4538, 2)

Begin thicken cloth...
Num Vertices: (64, 3)
Num Faces: (90, 3)
Num Vertex Normals: (64, 3)
Num Face Normals: (90, 3)
Num Vertex UV: (64, 2)

Begin subdivide cloth...
Num Vertices: (128, 3)
Num Faces: (252, 3)
Num Vertex Normals: (128, 3)
Num Face Normals: (252, 3)
Num Vertex UV: (128, 2)

Begin subdivide cloth...
Num Vertices: (758, 3)
Num Faces: (1512, 3)
Num Vertex Normals: (758, 3)
Num Face Normals: (1512, 3)
Num Vertex UV: (758, 2)

Num Vertices: (4538, 3)
Num Faces: (9072, 3)
Num Vertex Normals: (4538, 3)
Num Face Normals: (9072, 3)
Num Vertex UV: (4538, 2)

Begin thicken cloth...
Num Vertices: (64, 3)
Num Faces: (90, 3)
Num Vertex Normals: (64, 3)
Num Face Normals: (90, 3)
Num Vertex UV: (64, 2)

Begin subdivide cloth...
Num Vertices: (128, 3)
Num Faces: (252, 3)
Num Vertex Normals: (128, 3)
Num Face Normals: (252, 3)
Num Vertex UV: (128, 2)

Begin subdivide cloth...
Num Vertices: (758, 3)
Num Faces: (1512, 3)
Num Vertex Normals: (758, 3)
Num Face Normals: (1512, 3)
Num Vertex UV: (758, 2)

Num Vertices: (4538, 3)
Num Faces: (9072, 3)
Num Vertex Normals: (4538, 3)
Num Face Normals: (9072, 3)
Num Vertex UV: (4538, 2)

Begin thicken cloth...
Num Vertices: (64, 3)
Num Faces: (90, 3)
Num Vertex Normals: (64, 3)
Num Face Normals: (90, 3)
Num Vertex UV: (64, 2)

Begin subdivide cloth...
Num Vertices: (128, 3)
Num Faces: (252, 3)
Num Vertex Normals: (128, 3)
Num Face Normals: (252, 3)
Num Vertex UV: (128, 2)

Begin subdivide cloth...
Num Vertices: (758, 3)
Num Faces: (1512, 3)
Num Vertex Normals: (758, 3)
Num Face Normals: (1512, 3)
Num Vertex UV: (758, 2)

Num Vertices: (4538, 3)
Num Faces: (9072, 3)
Num Vertex Normals: (4538, 3)
Num Face Normals: (9072, 3)
Num Vertex UV: (4538, 2)

Begin thicken cloth...
Num Vertices: (64, 3)
Num Faces: (90, 3)
Num Vertex Normals: (64, 3)
Num Face Normals: (90, 3)
Num Vertex UV: (64, 2)

Begin subdivide cloth...
Num Vertices: (128, 3)
Num Faces: (252, 3)
Num Vertex Normals: (128, 3)
Num Face Normals: (252, 3)
Num Vertex UV: (128, 2)

Begin subdivide cloth...
Num Vertices: (758, 3)
Num Faces: (1512, 3)
Num Vertex Normals: (758, 3)
Num Face Normals: (1512, 3)
Num Vertex UV: (758, 2)

Num Vertices: (4538, 3)
Num Faces: (9072, 3)
Num Vertex Normals: (4538, 3)
Num Face Normals: (9072, 3)
Num Vertex UV: (4538, 2)

Begin thicken cloth...
Num Vertices: (64, 3)
Num Faces: (90, 3)
Num Vertex Normals: (64, 3)
Num Face Normals: (90, 3)
Num Vertex UV: (64, 2)

Begin subdivide cloth...
Num Vertices: (128, 3)
Num Faces: (252, 3)
Num Vertex Normals: (128, 3)
Num Face Normals: (252, 3)
Num Vertex UV: (128, 2)

Begin subdivide cloth...
Num Vertices: (758, 3)
Num Faces: (1512, 3)
Num Vertex Normals: (758, 3)
Num Face Normals: (1512, 3)
Num Vertex UV: (758, 2)

Num Vertices: (4538, 3)
Num Faces: (9072, 3)
Num Vertex Normals: (4538, 3)
Num Face Normals: (9072, 3)
Num Vertex UV: (4538, 2)

Begin thicken cloth...
Num Vertices: (64, 3)
Num Faces: (90, 3)
Num Vertex Normals: (64, 3)
Num Face Normals: (90, 3)
Num Vertex UV: (64, 2)

Begin subdivide cloth...
Num Vertices: (128, 3)
Num Faces: (252, 3)
Num Vertex Normals: (128, 3)
Num Face Normals: (252, 3)
Num Vertex UV: (128, 2)

Begin subdivide cloth...
Num Vertices: (758, 3)
Num Faces: (1512, 3)
Num Vertex Normals: (758, 3)
Num Face Normals: (1512, 3)
Num Vertex UV: (758, 2)

Num Vertices: (4538, 3)
Num Faces: (9072, 3)
Num Vertex Normals: (4538, 3)
Num Face Normals: (9072, 3)
Num Vertex UV: (4538, 2)

Begin thicken cloth...
Num Vertices: (64, 3)
Num Faces: (90, 3)
Num Vertex Normals: (64, 3)
Num Face Normals: (90, 3)
Num Vertex UV: (64, 2)

Begin subdivide cloth...
Num Vertices: (128, 3)
Num Faces: (252, 3)
Num Vertex Normals: (128, 3)
Num Face Normals: (252, 3)
Num Vertex UV: (128, 2)

Begin subdivide cloth...
Num Vertices: (758, 3)
Num Faces: (1512, 3)
Num Vertex Normals: (758, 3)
Num Face Normals: (1512, 3)
Num Vertex UV: (758, 2)

Num Vertices: (4538, 3)
Num Faces: (9072, 3)
Num Vertex Normals: (4538, 3)
Num Face Normals: (9072, 3)
Num Vertex UV: (4538, 2)

Begin thicken cloth...
Num Vertices: (64, 3)
Num Faces: (90, 3)
Num Vertex Normals: (64, 3)
Num Face Normals: (90, 3)
Num Vertex UV: (64, 2)

Begin subdivide cloth...
Num Vertices: (128, 3)
Num Faces: (252, 3)
Num Vertex Normals: (128, 3)
Num Face Normals: (252, 3)
Num Vertex UV: (128, 2)

Begin subdivide cloth...
Num Vertices: (758, 3)
Num Faces: (1512, 3)
Num Vertex Normals: (758, 3)
Num Face Normals: (1512, 3)
Num Vertex UV: (758, 2)

Num Vertices: (4538, 3)
Num Faces: (9072, 3)
Num Vertex Normals: (4538, 3)
Num Face Normals: (9072, 3)
Num Vertex UV: (4538, 2)

Begin thicken cloth...
Num Vertices: (64, 3)
Num Faces: (90, 3)
Num Vertex Normals: (64, 3)
Num Face Normals: (90, 3)
Num Vertex UV: (64, 2)

Begin subdivide cloth...
Num Vertices: (128, 3)
Num Faces: (252, 3)
Num Vertex Normals: (128, 3)
Num Face Normals: (252, 3)
Num Vertex UV: (128, 2)

Begin subdivide cloth...
Num Vertices: (758, 3)
Num Faces: (1512, 3)
Num Vertex Normals: (758, 3)
Num Face Normals: (1512, 3)
Num Vertex UV: (758, 2)

Num Vertices: (4538, 3)
Num Faces: (9072, 3)
Num Vertex Normals: (4538, 3)
Num Face Normals: (9072, 3)
Num Vertex UV: (4538, 2)

Begin thicken cloth...
Num Vertices: (64, 3)
Num Faces: (90, 3)
Num Vertex Normals: (64, 3)
Num Face Normals: (90, 3)
Num Vertex UV: (64, 2)

Begin subdivide cloth...
Num Vertices: (128, 3)
Num Faces: (252, 3)
Num Vertex Normals: (128, 3)
Num Face Normals: (252, 3)
Num Vertex UV: (128, 2)

Begin subdivide cloth...
Num Vertices: (758, 3)
Num Faces: (1512, 3)
Num Vertex Normals: (758, 3)
Num Face Normals: (1512, 3)
Num Vertex UV: (758, 2)

Num Vertices: (4538, 3)
Num Faces: (9072, 3)
Num Vertex Normals: (4538, 3)
Num Face Normals: (9072, 3)
Num Vertex UV: (4538, 2)

Begin thicken cloth...
Num Vertices: (64, 3)
Num Faces: (90, 3)
Num Vertex Normals: (64, 3)
Num Face Normals: (90, 3)
Num Vertex UV: (64, 2)

Begin subdivide cloth...
Num Vertices: (128, 3)
Num Faces: (252, 3)
Num Vertex Normals: (128, 3)
Num Face Normals: (252, 3)
Num Vertex UV: (128, 2)

Begin subdivide cloth...
Num Vertices: (758, 3)
Num Faces: (1512, 3)
Num Vertex Normals: (758, 3)
Num Face Normals: (1512, 3)
Num Vertex UV: (758, 2)

Num Vertices: (4538, 3)
Num Faces: (9072, 3)
Num Vertex Normals: (4538, 3)
Num Face Normals: (9072, 3)
Num Vertex UV: (4538, 2)

Begin thicken cloth...
Num Vertices: (64, 3)
Num Faces: (90, 3)
Num Vertex Normals: (64, 3)
Num Face Normals: (90, 3)
Num Vertex UV: (64, 2)

Begin subdivide cloth...
Num Vertices: (128, 3)
Num Faces: (252, 3)
Num Vertex Normals: (128, 3)
Num Face Normals: (252, 3)
Num Vertex UV: (128, 2)

Begin subdivide cloth...
Num Vertices: (758, 3)
Num Faces: (1512, 3)
Num Vertex Normals: (758, 3)
Num Face Normals: (1512, 3)
Num Vertex UV: (758, 2)

Num Vertices: (4538, 3)
Num Faces: (9072, 3)
Num Vertex Normals: (4538, 3)
Num Face Normals: (9072, 3)
Num Vertex UV: (4538, 2)

Begin thicken cloth...
Num Vertices: (64, 3)
Num Faces: (90, 3)
Num Vertex Normals: (64, 3)
Num Face Normals: (90, 3)
Num Vertex UV: (64, 2)

Begin subdivide cloth...
Num Vertices: (128, 3)
Num Faces: (252, 3)
Num Vertex Normals: (128, 3)
Num Face Normals: (252, 3)
Num Vertex UV: (128, 2)

Begin subdivide cloth...
Num Vertices: (758, 3)
Num Faces: (1512, 3)
Num Vertex Normals: (758, 3)
Num Face Normals: (1512, 3)
Num Vertex UV: (758, 2)

Num Vertices: (4538, 3)
Num Faces: (9072, 3)
Num Vertex Normals: (4538, 3)
Num Face Normals: (9072, 3)
Num Vertex UV: (4538, 2)

Begin thicken cloth...
Num Vertices: (64, 3)
Num Faces: (90, 3)
Num Vertex Normals: (64, 3)
Num Face Normals: (90, 3)
Num Vertex UV: (64, 2)

Begin subdivide cloth...
Num Vertices: (128, 3)
Num Faces: (252, 3)
Num Vertex Normals: (128, 3)
Num Face Normals: (252, 3)
Num Vertex UV: (128, 2)

Begin subdivide cloth...
Num Vertices: (758, 3)
Num Faces: (1512, 3)
Num Vertex Normals: (758, 3)
Num Face Normals: (1512, 3)
Num Vertex UV: (758, 2)

Num Vertices: (4538, 3)
Num Faces: (9072, 3)
Num Vertex Normals: (4538, 3)
Num Face Normals: (9072, 3)
Num Vertex UV: (4538, 2)

Begin thicken cloth...
Num Vertices: (64, 3)
Num Faces: (90, 3)
Num Vertex Normals: (64, 3)
Num Face Normals: (90, 3)
Num Vertex UV: (64, 2)

Begin subdivide cloth...
Num Vertices: (128, 3)
Num Faces: (252, 3)
Num Vertex Normals: (128, 3)
Num Face Normals: (252, 3)
Num Vertex UV: (128, 2)

Begin subdivide cloth...
Num Vertices: (758, 3)
Num Faces: (1512, 3)
Num Vertex Normals: (758, 3)
Num Face Normals: (1512, 3)
Num Vertex UV: (758, 2)

Num Vertices: (4538, 3)
Num Faces: (9072, 3)
Num Vertex Normals: (4538, 3)
Num Face Normals: (9072, 3)
Num Vertex UV: (4538, 2)

Begin thicken cloth...
Num Vertices: (64, 3)
Num Faces: (90, 3)
Num Vertex Normals: (64, 3)
Num Face Normals: (90, 3)
Num Vertex UV: (64, 2)

Begin subdivide cloth...
Num Vertices: (128, 3)
Num Faces: (252, 3)
Num Vertex Normals: (128, 3)
Num Face Normals: (252, 3)
Num Vertex UV: (128, 2)

Begin subdivide cloth...
Num Vertices: (758, 3)
Num Faces: (1512, 3)
Num Vertex Normals: (758, 3)
Num Face Normals: (1512, 3)
Num Vertex UV: (758, 2)

Num Vertices: (4538, 3)
Num Faces: (9072, 3)
Num Vertex Normals: (4538, 3)
Num Face Normals: (9072, 3)
Num Vertex UV: (4538, 2)

Begin thicken cloth...
Num Vertices: (64, 3)
Num Faces: (90, 3)
Num Vertex Normals: (64, 3)
Num Face Normals: (90, 3)
Num Vertex UV: (64, 2)

Begin subdivide cloth...
Num Vertices: (128, 3)
Num Faces: (252, 3)
Num Vertex Normals: (128, 3)
Num Face Normals: (252, 3)
Num Vertex UV: (128, 2)

Begin subdivide cloth...
Num Vertices: (758, 3)
Num Faces: (1512, 3)
Num Vertex Normals: (758, 3)
Num Face Normals: (1512, 3)
Num Vertex UV: (758, 2)

Num Vertices: (4538, 3)
Num Faces: (9072, 3)
Num Vertex Normals: (4538, 3)
Num Face Normals: (9072, 3)
Num Vertex UV: (4538, 2)

Begin thicken cloth...
Num Vertices: (64, 3)
Num Faces: (90, 3)
Num Vertex Normals: (64, 3)
Num Face Normals: (90, 3)
Num Vertex UV: (64, 2)

Begin subdivide cloth...
Num Vertices: (128, 3)
Num Faces: (252, 3)
Num Vertex Normals: (128, 3)
Num Face Normals: (252, 3)
Num Vertex UV: (128, 2)

Begin subdivide cloth...
Num Vertices: (758, 3)
Num Faces: (1512, 3)
Num Vertex Normals: (758, 3)
Num Face Normals: (1512, 3)
Num Vertex UV: (758, 2)

Num Vertices: (4538, 3)
Num Faces: (9072, 3)
Num Vertex Normals: (4538, 3)
Num Face Normals: (9072, 3)
Num Vertex UV: (4538, 2)

Begin thicken cloth...
Num Vertices: (64, 3)
Num Faces: (90, 3)
Num Vertex Normals: (64, 3)
Num Face Normals: (90, 3)
Num Vertex UV: (64, 2)

Begin subdivide cloth...
Num Vertices: (128, 3)
Num Faces: (252, 3)
Num Vertex Normals: (128, 3)
Num Face Normals: (252, 3)
Num Vertex UV: (128, 2)

Begin subdivide cloth...
Num Vertices: (758, 3)
Num Faces: (1512, 3)
Num Vertex Normals: (758, 3)
Num Face Normals: (1512, 3)
Num Vertex UV: (758, 2)

Num Vertices: (4538, 3)
Num Faces: (9072, 3)
Num Vertex Normals: (4538, 3)
Num Face Normals: (9072, 3)
Num Vertex UV: (4538, 2)

Begin thicken cloth...
Num Vertices: (64, 3)
Num Faces: (90, 3)
Num Vertex Normals: (64, 3)
Num Face Normals: (90, 3)
Num Vertex UV: (64, 2)

Begin subdivide cloth...
Num Vertices: (128, 3)
Num Faces: (252, 3)
Num Vertex Normals: (128, 3)
Num Face Normals: (252, 3)
Num Vertex UV: (128, 2)

Begin subdivide cloth...
Num Vertices: (758, 3)
Num Faces: (1512, 3)
Num Vertex Normals: (758, 3)
Num Face Normals: (1512, 3)
Num Vertex UV: (758, 2)

Num Vertices: (4538, 3)
Num Faces: (9072, 3)
Num Vertex Normals: (4538, 3)
Num Face Normals: (9072, 3)
Num Vertex UV: (4538, 2)

Begin thicken cloth...
Num Vertices: (64, 3)
Num Faces: (90, 3)
Num Vertex Normals: (64, 3)
Num Face Normals: (90, 3)
Num Vertex UV: (64, 2)

Begin subdivide cloth...
Num Vertices: (128, 3)
Num Faces: (252, 3)
Num Vertex Normals: (128, 3)
Num Face Normals: (252, 3)
Num Vertex UV: (128, 2)

Begin subdivide cloth...
Num Vertices: (758, 3)
Num Faces: (1512, 3)
Num Vertex Normals: (758, 3)
Num Face Normals: (1512, 3)
Num Vertex UV: (758, 2)

Num Vertices: (4538, 3)
Num Faces: (9072, 3)
Num Vertex Normals: (4538, 3)
Num Face Normals: (9072, 3)
Num Vertex UV: (4538, 2)

Begin thicken cloth...
Num Vertices: (64, 3)
Num Faces: (90, 3)
Num Vertex Normals: (64, 3)
Num Face Normals: (90, 3)
Num Vertex UV: (64, 2)

Begin subdivide cloth...
Num Vertices: (128, 3)
Num Faces: (252, 3)
Num Vertex Normals: (128, 3)
Num Face Normals: (252, 3)
Num Vertex UV: (128, 2)

Begin subdivide cloth...
Num Vertices: (758, 3)
Num Faces: (1512, 3)
Num Vertex Normals: (758, 3)
Num Face Normals: (1512, 3)
Num Vertex UV: (758, 2)

Num Vertices: (4538, 3)
Num Faces: (9072, 3)
Num Vertex Normals: (4538, 3)
Num Face Normals: (9072, 3)
Num Vertex UV: (4538, 2)

Begin thicken cloth...
Num Vertices: (64, 3)
Num Faces: (90, 3)
Num Vertex Normals: (64, 3)
Num Face Normals: (90, 3)
Num Vertex UV: (64, 2)

Begin subdivide cloth...
Num Vertices: (128, 3)
Num Faces: (252, 3)
Num Vertex Normals: (128, 3)
Num Face Normals: (252, 3)
Num Vertex UV: (128, 2)

Begin subdivide cloth...
Num Vertices: (758, 3)
Num Faces: (1512, 3)
Num Vertex Normals: (758, 3)
Num Face Normals: (1512, 3)
Num Vertex UV: (758, 2)

Num Vertices: (4538, 3)
Num Faces: (9072, 3)
Num Vertex Normals: (4538, 3)
Num Face Normals: (9072, 3)
Num Vertex UV: (4538, 2)

Begin thicken cloth...
Num Vertices: (64, 3)
Num Faces: (90, 3)
Num Vertex Normals: (64, 3)
Num Face Normals: (90, 3)
Num Vertex UV: (64, 2)

Begin subdivide cloth...
Num Vertices: (128, 3)
Num Faces: (252, 3)
Num Vertex Normals: (128, 3)
Num Face Normals: (252, 3)
Num Vertex UV: (128, 2)

Begin subdivide cloth...
Num Vertices: (758, 3)
Num Faces: (1512, 3)
Num Vertex Normals: (758, 3)
Num Face Normals: (1512, 3)
Num Vertex UV: (758, 2)

Num Vertices: (4538, 3)
Num Faces: (9072, 3)
Num Vertex Normals: (4538, 3)
Num Face Normals: (9072, 3)
Num Vertex UV: (4538, 2)

Begin thicken cloth...
Num Vertices: (64, 3)
Num Faces: (90, 3)
Num Vertex Normals: (64, 3)
Num Face Normals: (90, 3)
Num Vertex UV: (64, 2)

Begin subdivide cloth...
Num Vertices: (128, 3)
Num Faces: (252, 3)
Num Vertex Normals: (128, 3)
Num Face Normals: (252, 3)
Num Vertex UV: (128, 2)

Begin subdivide cloth...
Num Vertices: (758, 3)
Num Faces: (1512, 3)
Num Vertex Normals: (758, 3)
Num Face Normals: (1512, 3)
Num Vertex UV: (758, 2)

Num Vertices: (4538, 3)
Num Faces: (9072, 3)
Num Vertex Normals: (4538, 3)
Num Face Normals: (9072, 3)
Num Vertex UV: (4538, 2)

Begin thicken cloth...
Num Vertices: (64, 3)
Num Faces: (90, 3)
Num Vertex Normals: (64, 3)
Num Face Normals: (90, 3)
Num Vertex UV: (64, 2)

Begin subdivide cloth...
Num Vertices: (128, 3)
Num Faces: (252, 3)
Num Vertex Normals: (128, 3)
Num Face Normals: (252, 3)
Num Vertex UV: (128, 2)

Begin subdivide cloth...
Num Vertices: (758, 3)
Num Faces: (1512, 3)
Num Vertex Normals: (758, 3)
Num Face Normals: (1512, 3)
Num Vertex UV: (758, 2)

Num Vertices: (4538, 3)
Num Faces: (9072, 3)
Num Vertex Normals: (4538, 3)
Num Face Normals: (9072, 3)
Num Vertex UV: (4538, 2)

Begin thicken cloth...
Num Vertices: (64, 3)
Num Faces: (90, 3)
Num Vertex Normals: (64, 3)
Num Face Normals: (90, 3)
Num Vertex UV: (64, 2)

Begin subdivide cloth...
Num Vertices: (128, 3)
Num Faces: (252, 3)
Num Vertex Normals: (128, 3)
Num Face Normals: (252, 3)
Num Vertex UV: (128, 2)

Begin subdivide cloth...
Num Vertices: (758, 3)
Num Faces: (1512, 3)
Num Vertex Normals: (758, 3)
Num Face Normals: (1512, 3)
Num Vertex UV: (758, 2)

Num Vertices: (4538, 3)
Num Faces: (9072, 3)
Num Vertex Normals: (4538, 3)
Num Face Normals: (9072, 3)
Num Vertex UV: (4538, 2)

Begin thicken cloth...
Num Vertices: (64, 3)
Num Faces: (90, 3)
Num Vertex Normals: (64, 3)
Num Face Normals: (90, 3)
Num Vertex UV: (64, 2)

Begin subdivide cloth...
Num Vertices: (128, 3)
Num Faces: (252, 3)
Num Vertex Normals: (128, 3)
Num Face Normals: (252, 3)
Num Vertex UV: (128, 2)

Begin subdivide cloth...
Num Vertices: (758, 3)
Num Faces: (1512, 3)
Num Vertex Normals: (758, 3)
Num Face Normals: (1512, 3)
Num Vertex UV: (758, 2)

Num Vertices: (4538, 3)
Num Faces: (9072, 3)
Num Vertex Normals: (4538, 3)
Num Face Normals: (9072, 3)
Num Vertex UV: (4538, 2)

Begin thicken cloth...
Num Vertices: (64, 3)
Num Faces: (90, 3)
Num Vertex Normals: (64, 3)
Num Face Normals: (90, 3)
Num Vertex UV: (64, 2)

Begin subdivide cloth...
Num Vertices: (128, 3)
Num Faces: (252, 3)
Num Vertex Normals: (128, 3)
Num Face Normals: (252, 3)
Num Vertex UV: (128, 2)

Begin subdivide cloth...
Num Vertices: (758, 3)
Num Faces: (1512, 3)
Num Vertex Normals: (758, 3)
Num Face Normals: (1512, 3)
Num Vertex UV: (758, 2)

Num Vertices: (4538, 3)
Num Faces: (9072, 3)
Num Vertex Normals: (4538, 3)
Num Face Normals: (9072, 3)
Num Vertex UV: (4538, 2)

Begin thicken cloth...
Num Vertices: (64, 3)
Num Faces: (90, 3)
Num Vertex Normals: (64, 3)
Num Face Normals: (90, 3)
Num Vertex UV: (64, 2)

Begin subdivide cloth...
Num Vertices: (128, 3)
Num Faces: (252, 3)
Num Vertex Normals: (128, 3)
Num Face Normals: (252, 3)
Num Vertex UV: (128, 2)

Begin subdivide cloth...
Num Vertices: (758, 3)
Num Faces: (1512, 3)
Num Vertex Normals: (758, 3)
Num Face Normals: (1512, 3)
Num Vertex UV: (758, 2)

Num Vertices: (4538, 3)
Num Faces: (9072, 3)
Num Vertex Normals: (4538, 3)
Num Face Normals: (9072, 3)
Num Vertex UV: (4538, 2)

Begin thicken cloth...
Num Vertices: (64, 3)
Num Faces: (90, 3)
Num Vertex Normals: (64, 3)
Num Face Normals: (90, 3)
Num Vertex UV: (64, 2)

Begin subdivide cloth...
Num Vertices: (128, 3)
Num Faces: (252, 3)
Num Vertex Normals: (128, 3)
Num Face Normals: (252, 3)
Num Vertex UV: (128, 2)

Begin subdivide cloth...
Num Vertices: (758, 3)
Num Faces: (1512, 3)
Num Vertex Normals: (758, 3)
Num Face Normals: (1512, 3)
Num Vertex UV: (758, 2)

Num Vertices: (4538, 3)
Num Faces: (9072, 3)
Num Vertex Normals: (4538, 3)
Num Face Normals: (9072, 3)
Num Vertex UV: (4538, 2)

Begin thicken cloth...
Num Vertices: (64, 3)
Num Faces: (90, 3)
Num Vertex Normals: (64, 3)
Num Face Normals: (90, 3)
Num Vertex UV: (64, 2)

Begin subdivide cloth...
Num Vertices: (128, 3)
Num Faces: (252, 3)
Num Vertex Normals: (128, 3)
Num Face Normals: (252, 3)
Num Vertex UV: (128, 2)

Begin subdivide cloth...
Num Vertices: (758, 3)
Num Faces: (1512, 3)
Num Vertex Normals: (758, 3)
Num Face Normals: (1512, 3)
Num Vertex UV: (758, 2)

Num Vertices: (4538, 3)
Num Faces: (9072, 3)
Num Vertex Normals: (4538, 3)
Num Face Normals: (9072, 3)
Num Vertex UV: (4538, 2)

Begin thicken cloth...
Num Vertices: (64, 3)
Num Faces: (90, 3)
Num Vertex Normals: (64, 3)
Num Face Normals: (90, 3)
Num Vertex UV: (64, 2)

Begin subdivide cloth...
Num Vertices: (128, 3)
Num Faces: (252, 3)
Num Vertex Normals: (128, 3)
Num Face Normals: (252, 3)
Num Vertex UV: (128, 2)

Begin subdivide cloth...
Num Vertices: (758, 3)
Num Faces: (1512, 3)
Num Vertex Normals: (758, 3)
Num Face Normals: (1512, 3)
Num Vertex UV: (758, 2)

Num Vertices: (4538, 3)
Num Faces: (9072, 3)
Num Vertex Normals: (4538, 3)
Num Face Normals: (9072, 3)
Num Vertex UV: (4538, 2)

Begin thicken cloth...
Num Vertices: (64, 3)
Num Faces: (90, 3)
Num Vertex Normals: (64, 3)
Num Face Normals: (90, 3)
Num Vertex UV: (64, 2)

Begin subdivide cloth...
Num Vertices: (128, 3)
Num Faces: (252, 3)
Num Vertex Normals: (128, 3)
Num Face Normals: (252, 3)
Num Vertex UV: (128, 2)

Begin subdivide cloth...
Num Vertices: (758, 3)
Num Faces: (1512, 3)
Num Vertex Normals: (758, 3)
Num Face Normals: (1512, 3)
Num Vertex UV: (758, 2)

Num Vertices: (4538, 3)
Num Faces: (9072, 3)
Num Vertex Normals: (4538, 3)
Num Face Normals: (9072, 3)
Num Vertex UV: (4538, 2)

Begin thicken cloth...
Num Vertices: (64, 3)
Num Faces: (90, 3)
Num Vertex Normals: (64, 3)
Num Face Normals: (90, 3)
Num Vertex UV: (64, 2)

Begin subdivide cloth...
Num Vertices: (128, 3)
Num Faces: (252, 3)
Num Vertex Normals: (128, 3)
Num Face Normals: (252, 3)
Num Vertex UV: (128, 2)

Begin subdivide cloth...
Num Vertices: (758, 3)
Num Faces: (1512, 3)
Num Vertex Normals: (758, 3)
Num Face Normals: (1512, 3)
Num Vertex UV: (758, 2)

Num Vertices: (4538, 3)
Num Faces: (9072, 3)
Num Vertex Normals: (4538, 3)
Num Face Normals: (9072, 3)
Num Vertex UV: (4538, 2)

Begin thicken cloth...
Num Vertices: (64, 3)
Num Faces: (90, 3)
Num Vertex Normals: (64, 3)
Num Face Normals: (90, 3)
Num Vertex UV: (64, 2)

Begin subdivide cloth...
Num Vertices: (128, 3)
Num Faces: (252, 3)
Num Vertex Normals: (128, 3)
Num Face Normals: (252, 3)
Num Vertex UV: (128, 2)

Begin subdivide cloth...
Num Vertices: (758, 3)
Num Faces: (1512, 3)
Num Vertex Normals: (758, 3)
Num Face Normals: (1512, 3)
Num Vertex UV: (758, 2)

Num Vertices: (4538, 3)
Num Faces: (9072, 3)
Num Vertex Normals: (4538, 3)
Num Face Normals: (9072, 3)
Num Vertex UV: (4538, 2)

Begin thicken cloth...
Num Vertices: (64, 3)
Num Faces: (90, 3)
Num Vertex Normals: (64, 3)
Num Face Normals: (90, 3)
Num Vertex UV: (64, 2)

Begin subdivide cloth...
Num Vertices: (128, 3)
Num Faces: (252, 3)
Num Vertex Normals: (128, 3)
Num Face Normals: (252, 3)
Num Vertex UV: (128, 2)

Begin subdivide cloth...
Num Vertices: (758, 3)
Num Faces: (1512, 3)
Num Vertex Normals: (758, 3)
Num Face Normals: (1512, 3)
Num Vertex UV: (758, 2)

Num Vertices: (4538, 3)
Num Faces: (9072, 3)
Num Vertex Normals: (4538, 3)
Num Face Normals: (9072, 3)
Num Vertex UV: (4538, 2)

Begin thicken cloth...
Num Vertices: (64, 3)
Num Faces: (90, 3)
Num Vertex Normals: (64, 3)
Num Face Normals: (90, 3)
Num Vertex UV: (64, 2)

Begin subdivide cloth...
Num Vertices: (128, 3)
Num Faces: (252, 3)
Num Vertex Normals: (128, 3)
Num Face Normals: (252, 3)
Num Vertex UV: (128, 2)

Begin subdivide cloth...
Num Vertices: (758, 3)
Num Faces: (1512, 3)
Num Vertex Normals: (758, 3)
Num Face Normals: (1512, 3)
Num Vertex UV: (758, 2)

Num Vertices: (4538, 3)
Num Faces: (9072, 3)
Num Vertex Normals: (4538, 3)
Num Face Normals: (9072, 3)
Num Vertex UV: (4538, 2)

Begin thicken cloth...
Num Vertices: (64, 3)
Num Faces: (90, 3)
Num Vertex Normals: (64, 3)
Num Face Normals: (90, 3)
Num Vertex UV: (64, 2)

Begin subdivide cloth...
Num Vertices: (128, 3)
Num Faces: (252, 3)
Num Vertex Normals: (128, 3)
Num Face Normals: (252, 3)
Num Vertex UV: (128, 2)

Begin subdivide cloth...
Num Vertices: (758, 3)
Num Faces: (1512, 3)
Num Vertex Normals: (758, 3)
Num Face Normals: (1512, 3)
Num Vertex UV: (758, 2)

Num Vertices: (4538, 3)
Num Faces: (9072, 3)
Num Vertex Normals: (4538, 3)
Num Face Normals: (9072, 3)
Num Vertex UV: (4538, 2)

Begin thicken cloth...
Num Vertices: (64, 3)
Num Faces: (90, 3)
Num Vertex Normals: (64, 3)
Num Face Normals: (90, 3)
Num Vertex UV: (64, 2)

Begin subdivide cloth...
Num Vertices: (128, 3)
Num Faces: (252, 3)
Num Vertex Normals: (128, 3)
Num Face Normals: (252, 3)
Num Vertex UV: (128, 2)

Begin subdivide cloth...
Num Vertices: (758, 3)
Num Faces: (1512, 3)
Num Vertex Normals: (758, 3)
Num Face Normals: (1512, 3)
Num Vertex UV: (758, 2)

Num Vertices: (4538, 3)
Num Faces: (9072, 3)
Num Vertex Normals: (4538, 3)
Num Face Normals: (9072, 3)
Num Vertex UV: (4538, 2)

tot_time: 19.514728784561157
total_reward: [-0.14546239221835044, -0.13838505937960255, -0.1352266721151425, -0.13047889818275427, -0.12487392737517156, -0.11904689209693742, -0.09953544562119343, -0.09511784154137759, -0.09215308576285852, -0.08896227580440175, -0.08649826904917401, -0.08476358412550788, -0.08242556964659387, -0.07852034797157592, -0.07302239157840029, -0.0691573034271098, -0.06006754584716223, -0.0554937647819469, -0.05549376487094193, -0.05549376478796764, -0.05549376479043033, -0.05549376488615243, -0.0554937649057905, -0.055493764903918, -0.055493764924425815, -0.055493764886368924, -0.0554937648905891, -0.05549376477431567, -0.05549376481032753, -0.055493764859747996, -0.05549376482129098, -0.05549376478399837, -0.055493764843109084, -0.055493764902007525, -0.055493764852670324, -0.05549376480484858, -0.0554937648641447, -0.055493764828934644, -0.05549376487801094, -0.05549376485962387, -0.05549376482777735, -0.05549376480472601, -0.0554937648465752, -0.05549376481332602, -0.05549376483096147, -0.05549376485712565, -0.05549376482492785, -0.05549376483526358, -0.05549376491401814, -0.05549376487433433, -0.05549376489406099, -0.05549376487650437, -0.05549376494921732, -0.0554937648169509, -0.05549376482783752, -0.05549376496211611, -0.055493764882016405, -0.055493764835524706, -0.05549376483388668, -0.055493764907425414, -0.05549376486630364, -0.05549376480524626, -0.055493764877854845, -0.05549376488250002, -0.05549376490373059, -0.05549376478217938, -0.05549376482967383, -0.055493764876919593, -0.055493764808587365, -0.05549376486343949, -0.05549376480665291, -0.055493764853135064, -0.05549376485099278, -0.05549376485514723, -0.055493764914089194, -0.055493764779582344, -0.055493764910117926, -0.05549376484690849, -0.055493764853735916, -0.059436026487912574, -0.06068882665557629, -0.06013027536345428, -0.059606818892065316, -0.05948292018489387, -0.05549376484395796, -0.055493764832401205, -0.05549376488346747, -0.06470009057494464, -0.06560211076451083, -0.06358219851756286, -0.06023991300171061, -0.059871552720526244, -0.0600500404107871, -0.0613973589811847, -0.05699002770188222, -0.05549376488240543, -0.055493764828149716, -0.05549376482349522, -0.05549376491152014, -0.05549376481008195, -0.0554937648011995, -0.0554937648156022, -0.05549376481078139, -0.0554937648569469, -0.055493764831065384, -0.055493764853754124, -0.055493764767965414, -0.05549376489476843, -0.05549376487770319, -0.05549376476216805, -0.05549376478033796, -0.05549376476464429, -0.05549376486132185, -0.05549376486322588, -0.05549376494407232, -0.05549376481487012, -0.32090074654908474, -0.05549376480069701, -0.05549376487447155, -0.055493764823467684, -0.05549376477269541]
Export to file: ../imgs/traj_opt_fold_14/scene_0.luisa
Export finished.
Export to file: ../imgs/traj_opt_fold_14/scene_1.luisa
Export finished.
Export to file: ../imgs/traj_opt_fold_14/scene_2.luisa
Export finished.
Export to file: ../imgs/traj_opt_fold_14/scene_3.luisa
Export finished.
Export to file: ../imgs/traj_opt_fold_14/scene_4.luisa
Export finished.
Export to file: ../imgs/traj_opt_fold_14/scene_5.luisa
Export finished.
Export to file: ../imgs/traj_opt_fold_14/scene_6.luisa
Export finished.
Export to file: ../imgs/traj_opt_fold_14/scene_7.luisa
Export finished.
Export to file: ../imgs/traj_opt_fold_14/scene_8.luisa
Export finished.
Export to file: ../imgs/traj_opt_fold_14/scene_9.luisa
Export finished.
Export to file: ../imgs/traj_opt_fold_14/scene_10.luisa
Export finished.
Export to file: ../imgs/traj_opt_fold_14/scene_11.luisa
Export finished.
Export to file: ../imgs/traj_opt_fold_14/scene_12.luisa
Export finished.
Export to file: ../imgs/traj_opt_fold_14/scene_13.luisa
Export finished.
Export to file: ../imgs/traj_opt_fold_14/scene_14.luisa
Export finished.
Export to file: ../imgs/traj_opt_fold_14/scene_15.luisa
Export finished.
Export to file: ../imgs/traj_opt_fold_14/scene_16.luisa
Export finished.
Export to file: ../imgs/traj_opt_fold_14/scene_17.luisa
Export finished.
Export to file: ../imgs/traj_opt_fold_14/scene_18.luisa
Export finished.
Export to file: ../imgs/traj_opt_fold_14/scene_19.luisa
Export finished.
Export to file: ../imgs/traj_opt_fold_14/scene_20.luisa
Export finished.
Export to file: ../imgs/traj_opt_fold_14/scene_21.luisa
Export finished.
Export to file: ../imgs/traj_opt_fold_14/scene_22.luisa
Export finished.
Export to file: ../imgs/traj_opt_fold_14/scene_23.luisa
Export finished.
Export to file: ../imgs/traj_opt_fold_14/scene_24.luisa
Export finished.
Export to file: ../imgs/traj_opt_fold_14/scene_25.luisa
Export finished.
Export to file: ../imgs/traj_opt_fold_14/scene_26.luisa
Export finished.
Export to file: ../imgs/traj_opt_fold_14/scene_27.luisa
Export finished.
Export to file: ../imgs/traj_opt_fold_14/scene_28.luisa
Export finished.
Export to file: ../imgs/traj_opt_fold_14/scene_29.luisa
Export finished.
Export to file: ../imgs/traj_opt_fold_14/scene_30.luisa
Export finished.
Export to file: ../imgs/traj_opt_fold_14/scene_31.luisa
Export finished.
Export to file: ../imgs/traj_opt_fold_14/scene_32.luisa
Export finished.
Export to file: ../imgs/traj_opt_fold_14/scene_33.luisa
Export finished.
Export to file: ../imgs/traj_opt_fold_14/scene_34.luisa
Export finished.
Export to file: ../imgs/traj_opt_fold_14/scene_35.luisa
Export finished.
Export to file: ../imgs/traj_opt_fold_14/scene_36.luisa
Export finished.
Export to file: ../imgs/traj_opt_fold_14/scene_37.luisa
Export finished.
Export to file: ../imgs/traj_opt_fold_14/scene_38.luisa
Export finished.
Export to file: ../imgs/traj_opt_fold_14/scene_39.luisa
Export finished.
Export to file: ../imgs/traj_opt_fold_14/scene_40.luisa
Export finished.
Export to file: ../imgs/traj_opt_fold_14/scene_41.luisa
Export finished.
Export to file: ../imgs/traj_opt_fold_14/scene_42.luisa
Export finished.
Export to file: ../imgs/traj_opt_fold_14/scene_43.luisa
Export finished.
Export to file: ../imgs/traj_opt_fold_14/scene_44.luisa
Export finished.
Export to file: ../imgs/traj_opt_fold_14/scene_45.luisa
Export finished.
Export to file: ../imgs/traj_opt_fold_14/scene_46.luisa
Export finished.
Export to file: ../imgs/traj_opt_fold_14/scene_47.luisa
Export finished.
Export to file: ../imgs/traj_opt_fold_14/scene_48.luisa
Export finished.
Export to file: ../imgs/traj_opt_fold_14/scene_49.luisa
Export finished.
[safeguard] restored best_traj.npy after export at iteration 120
[safeguard] restored plot_data.npy after export at iteration 120
done grad
