[Taichi] version 1.7.4, llvm 15.0.4, commit b4b956fd, linux, python 3.9.25
[Taichi] Starting on arch=cuda
tot node: 1209
[W 10/02/26 14:19:28.789 13459] TaichiWarning
While compiling `get_vertices_c208_0`, File "/root/ThinShellLab/code/engine/model_elastic_tactile.py", line 206, in get_vertices:
            self.F_vertices[i][0] = p[i, 0]
            ^^^^^^^^^^^^^^^^^^^^^^^^^^^^^^^
Assign may lose precision: i32 <- i64
[W 10/02/26 14:19:28.789 13459] TaichiWarning
While compiling `get_vertices_c208_0`, File "/root/ThinShellLab/code/engine/model_elastic_tactile.py", line 207, in get_vertices:
            self.F_vertices[i][1] = p[i, 1]
            ^^^^^^^^^^^^^^^^^^^^^^^^^^^^^^^
Assign may lose precision: i32 <- i64
[W 10/02/26 14:19:28.789 13459] TaichiWarning
While compiling `get_vertices_c208_0`, File "/root/ThinShellLab/code/engine/model_elastic_tactile.py", line 208, in get_vertices:
            self.F_vertices[i][2] = p[i, 2]
            ^^^^^^^^^^^^^^^^^^^^^^^^^^^^^^^
Assign may lose precision: i32 <- i64
[W 10/02/26 14:19:28.789 13459] TaichiWarning
While compiling `get_vertices_c208_0`, File "/root/ThinShellLab/code/engine/model_elastic_tactile.py", line 209, in get_vertices:
            self.F_vertices[i][3] = p[i, 3]
            ^^^^^^^^^^^^^^^^^^^^^^^^^^^^^^^
Assign may lose precision: i32 <- i64
[W 10/02/26 14:19:28.958 13459] TaichiWarning
While compiling `init_surface_indices_c216_0`, File "/root/ThinShellLab/code/engine/model_elastic_tactile.py", line 268, in init_surface_indices:
            self.f2v[i][0] = p[i, 0]
            ^^^^^^^^^^^^^^^^^^^^^^^^
Assign may lose precision: i32 <- i64
[W 10/02/26 14:19:28.958 13459] TaichiWarning
While compiling `init_surface_indices_c216_0`, File "/root/ThinShellLab/code/engine/model_elastic_tactile.py", line 269, in init_surface_indices:
            self.f2v[i][1] = p[i, 1]
            ^^^^^^^^^^^^^^^^^^^^^^^^
Assign may lose precision: i32 <- i64
[W 10/02/26 14:19:28.958 13459] TaichiWarning
While compiling `init_surface_indices_c216_0`, File "/root/ThinShellLab/code/engine/model_elastic_tactile.py", line 270, in init_surface_indices:
            self.f2v[i][2] = p[i, 2]
            ^^^^^^^^^^^^^^^^^^^^^^^^
Assign may lose precision: i32 <- i64
[W 10/02/26 14:19:29.016 13459] TaichiWarning
While compiling `get_vertices_c208_1`, File "/root/ThinShellLab/code/engine/model_elastic_tactile.py", line 206, in get_vertices:
            self.F_vertices[i][0] = p[i, 0]
            ^^^^^^^^^^^^^^^^^^^^^^^^^^^^^^^
Assign may lose precision: i32 <- i64
[W 10/02/26 14:19:29.016 13459] TaichiWarning
While compiling `get_vertices_c208_1`, File "/root/ThinShellLab/code/engine/model_elastic_tactile.py", line 207, in get_vertices:
            self.F_vertices[i][1] = p[i, 1]
            ^^^^^^^^^^^^^^^^^^^^^^^^^^^^^^^
Assign may lose precision: i32 <- i64
[W 10/02/26 14:19:29.016 13459] TaichiWarning
While compiling `get_vertices_c208_1`, File "/root/ThinShellLab/code/engine/model_elastic_tactile.py", line 208, in get_vertices:
            self.F_vertices[i][2] = p[i, 2]
            ^^^^^^^^^^^^^^^^^^^^^^^^^^^^^^^
Assign may lose precision: i32 <- i64
[W 10/02/26 14:19:29.016 13459] TaichiWarning
While compiling `get_vertices_c208_1`, File "/root/ThinShellLab/code/engine/model_elastic_tactile.py", line 209, in get_vertices:
            self.F_vertices[i][3] = p[i, 3]
            ^^^^^^^^^^^^^^^^^^^^^^^^^^^^^^^
Assign may lose precision: i32 <- i64
[W 10/02/26 14:19:29.182 13459] TaichiWarning
While compiling `init_surface_indices_c216_1`, File "/root/ThinShellLab/code/engine/model_elastic_tactile.py", line 268, in init_surface_indices:
            self.f2v[i][0] = p[i, 0]
            ^^^^^^^^^^^^^^^^^^^^^^^^
Assign may lose precision: i32 <- i64
[W 10/02/26 14:19:29.182 13459] TaichiWarning
While compiling `init_surface_indices_c216_1`, File "/root/ThinShellLab/code/engine/model_elastic_tactile.py", line 269, in init_surface_indices:
            self.f2v[i][1] = p[i, 1]
            ^^^^^^^^^^^^^^^^^^^^^^^^
Assign may lose precision: i32 <- i64
[W 10/02/26 14:19:29.182 13459] TaichiWarning
While compiling `init_surface_indices_c216_1`, File "/root/ThinShellLab/code/engine/model_elastic_tactile.py", line 270, in init_surface_indices:
            self.f2v[i][2] = p[i, 2]
            ^^^^^^^^^^^^^^^^^^^^^^^^
Assign may lose precision: i32 <- i64
[W 10/02/26 14:19:29.237 13459] TaichiWarning
While compiling `get_vertices_c208_2`, File "/root/ThinShellLab/code/engine/model_elastic_tactile.py", line 206, in get_vertices:
            self.F_vertices[i][0] = p[i, 0]
            ^^^^^^^^^^^^^^^^^^^^^^^^^^^^^^^
Assign may lose precision: i32 <- i64
[W 10/02/26 14:19:29.237 13459] TaichiWarning
While compiling `get_vertices_c208_2`, File "/root/ThinShellLab/code/engine/model_elastic_tactile.py", line 207, in get_vertices:
            self.F_vertices[i][1] = p[i, 1]
            ^^^^^^^^^^^^^^^^^^^^^^^^^^^^^^^
Assign may lose precision: i32 <- i64
[W 10/02/26 14:19:29.237 13459] TaichiWarning
While compiling `get_vertices_c208_2`, File "/root/ThinShellLab/code/engine/model_elastic_tactile.py", line 208, in get_vertices:
            self.F_vertices[i][2] = p[i, 2]
            ^^^^^^^^^^^^^^^^^^^^^^^^^^^^^^^
Assign may lose precision: i32 <- i64
[W 10/02/26 14:19:29.237 13459] TaichiWarning
While compiling `get_vertices_c208_2`, File "/root/ThinShellLab/code/engine/model_elastic_tactile.py", line 209, in get_vertices:
            self.F_vertices[i][3] = p[i, 3]
            ^^^^^^^^^^^^^^^^^^^^^^^^^^^^^^^
Assign may lose precision: i32 <- i64
[W 10/02/26 14:19:29.404 13459] TaichiWarning
While compiling `init_surface_indices_c216_2`, File "/root/ThinShellLab/code/engine/model_elastic_tactile.py", line 268, in init_surface_indices:
            self.f2v[i][0] = p[i, 0]
            ^^^^^^^^^^^^^^^^^^^^^^^^
Assign may lose precision: i32 <- i64
[W 10/02/26 14:19:29.404 13459] TaichiWarning
While compiling `init_surface_indices_c216_2`, File "/root/ThinShellLab/code/engine/model_elastic_tactile.py", line 269, in init_surface_indices:
            self.f2v[i][1] = p[i, 1]
            ^^^^^^^^^^^^^^^^^^^^^^^^
Assign may lose precision: i32 <- i64
[W 10/02/26 14:19:29.404 13459] TaichiWarning
While compiling `init_surface_indices_c216_2`, File "/root/ThinShellLab/code/engine/model_elastic_tactile.py", line 270, in init_surface_indices:
            self.f2v[i][2] = p[i, 2]
            ^^^^^^^^^^^^^^^^^^^^^^^^
Assign may lose precision: i32 <- i64
/root/venv_tsl/lib/python3.9/site-packages/taichi/ui/scene.py:460: DeprecationWarning: Instantiating ti.ui.Scene directly is deprecated, use the get_scene() function from a taichi.ui.Window object instead.
  warnings.warn(
Saving Path: ../imgs/traj_opt_lift_1
iter:  0
[W 10/02/26 14:19:31.164 13459] TaichiWarning
File "/root/venv_tsl/lib/python3.9/site-packages/taichi/ui/scene.py", line 66, in gen_normals_kernel_indexed:
        atomic_add(normals[i_a], n)
        ^^^^^^^^^^^^^^^^^^^^^^^^^^^
Atomic add may lose precision: f32 <- f64
[W 10/02/26 14:19:31.164 13459] TaichiWarning
File "/root/venv_tsl/lib/python3.9/site-packages/taichi/ui/scene.py", line 67, in gen_normals_kernel_indexed:
        atomic_add(normals[i_b], n)
        ^^^^^^^^^^^^^^^^^^^^^^^^^^^
Atomic add may lose precision: f32 <- f64
[W 10/02/26 14:19:31.164 13459] TaichiWarning
File "/root/venv_tsl/lib/python3.9/site-packages/taichi/ui/scene.py", line 68, in gen_normals_kernel_indexed:
        atomic_add(normals[i_c], n)
        ^^^^^^^^^^^^^^^^^^^^^^^^^^^
Atomic add may lose precision: f32 <- f64
[W 10/02/26 14:19:31.164 13459] TaichiWarning
File "/root/venv_tsl/lib/python3.9/site-packages/taichi/ui/scene.py", line 69, in gen_normals_kernel_indexed:
        atomic_add(weights[i_a], 1.0)
        ^^^^^^^^^^^^^^^^^^^^^^^^^^^^^
Atomic add may lose precision: f32 <- f64
[W 10/02/26 14:19:31.164 13459] TaichiWarning
File "/root/venv_tsl/lib/python3.9/site-packages/taichi/ui/scene.py", line 70, in gen_normals_kernel_indexed:
        atomic_add(weights[i_b], 1.0)
        ^^^^^^^^^^^^^^^^^^^^^^^^^^^^^
Atomic add may lose precision: f32 <- f64
[W 10/02/26 14:19:31.165 13459] TaichiWarning
File "/root/venv_tsl/lib/python3.9/site-packages/taichi/ui/scene.py", line 71, in gen_normals_kernel_indexed:
        atomic_add(weights[i_c], 1.0)
        ^^^^^^^^^^^^^^^^^^^^^^^^^^^^^
Atomic add may lose precision: f32 <- f64
[W 10/02/26 14:19:31.166 13459] TaichiWarning
While compiling `gen_normals_kernel_indexed_c78_0`, File "/root/venv_tsl/lib/python3.9/site-packages/taichi/ui/scene.py", line 56, in gen_normals_kernel_indexed:
        normals[i] = Vector([0.0, 0.0, 0.0])
        ^^^^^^^^^^^^^^^^^^^^^^^^^^^^^^^^^^^^
Assign may lose precision: f32 <- f64
[W 10/02/26 14:19:31.166 13459] TaichiWarning
While compiling `gen_normals_kernel_indexed_c78_0`, File "/root/venv_tsl/lib/python3.9/site-packages/taichi/ui/scene.py", line 57, in gen_normals_kernel_indexed:
        weights[i] = 0.0
        ^^^^^^^^^^^^^^^^
Assign may lose precision: f32 <- f64
[W 10/02/26 14:19:31.213 13459] TaichiWarning
While compiling `copy_all_to_vbo_c62_0`, File "/root/venv_tsl/lib/python3.9/site-packages/taichi/ui/staging_buffer.py", line 124, in copy_all_to_vbo:
                vbo[i][8:11] = color[i]
                ^^^^^^^^^^^^^^^^^^^^^^^
Assign may lose precision: f32 <- f64
[W 10/02/26 14:19:31.213 13459] TaichiWarning
While compiling `copy_all_to_vbo_c62_0`, File "/root/venv_tsl/lib/python3.9/site-packages/taichi/ui/staging_buffer.py", line 125, in copy_all_to_vbo:
                vbo[i][11] = 1.0
                ^^^^^^^^^^^^^^^^
Assign may lose precision: f32 <- f64
[I 10/02/26 14:19:31.287 13459] [swap_chain.cpp:dump_image_buffer@164] Dumping image buffer...
init time: 0.2624835968017578
contact time: 0.6215131282806396
tot contact: 29
contact analysis time: 0.14737391471862793
/root/ThinShellLab/code/engine/sparse_solver.py:103: VisibleDeprecationWarning: This function is deprecated and will be removed in a future release. Use the cupy.from_dlpack() array constructor instead.
  x = from_dlpack(spsolve(H, b).toDlpack())
solving time: 108.09037446975708 iter: 8
tot_time: 110.00773644447327
init time: 0.0003178119659423828
contact time: 0.0031278133392333984
tot contact: 26
contact analysis time: 0.0004856586456298828
solving time: 0.5254249572753906 iter: 10
tot_time: 110.54207301139832
init time: 0.00022292137145996094
contact time: 0.003257274627685547
tot contact: 23
contact analysis time: 0.00045752525329589844
solving time: 0.46701645851135254 iter: 9
tot_time: 111.01791977882385
init time: 0.00028395652770996094
contact time: 0.003394603729248047
tot contact: 26
contact analysis time: 0.0005195140838623047
solving time: 0.5819988250732422 iter: 11
tot_time: 111.60896301269531
init time: 0.00022983551025390625
contact time: 0.0036153793334960938
tot contact: 25
contact analysis time: 0.0004673004150390625
solving time: 0.628277063369751 iter: 12
tot_time: 112.24647545814514
init time: 0.00023365020751953125
contact time: 0.0035791397094726562
tot contact: 22
contact analysis time: 0.00045371055603027344
solving time: 0.6910586357116699 iter: 13
tot_time: 112.94675326347351
init time: 0.0003304481506347656
contact time: 0.0035247802734375
tot contact: 26
contact analysis time: 0.0005390644073486328
solving time: 0.9021918773651123 iter: 15
tot_time: 113.8583300113678
init time: 0.0002300739288330078
contact time: 0.003536701202392578
tot contact: 26
contact analysis time: 0.0004611015319824219
solving time: 0.9069318771362305 iter: 15
tot_time: 114.7744209766388
init time: 0.00030612945556640625
contact time: 0.003538370132446289
tot contact: 28
contact analysis time: 0.0005164146423339844
solving time: 0.9415116310119629 iter: 15
tot_time: 115.72526669502258
init time: 0.0002307891845703125
contact time: 0.003621339797973633
tot contact: 29
contact analysis time: 0.0004737377166748047
solving time: 0.93937087059021 iter: 15
tot_time: 116.673828125
init time: 0.0002257823944091797
contact time: 0.0036039352416992188
tot contact: 28
contact analysis time: 0.0004742145538330078
solving time: 0.9460783004760742 iter: 15
tot_time: 117.62914156913757
init time: 0.00023365020751953125
contact time: 0.003648996353149414
tot contact: 28
contact analysis time: 0.00044226646423339844
solving time: 0.9487066268920898 iter: 15
tot_time: 118.58702802658081
init time: 0.00022482872009277344
contact time: 0.0036437511444091797
tot contact: 28
contact analysis time: 0.00044274330139160156
solving time: 0.9423441886901855 iter: 15
tot_time: 119.53866839408875
init time: 0.00023317337036132812
contact time: 0.003751039505004883
tot contact: 29
contact analysis time: 0.0004787445068359375
solving time: 0.9447014331817627 iter: 15
tot_time: 120.4927613735199
init time: 0.00022149085998535156
contact time: 0.0037529468536376953
tot contact: 28
contact analysis time: 0.0004475116729736328
solving time: 0.9415173530578613 iter: 15
tot_time: 121.44365692138672
init time: 0.00023651123046875
contact time: 0.0035381317138671875
tot contact: 28
contact analysis time: 0.000469207763671875
solving time: 0.9358105659484863 iter: 15
tot_time: 122.38863778114319
init time: 0.00026297569274902344
contact time: 0.0037238597869873047
tot contact: 30
contact analysis time: 0.0004801750183105469
solving time: 0.9539074897766113 iter: 15
tot_time: 123.35196566581726
init time: 0.0002307891845703125
contact time: 0.0036830902099609375
tot contact: 32
contact analysis time: 0.00045037269592285156
solving time: 0.9531660079956055 iter: 15
tot_time: 124.31444025039673
init time: 0.00022983551025390625
contact time: 0.0036652088165283203
tot contact: 33
contact analysis time: 0.00045108795166015625
solving time: 0.970186710357666 iter: 15
tot_time: 125.29382085800171
init time: 0.00024819374084472656
contact time: 0.0037636756896972656
tot contact: 36
contact analysis time: 0.0004818439483642578
solving time: 0.9754500389099121 iter: 15
tot_time: 126.27872681617737
init time: 0.0002999305725097656
contact time: 0.0038797855377197266
tot contact: 38
contact analysis time: 0.0005543231964111328
solving time: 0.9930887222290039 iter: 15
tot_time: 127.28168153762817
init time: 0.00025963783264160156
contact time: 0.0037729740142822266
tot contact: 38
contact analysis time: 0.0004889965057373047
solving time: 0.9868893623352051 iter: 15
tot_time: 128.27820229530334
init time: 0.0002357959747314453
contact time: 0.003695249557495117
tot contact: 36
contact analysis time: 0.0004639625549316406
solving time: 0.9655721187591553 iter: 15
tot_time: 129.25306749343872
init time: 0.0002923011779785156
contact time: 0.0037386417388916016
tot contact: 36
contact analysis time: 0.00045752525329589844
solving time: 0.9651284217834473 iter: 15
tot_time: 130.2276406288147
init time: 0.00025177001953125
contact time: 0.003667116165161133
tot contact: 37
contact analysis time: 0.0004582405090332031
solving time: 0.9690916538238525 iter: 15
tot_time: 131.20603203773499
init time: 0.0002894401550292969
contact time: 0.003736257553100586
tot contact: 36
contact analysis time: 0.0005271434783935547
solving time: 0.9733066558837891 iter: 15
tot_time: 132.1888473033905
init time: 0.00022983551025390625
contact time: 0.003759622573852539
tot contact: 36
contact analysis time: 0.0004658699035644531
solving time: 0.9632143974304199 iter: 15
tot_time: 133.16166305541992
init time: 0.00023865699768066406
contact time: 0.0037703514099121094
tot contact: 41
contact analysis time: 0.0004680156707763672
solving time: 0.972477912902832 iter: 15
tot_time: 134.14346146583557
init time: 0.00022482872009277344
contact time: 0.0037801265716552734
tot contact: 40
contact analysis time: 0.0004646778106689453
solving time: 0.9760129451751709 iter: 15
tot_time: 135.1289131641388
init time: 0.0002949237823486328
contact time: 0.003772258758544922
tot contact: 28
contact analysis time: 0.0004470348358154297
solving time: 0.9375133514404297 iter: 15
tot_time: 136.07592248916626
init time: 0.00028061866760253906
contact time: 0.003871917724609375
tot contact: 30
contact analysis time: 0.0005338191986083984
solving time: 0.9496660232543945 iter: 15
tot_time: 137.03581190109253
init time: 0.0002913475036621094
contact time: 0.0037026405334472656
tot contact: 34
contact analysis time: 0.0005023479461669922
solving time: 0.9657700061798096 iter: 15
tot_time: 138.01107001304626
init time: 0.00022864341735839844
contact time: 0.0037534236907958984
tot contact: 31
contact analysis time: 0.00043773651123046875
solving time: 0.961538553237915 iter: 15
tot_time: 138.9819724559784
init time: 0.00028967857360839844
contact time: 0.0037271976470947266
tot contact: 31
contact analysis time: 0.0005428791046142578
solving time: 0.9556622505187988 iter: 15
tot_time: 139.94710206985474
init time: 0.00022935867309570312
contact time: 0.0038013458251953125
tot contact: 33
contact analysis time: 0.0004649162292480469
solving time: 0.944671630859375 iter: 15
tot_time: 140.9012279510498
init time: 0.0002396106719970703
contact time: 0.0038504600524902344
tot contact: 36
contact analysis time: 0.0004942417144775391
solving time: 0.9617118835449219 iter: 15
tot_time: 141.8725836277008
init time: 0.00022840499877929688
contact time: 0.003710508346557617
tot contact: 37
contact analysis time: 0.0004611015319824219
solving time: 0.9629905223846436 iter: 15
tot_time: 142.84485507011414
init time: 0.00023174285888671875
contact time: 0.0036966800689697266
tot contact: 37
contact analysis time: 0.0004699230194091797
solving time: 0.9577987194061279 iter: 15
tot_time: 143.81195282936096
init time: 0.00029206275939941406
contact time: 0.0037119388580322266
tot contact: 36
contact analysis time: 0.0004763603210449219
solving time: 0.9561080932617188 iter: 15
tot_time: 144.7775423526764
init time: 0.0002410411834716797
contact time: 0.003638029098510742
tot contact: 34
contact analysis time: 0.0004885196685791016
solving time: 0.9447765350341797 iter: 15
tot_time: 145.73161673545837
init time: 0.00029850006103515625
contact time: 0.0035839080810546875
tot contact: 34
contact analysis time: 0.0005381107330322266
solving time: 0.9389758110046387 iter: 15
tot_time: 146.67991542816162
init time: 0.00033974647521972656
contact time: 0.003837108612060547
tot contact: 33
contact analysis time: 0.0005216598510742188
solving time: 0.936377763748169 iter: 15
tot_time: 147.6261920928955
init time: 0.00023174285888671875
contact time: 0.0037033557891845703
tot contact: 32
contact analysis time: 0.0004527568817138672
solving time: 0.9357132911682129 iter: 15
tot_time: 148.57126188278198
init time: 0.00022721290588378906
contact time: 0.003646373748779297
tot contact: 32
contact analysis time: 0.0004646778106689453
solving time: 0.9265236854553223 iter: 15
tot_time: 149.50709700584412
init time: 0.00023412704467773438
contact time: 0.0035321712493896484
tot contact: 31
contact analysis time: 0.0004940032958984375
solving time: 0.9260339736938477 iter: 15
tot_time: 150.44229888916016
init time: 0.0002923011779785156
contact time: 0.003662109375
tot contact: 30
contact analysis time: 0.0004787445068359375
solving time: 0.925788164138794 iter: 15
tot_time: 151.37751150131226
init time: 0.00023865699768066406
contact time: 0.0036399364471435547
tot contact: 30
contact analysis time: 0.0004706382751464844
solving time: 0.9241702556610107 iter: 15
tot_time: 152.31099486351013
init time: 0.00028896331787109375
contact time: 0.00360107421875
tot contact: 30
contact analysis time: 0.0005340576171875
solving time: 0.9207160472869873 iter: 15
tot_time: 153.24115800857544
init time: 0.00022459030151367188
contact time: 0.0037097930908203125
tot contact: 31
contact analysis time: 0.00046539306640625
solving time: 0.924950361251831 iter: 15
tot_time: 154.17536973953247
tot_time: 154.17537808418274
total_reward: [-0.04620989212614203]
tot contact: 31
tot contact: 30
tot contact: 30
tot contact: 30
tot contact: 31
tot contact: 32
tot contact: 32
tot contact: 33
tot contact: 34
tot contact: 34
tot contact: 36
tot contact: 37
tot contact: 37
tot contact: 36
tot contact: 33
tot contact: 31
tot contact: 31
tot contact: 34
tot contact: 30
tot contact: 28
tot contact: 40
tot contact: 41
tot contact: 36
tot contact: 36
tot contact: 37
tot contact: 36
tot contact: 36
tot contact: 38
tot contact: 38
tot contact: 36
tot contact: 33
tot contact: 32
tot contact: 30
tot contact: 28
tot contact: 28
tot contact: 29
tot contact: 28
tot contact: 28
tot contact: 28
tot contact: 29
tot contact: 28
tot contact: 26
tot contact: 26
tot contact: 22
tot contact: 25
tot contact: 26
tot contact: 23
tot contact: 26
tot contact: 29
done grad
iter:  1
[I 10/02/26 14:22:10.208 13459] [swap_chain.cpp:dump_image_buffer@164] Dumping image buffer...
init time: 0.000278472900390625
contact time: 0.0029981136322021484
tot contact: 29
contact analysis time: 0.0005118846893310547
solving time: 0.42359352111816406 iter: 8
tot_time: 0.4862234592437744
init time: 0.000247955322265625
contact time: 0.0030989646911621094
tot contact: 26
contact analysis time: 0.0004825592041015625
solving time: 0.472806453704834 iter: 9
tot_time: 0.9678101539611816
init time: 0.0002491474151611328
contact time: 0.003298521041870117
tot contact: 23
contact analysis time: 0.0004742145538330078
solving time: 0.4693479537963867 iter: 9
tot_time: 1.4463083744049072
init time: 0.00023293495178222656
contact time: 0.003448009490966797
tot contact: 26
contact analysis time: 0.0004467964172363281
solving time: 0.5841562747955322 iter: 11
tot_time: 2.0396344661712646
init time: 0.00022864341735839844
contact time: 0.003555774688720703
tot contact: 25
contact analysis time: 0.0004749298095703125
solving time: 0.6313238143920898 iter: 12
tot_time: 2.6800992488861084
init time: 0.00023031234741210938
contact time: 0.0036199092864990234
tot contact: 22
contact analysis time: 0.0004668235778808594
solving time: 0.6755926609039307 iter: 13
tot_time: 3.3650765419006348
init time: 0.0003066062927246094
contact time: 0.0036842823028564453
tot contact: 26
contact analysis time: 0.0004630088806152344
solving time: 0.9025969505310059 iter: 15
tot_time: 4.277329683303833
init time: 0.0002338886260986328
contact time: 0.0035653114318847656
tot contact: 28
contact analysis time: 0.0004684925079345703
solving time: 0.938554048538208 iter: 15
tot_time: 5.2250754833221436
init time: 0.0002949237823486328
contact time: 0.003577709197998047
tot contact: 27
contact analysis time: 0.00048065185546875
solving time: 0.9384918212890625 iter: 15
tot_time: 6.172893762588501
init time: 0.0002465248107910156
contact time: 0.0035610198974609375
tot contact: 26
contact analysis time: 0.00047278404235839844
solving time: 0.9330043792724609 iter: 15
tot_time: 7.115414381027222
init time: 0.0002932548522949219
contact time: 0.003572225570678711
tot contact: 29
contact analysis time: 0.0005252361297607422
solving time: 0.9427227973937988 iter: 15
tot_time: 8.067489624023438
init time: 0.00023126602172851562
contact time: 0.0036461353302001953
tot contact: 29
contact analysis time: 0.00047516822814941406
solving time: 0.955763578414917 iter: 15
tot_time: 9.032656192779541
init time: 0.00023174285888671875
contact time: 0.0037078857421875
tot contact: 29
contact analysis time: 0.00048232078552246094
solving time: 0.9386320114135742 iter: 15
tot_time: 9.980616092681885
init time: 0.00022363662719726562
contact time: 0.0038635730743408203
tot contact: 29
contact analysis time: 0.0004620552062988281
solving time: 0.9406962394714355 iter: 15
tot_time: 10.930881261825562
init time: 0.00023412704467773438
contact time: 0.003710031509399414
tot contact: 29
contact analysis time: 0.00046443939208984375
solving time: 0.9439170360565186 iter: 15
tot_time: 11.884387969970703
init time: 0.00029754638671875
contact time: 0.0036230087280273438
tot contact: 29
contact analysis time: 0.0004591941833496094
solving time: 0.9543111324310303 iter: 15
tot_time: 12.848095655441284
init time: 0.00023126602172851562
contact time: 0.0036983489990234375
tot contact: 30
contact analysis time: 0.0004725456237792969
solving time: 0.9540798664093018 iter: 15
tot_time: 13.811497926712036
init time: 0.0003094673156738281
contact time: 0.003662109375
tot contact: 30
contact analysis time: 0.0005249977111816406
solving time: 0.9565856456756592 iter: 15
tot_time: 14.777429103851318
init time: 0.0002453327178955078
contact time: 0.0037169456481933594
tot contact: 34
contact analysis time: 0.0005052089691162109
solving time: 0.9537146091461182 iter: 15
tot_time: 15.740849733352661
init time: 0.0002429485321044922
contact time: 0.003698587417602539
tot contact: 36
contact analysis time: 0.0004985332489013672
solving time: 0.9508075714111328 iter: 15
tot_time: 16.70102834701538
init time: 0.00023436546325683594
contact time: 0.003721952438354492
tot contact: 38
contact analysis time: 0.0004923343658447266
solving time: 0.963411808013916 iter: 15
tot_time: 17.673871755599976
init time: 0.00023984909057617188
contact time: 0.0036270618438720703
tot contact: 38
contact analysis time: 0.0004639625549316406
solving time: 0.9692716598510742 iter: 15
tot_time: 18.65240240097046
init time: 0.0004267692565917969
contact time: 0.0038242340087890625
tot contact: 38
contact analysis time: 0.0004897117614746094
solving time: 0.9675202369689941 iter: 15
tot_time: 19.629756689071655
init time: 0.0002288818359375
contact time: 0.003713846206665039
tot contact: 37
contact analysis time: 0.0004696846008300781
solving time: 0.9725253582000732 iter: 15
tot_time: 20.611534118652344
init time: 0.00032806396484375
contact time: 0.0036766529083251953
tot contact: 41
contact analysis time: 0.0005729198455810547
solving time: 0.963810920715332 iter: 15
tot_time: 21.585020303726196
init time: 0.0002288818359375
contact time: 0.003781557083129883
tot contact: 38
contact analysis time: 0.00043463706970214844
solving time: 0.9638054370880127 iter: 15
tot_time: 22.558207750320435
init time: 0.00022864341735839844
contact time: 0.0036668777465820312
tot contact: 33
contact analysis time: 0.0004372596740722656
solving time: 0.9450404644012451 iter: 15
tot_time: 23.512445211410522
init time: 0.0002257823944091797
contact time: 0.003699064254760742
tot contact: 31
contact analysis time: 0.0004563331604003906
solving time: 0.9469013214111328 iter: 15
tot_time: 24.468657732009888
init time: 0.0002307891845703125
contact time: 0.003992319107055664
tot contact: 30
contact analysis time: 0.0005474090576171875
solving time: 0.946094274520874 iter: 15
tot_time: 25.424372911453247
init time: 0.0003159046173095703
contact time: 0.003821849822998047
tot contact: 28
contact analysis time: 0.0004894733428955078
solving time: 0.9548404216766357 iter: 15
tot_time: 26.38907480239868
init time: 0.00023293495178222656
contact time: 0.0037446022033691406
tot contact: 28
contact analysis time: 0.00043892860412597656
solving time: 0.950190544128418 iter: 15
tot_time: 27.348549365997314
init time: 0.0002925395965576172
contact time: 0.0036232471466064453
tot contact: 29
contact analysis time: 0.0004992485046386719
solving time: 0.9520556926727295 iter: 15
tot_time: 28.309833765029907
init time: 0.00023365020751953125
contact time: 0.0037200450897216797
tot contact: 30
contact analysis time: 0.0004706382751464844
solving time: 0.932178258895874 iter: 15
tot_time: 29.25133776664734
init time: 0.00023317337036132812
contact time: 0.003711223602294922
tot contact: 30
contact analysis time: 0.0004467964172363281
solving time: 0.9367368221282959 iter: 15
tot_time: 30.197311401367188
init time: 0.0002295970916748047
contact time: 0.0036737918853759766
tot contact: 31
contact analysis time: 0.0004382133483886719
solving time: 0.9394207000732422 iter: 15
tot_time: 31.145942449569702
init time: 0.00023436546325683594
contact time: 0.0036406517028808594
tot contact: 33
contact analysis time: 0.0004532337188720703
solving time: 0.9353997707366943 iter: 15
tot_time: 32.09058713912964
init time: 0.0002903938293457031
contact time: 0.003709554672241211
tot contact: 34
contact analysis time: 0.00044345855712890625
solving time: 0.9409081935882568 iter: 15
tot_time: 33.04090452194214
init time: 0.0002372264862060547
contact time: 0.0036411285400390625
tot contact: 35
contact analysis time: 0.0004527568817138672
solving time: 0.9164531230926514 iter: 15
tot_time: 33.96651268005371
init time: 0.0002880096435546875
contact time: 0.003637075424194336
tot contact: 35
contact analysis time: 0.0005168914794921875
solving time: 0.9157910346984863 iter: 15
tot_time: 34.89170694351196
init time: 0.0003275871276855469
contact time: 0.0037832260131835938
tot contact: 34
contact analysis time: 0.0004601478576660156
solving time: 0.9207134246826172 iter: 15
tot_time: 35.823129653930664
init time: 0.00023651123046875
contact time: 0.0036487579345703125
tot contact: 33
contact analysis time: 0.0004706382751464844
solving time: 0.9143598079681396 iter: 15
tot_time: 36.746764183044434
init time: 0.00023221969604492188
contact time: 0.0037467479705810547
tot contact: 32
contact analysis time: 0.0004525184631347656
solving time: 0.9139618873596191 iter: 15
tot_time: 37.67012548446655
init time: 0.00023317337036132812
contact time: 0.0037190914154052734
tot contact: 31
contact analysis time: 0.0004496574401855469
solving time: 0.9166948795318604 iter: 15
tot_time: 38.596091508865356
init time: 0.0002875328063964844
contact time: 0.003729581832885742
tot contact: 31
contact analysis time: 0.00047779083251953125
solving time: 0.9289813041687012 iter: 15
tot_time: 39.53451156616211
init time: 0.0002319812774658203
contact time: 0.0036458969116210938
tot contact: 35
contact analysis time: 0.0004470348358154297
solving time: 0.9275286197662354 iter: 15
tot_time: 40.471203327178955
init time: 0.0003001689910888672
contact time: 0.003664255142211914
tot contact: 30
contact analysis time: 0.0005145072937011719
solving time: 0.9232003688812256 iter: 15
tot_time: 41.403857946395874
init time: 0.0002346038818359375
contact time: 0.004099369049072266
tot contact: 28
contact analysis time: 0.0007424354553222656
solving time: 0.9223527908325195 iter: 15
tot_time: 42.336150884628296
init time: 0.0003376007080078125
contact time: 0.003728628158569336
tot contact: 24
contact analysis time: 0.0005340576171875
solving time: 0.9224295616149902 iter: 15
tot_time: 43.2682900428772
init time: 0.0002467632293701172
contact time: 0.003757953643798828
tot contact: 24
contact analysis time: 0.00048065185546875
solving time: 0.9110727310180664 iter: 15
tot_time: 44.18876099586487
tot_time: 44.18876934051514
total_reward: [-0.04620989212614203, -0.051045026778930795]
tot contact: 24
tot contact: 24
tot contact: 28
tot contact: 30
tot contact: 35
tot contact: 31
tot contact: 31
tot contact: 32
tot contact: 33
tot contact: 34
tot contact: 35
tot contact: 35
tot contact: 34
tot contact: 33
tot contact: 31
tot contact: 30
tot contact: 30
tot contact: 29
tot contact: 28
tot contact: 28
tot contact: 30
tot contact: 31
tot contact: 33
tot contact: 38
tot contact: 41
tot contact: 37
tot contact: 38
tot contact: 38
tot contact: 38
tot contact: 36
tot contact: 34
tot contact: 30
tot contact: 30
tot contact: 29
tot contact: 29
tot contact: 29
tot contact: 29
tot contact: 29
tot contact: 29
tot contact: 26
tot contact: 27
tot contact: 28
tot contact: 26
tot contact: 22
tot contact: 25
tot contact: 26
tot contact: 23
tot contact: 26
tot contact: 29
done grad
iter:  2
[I 10/02/26 14:22:57.606 13459] [swap_chain.cpp:dump_image_buffer@164] Dumping image buffer...
init time: 0.0002484321594238281
contact time: 0.0029718875885009766
tot contact: 29
contact analysis time: 0.00048732757568359375
solving time: 0.43041110038757324 iter: 8
tot_time: 0.4702925682067871
init time: 0.00022983551025390625
contact time: 0.0031197071075439453
tot contact: 26
contact analysis time: 0.0004494190216064453
solving time: 0.4830808639526367 iter: 9
tot_time: 0.9620468616485596
init time: 0.00029397010803222656
contact time: 0.0032258033752441406
tot contact: 23
contact analysis time: 0.0005326271057128906
solving time: 0.47961997985839844 iter: 9
tot_time: 1.4505786895751953
init time: 0.0002460479736328125
contact time: 0.003518819808959961
tot contact: 26
contact analysis time: 0.00046181678771972656
solving time: 0.5725357532501221 iter: 11
tot_time: 2.032625675201416
init time: 0.00022935867309570312
contact time: 0.0036306381225585938
tot contact: 25
contact analysis time: 0.00046062469482421875
solving time: 0.630218505859375 iter: 12
tot_time: 2.6790149211883545
init time: 0.0002276897430419922
contact time: 0.003576517105102539
tot contact: 22
contact analysis time: 0.00046062469482421875
solving time: 0.6815476417541504 iter: 13
tot_time: 3.3697152137756348
init time: 0.00030112266540527344
contact time: 0.003613710403442383
tot contact: 26
contact analysis time: 0.000469207763671875
solving time: 0.9125773906707764 iter: 15
tot_time: 4.291720628738403
init time: 0.0002338886260986328
contact time: 0.0035364627838134766
tot contact: 28
contact analysis time: 0.0004642009735107422
solving time: 0.9448297023773193 iter: 15
tot_time: 5.245715856552124
init time: 0.0002932548522949219
contact time: 0.0035598278045654297
tot contact: 27
contact analysis time: 0.0005145072937011719
solving time: 0.9358904361724854 iter: 15
tot_time: 6.190964937210083
init time: 0.0002295970916748047
contact time: 0.0036268234252929688
tot contact: 26
contact analysis time: 0.00043845176696777344
solving time: 0.9417040348052979 iter: 15
tot_time: 7.141869068145752
init time: 0.00023412704467773438
contact time: 0.003628253936767578
tot contact: 29
contact analysis time: 0.0004527568817138672
solving time: 0.9410359859466553 iter: 15
tot_time: 8.092090606689453
init time: 0.00023174285888671875
contact time: 0.0036306381225585938
tot contact: 28
contact analysis time: 0.00046133995056152344
solving time: 0.9467239379882812 iter: 15
tot_time: 9.048118829727173
init time: 0.00024509429931640625
contact time: 0.003623485565185547
tot contact: 28
contact analysis time: 0.0004856586456298828
solving time: 0.9518685340881348 iter: 15
tot_time: 10.009370565414429
init time: 0.0003025531768798828
contact time: 0.003734111785888672
tot contact: 29
contact analysis time: 0.0004754066467285156
solving time: 0.9406650066375732 iter: 15
tot_time: 10.95959210395813
init time: 0.0002334117889404297
contact time: 0.0036792755126953125
tot contact: 29
contact analysis time: 0.00045180320739746094
solving time: 0.94992995262146 iter: 15
tot_time: 11.918793678283691
init time: 0.00032138824462890625
contact time: 0.0035295486450195312
tot contact: 28
contact analysis time: 0.0005009174346923828
solving time: 0.9407932758331299 iter: 15
tot_time: 12.868762016296387
init time: 0.00024580955505371094
contact time: 0.0036928653717041016
tot contact: 31
contact analysis time: 0.0004394054412841797
solving time: 0.9488334655761719 iter: 15
tot_time: 13.826862096786499
init time: 0.0002377033233642578
contact time: 0.0037636756896972656
tot contact: 31
contact analysis time: 0.000453948974609375
solving time: 0.9568936824798584 iter: 15
tot_time: 14.793307304382324
init time: 0.0002319812774658203
contact time: 0.003644227981567383
tot contact: 33
contact analysis time: 0.0004436969757080078
solving time: 0.9570016860961914 iter: 15
tot_time: 15.759576797485352
init time: 0.00023746490478515625
contact time: 0.0036325454711914062
tot contact: 36
contact analysis time: 0.0004417896270751953
solving time: 0.953303337097168 iter: 15
tot_time: 16.72229027748108
init time: 0.00030875205993652344
contact time: 0.0036668777465820312
tot contact: 38
contact analysis time: 0.0004668235778808594
solving time: 0.9682819843292236 iter: 15
tot_time: 17.700197219848633
init time: 0.0003273487091064453
contact time: 0.0038154125213623047
tot contact: 38
contact analysis time: 0.00047588348388671875
solving time: 0.9730744361877441 iter: 15
tot_time: 18.684273958206177
init time: 0.0003783702850341797
contact time: 0.0038154125213623047
tot contact: 37
contact analysis time: 0.0005428791046142578
solving time: 0.9730663299560547 iter: 15
tot_time: 19.66742968559265
init time: 0.00022864341735839844
contact time: 0.0038030147552490234
tot contact: 37
contact analysis time: 0.00045990943908691406
solving time: 0.9680147171020508 iter: 15
tot_time: 20.644938945770264
init time: 0.00022840499877929688
contact time: 0.0037393569946289062
tot contact: 37
contact analysis time: 0.0004477500915527344
solving time: 0.9613871574401855 iter: 15
tot_time: 21.61565089225769
init time: 0.0002276897430419922
contact time: 0.0037162303924560547
tot contact: 41
contact analysis time: 0.0004699230194091797
solving time: 0.9638161659240723 iter: 15
tot_time: 22.588816165924072
init time: 0.00023889541625976562
contact time: 0.0037271976470947266
tot contact: 39
contact analysis time: 0.00048351287841796875
solving time: 0.9722294807434082 iter: 15
tot_time: 23.570414304733276
init time: 0.0002994537353515625
contact time: 0.00376129150390625
tot contact: 33
contact analysis time: 0.00045013427734375
solving time: 0.9481329917907715 iter: 15
tot_time: 24.528271436691284
init time: 0.00025343894958496094
contact time: 0.003748655319213867
tot contact: 35
contact analysis time: 0.00046706199645996094
solving time: 0.9523324966430664 iter: 15
tot_time: 25.49029564857483
init time: 0.0002961158752441406
contact time: 0.0037136077880859375
tot contact: 33
contact analysis time: 0.0005180835723876953
solving time: 0.9592139720916748 iter: 15
tot_time: 26.458991050720215
init time: 0.00023293495178222656
contact time: 0.0038254261016845703
tot contact: 30
contact analysis time: 0.00047707557678222656
solving time: 0.9744839668273926 iter: 15
tot_time: 27.442986488342285
init time: 0.0002467632293701172
contact time: 0.0037734508514404297
tot contact: 29
contact analysis time: 0.0004611015319824219
solving time: 0.9766426086425781 iter: 15
tot_time: 28.428958654403687
init time: 0.00023102760314941406
contact time: 0.003736257553100586
tot contact: 30
contact analysis time: 0.0004363059997558594
solving time: 0.9705770015716553 iter: 15
tot_time: 29.40893030166626
init time: 0.0002391338348388672
contact time: 0.003706693649291992
tot contact: 30
contact analysis time: 0.0004596710205078125
solving time: 0.9737436771392822 iter: 15
tot_time: 30.391947507858276
init time: 0.0002994537353515625
contact time: 0.003694772720336914
tot contact: 33
contact analysis time: 0.00045990943908691406
solving time: 0.9617314338684082 iter: 15
tot_time: 31.363205194473267
init time: 0.0002415180206298828
contact time: 0.0036017894744873047
tot contact: 33
contact analysis time: 0.0004634857177734375
solving time: 0.9647262096405029 iter: 15
tot_time: 32.33714747428894
init time: 0.0003001689910888672
contact time: 0.0036246776580810547
tot contact: 33
contact analysis time: 0.0005235671997070312
solving time: 0.966064453125 iter: 15
tot_time: 33.312544107437134
init time: 0.0002334117889404297
contact time: 0.0037217140197753906
tot contact: 34
contact analysis time: 0.0004527568817138672
solving time: 0.9410614967346191 iter: 15
tot_time: 34.26293635368347
init time: 0.00023317337036132812
contact time: 0.003792285919189453
tot contact: 34
contact analysis time: 0.0005059242248535156
solving time: 0.9410114288330078 iter: 15
tot_time: 35.21342873573303
init time: 0.00023245811462402344
contact time: 0.003702878952026367
tot contact: 35
contact analysis time: 0.00045228004455566406
solving time: 0.922858476638794 iter: 15
tot_time: 36.14565682411194
init time: 0.00024056434631347656
contact time: 0.0036623477935791016
tot contact: 34
contact analysis time: 0.00048160552978515625
solving time: 0.9173376560211182 iter: 15
tot_time: 37.07226634025574
init time: 0.00032210350036621094
contact time: 0.0037086009979248047
tot contact: 33
contact analysis time: 0.00045800209045410156
solving time: 0.9147515296936035 iter: 15
tot_time: 37.99650549888611
init time: 0.0002410411834716797
contact time: 0.003676176071166992
tot contact: 31
contact analysis time: 0.0004661083221435547
solving time: 0.9160909652709961 iter: 15
tot_time: 38.92184233665466
init time: 0.00029349327087402344
contact time: 0.003729104995727539
tot contact: 30
contact analysis time: 0.0005249977111816406
solving time: 0.9176006317138672 iter: 15
tot_time: 39.8488986492157
init time: 0.00026297569274902344
contact time: 0.0038254261016845703
tot contact: 30
contact analysis time: 0.0005085468292236328
solving time: 0.928044319152832 iter: 15
tot_time: 40.78674054145813
init time: 0.00023245811462402344
contact time: 0.0037107467651367188
tot contact: 34
contact analysis time: 0.0004677772521972656
solving time: 0.925269603729248 iter: 15
tot_time: 41.72142672538757
init time: 0.00022602081298828125
contact time: 0.0037157535552978516
tot contact: 31
contact analysis time: 0.00046181678771972656
solving time: 0.9224395751953125 iter: 15
tot_time: 42.65327072143555
init time: 0.0002396106719970703
contact time: 0.003647327423095703
tot contact: 30
contact analysis time: 0.00047016143798828125
solving time: 0.9214322566986084 iter: 15
tot_time: 43.58395051956177
init time: 0.00029397010803222656
contact time: 0.0037457942962646484
tot contact: 26
contact analysis time: 0.0004546642303466797
solving time: 0.9258606433868408 iter: 15
tot_time: 44.51926112174988
tot_time: 44.519270181655884
total_reward: [-0.04620989212614203, -0.051045026778930795, -0.049063862245701424]
tot contact: 26
tot contact: 30
tot contact: 31
tot contact: 34
tot contact: 30
tot contact: 30
tot contact: 31
tot contact: 33
tot contact: 34
tot contact: 35
tot contact: 34
tot contact: 34
tot contact: 33
tot contact: 33
tot contact: 33
tot contact: 30
tot contact: 30
tot contact: 29
tot contact: 30
tot contact: 33
tot contact: 35
tot contact: 33
tot contact: 39
tot contact: 41
tot contact: 37
tot contact: 37
tot contact: 37
tot contact: 38
tot contact: 38
tot contact: 36
tot contact: 33
tot contact: 31
tot contact: 31
tot contact: 28
tot contact: 29
tot contact: 29
tot contact: 28
tot contact: 28
tot contact: 29
tot contact: 26
tot contact: 27
tot contact: 28
tot contact: 26
tot contact: 22
tot contact: 25
tot contact: 26
tot contact: 23
tot contact: 26
tot contact: 29
done grad
iter:  3
[I 10/02/26 14:23:45.340 13459] [swap_chain.cpp:dump_image_buffer@164] Dumping image buffer...
init time: 0.00024890899658203125
contact time: 0.002899169921875
tot contact: 29
contact analysis time: 0.0004782676696777344
solving time: 0.42134618759155273 iter: 8
tot_time: 0.46083807945251465
init time: 0.0003170967102050781
contact time: 0.0031304359436035156
tot contact: 26
contact analysis time: 0.000457763671875
solving time: 0.47083210945129395 iter: 9
tot_time: 0.9404397010803223
init time: 0.00023031234741210938
contact time: 0.003326892852783203
tot contact: 23
contact analysis time: 0.0004630088806152344
solving time: 0.47731876373291016 iter: 9
tot_time: 1.426633358001709
init time: 0.0002262592315673828
contact time: 0.003455638885498047
tot contact: 26
contact analysis time: 0.000461578369140625
solving time: 0.5823888778686523 iter: 11
tot_time: 2.017979145050049
init time: 0.00028896331787109375
contact time: 0.0035347938537597656
tot contact: 25
contact analysis time: 0.0005176067352294922
solving time: 0.6305487155914307 iter: 12
tot_time: 2.657728433609009
init time: 0.0002276897430419922
contact time: 0.0035829544067382812
tot contact: 22
contact analysis time: 0.00046515464782714844
solving time: 0.6700048446655273 iter: 13
tot_time: 3.336935043334961
init time: 0.0002357959747314453
contact time: 0.0035753250122070312
tot contact: 25
contact analysis time: 0.00045990943908691406
solving time: 0.9053714275360107 iter: 15
tot_time: 4.2514495849609375
init time: 0.00023436546325683594
contact time: 0.003543853759765625
tot contact: 28
contact analysis time: 0.00054168701171875
solving time: 0.9422686100006104 iter: 15
tot_time: 5.202937364578247
init time: 0.00022602081298828125
contact time: 0.0036077499389648438
tot contact: 27
contact analysis time: 0.0004553794860839844
solving time: 0.9352631568908691 iter: 15
tot_time: 6.147483587265015
init time: 0.00022935867309570312
contact time: 0.0035545825958251953
tot contact: 26
contact analysis time: 0.0004634857177734375
solving time: 0.9362492561340332 iter: 15
tot_time: 7.092850923538208
init time: 0.00023365020751953125
contact time: 0.0036203861236572266
tot contact: 29
contact analysis time: 0.0004601478576660156
solving time: 0.9451677799224854 iter: 15
tot_time: 8.047339916229248
init time: 0.00023436546325683594
contact time: 0.0036401748657226562
tot contact: 28
contact analysis time: 0.0004603862762451172
solving time: 0.9479668140411377 iter: 15
tot_time: 9.004581928253174
init time: 0.0002944469451904297
contact time: 0.0036385059356689453
tot contact: 28
contact analysis time: 0.00046324729919433594
solving time: 0.9428305625915527 iter: 15
tot_time: 9.956838607788086
init time: 0.00024366378784179688
contact time: 0.003685474395751953
tot contact: 29
contact analysis time: 0.0004661083221435547
solving time: 0.9416718482971191 iter: 15
tot_time: 10.90780782699585
init time: 0.0003178119659423828
contact time: 0.0037152767181396484
tot contact: 29
contact analysis time: 0.0005288124084472656
solving time: 0.944019079208374 iter: 15
tot_time: 11.861310243606567
init time: 0.00023031234741210938
contact time: 0.0036153793334960938
tot contact: 28
contact analysis time: 0.0004475116729736328
solving time: 0.9406483173370361 iter: 15
tot_time: 12.81128478050232
init time: 0.0002319812774658203
contact time: 0.0036945343017578125
tot contact: 31
contact analysis time: 0.0004508495330810547
solving time: 0.9487285614013672 iter: 15
tot_time: 13.769323348999023
init time: 0.00022864341735839844
contact time: 0.0037620067596435547
tot contact: 31
contact analysis time: 0.0004508495330810547
solving time: 0.9556550979614258 iter: 15
tot_time: 14.734395980834961
init time: 0.00023984909057617188
contact time: 0.003684520721435547
tot contact: 34
contact analysis time: 0.000461578369140625
solving time: 0.9501588344573975 iter: 15
tot_time: 15.693959951400757
init time: 0.0002963542938232422
contact time: 0.003716707229614258
tot contact: 36
contact analysis time: 0.00045418739318847656
solving time: 0.9517011642456055 iter: 15
tot_time: 16.655193090438843
init time: 0.0002315044403076172
contact time: 0.003679513931274414
tot contact: 38
contact analysis time: 0.0004551410675048828
solving time: 0.9650213718414307 iter: 15
tot_time: 17.629427433013916
init time: 0.0003085136413574219
contact time: 0.003632783889770508
tot contact: 38
contact analysis time: 0.0005128383636474609
solving time: 0.9682736396789551 iter: 15
tot_time: 18.607088088989258
init time: 0.0002493858337402344
contact time: 0.0037581920623779297
tot contact: 36
contact analysis time: 0.0004589557647705078
solving time: 0.962705135345459 iter: 15
tot_time: 19.579298734664917
init time: 0.0002300739288330078
contact time: 0.0037691593170166016
tot contact: 36
contact analysis time: 0.00045752525329589844
solving time: 0.9650282859802246 iter: 15
tot_time: 20.553681135177612
init time: 0.0002377033233642578
contact time: 0.0037491321563720703
tot contact: 36
contact analysis time: 0.0004582405090332031
solving time: 0.9663631916046143 iter: 15
tot_time: 21.529453992843628
init time: 0.00023818016052246094
contact time: 0.003828287124633789
tot contact: 37
contact analysis time: 0.0004646778106689453
solving time: 0.9646806716918945 iter: 15
tot_time: 22.50365686416626
init time: 0.0003108978271484375
contact time: 0.0038013458251953125
tot contact: 38
contact analysis time: 0.0004642009735107422
solving time: 0.9690022468566895 iter: 15
tot_time: 23.482303857803345
init time: 0.0002334117889404297
contact time: 0.003690004348754883
tot contact: 40
contact analysis time: 0.00045990943908691406
solving time: 0.9660553932189941 iter: 15
tot_time: 24.457630157470703
init time: 0.00030350685119628906
contact time: 0.004011392593383789
tot contact: 40
contact analysis time: 0.0007193088531494141
solving time: 0.9560794830322266 iter: 15
tot_time: 25.423701763153076
init time: 0.00023555755615234375
contact time: 0.0037517547607421875
tot contact: 31
contact analysis time: 0.0004820823669433594
solving time: 0.9380133152008057 iter: 15
tot_time: 26.37116003036499
init time: 0.00022912025451660156
contact time: 0.0037713050842285156
tot contact: 30
contact analysis time: 0.000469207763671875
solving time: 0.9479739665985107 iter: 15
tot_time: 27.32861590385437
init time: 0.0002346038818359375
contact time: 0.0037643909454345703
tot contact: 33
contact analysis time: 0.0004646778106689453
solving time: 0.97342848777771 iter: 15
tot_time: 28.311397552490234
init time: 0.00023436546325683594
contact time: 0.003751993179321289
tot contact: 32
contact analysis time: 0.00046133995056152344
solving time: 0.9795300960540771 iter: 15
tot_time: 29.3003568649292
init time: 0.00023245811462402344
contact time: 0.0037119388580322266
tot contact: 32
contact analysis time: 0.00046753883361816406
solving time: 0.9726102352142334 iter: 15
tot_time: 30.282320022583008
init time: 0.0002999305725097656
contact time: 0.003777742385864258
tot contact: 33
contact analysis time: 0.00045180320739746094
solving time: 0.9403698444366455 iter: 15
tot_time: 31.232221126556396
init time: 0.00023508071899414062
contact time: 0.0036568641662597656
tot contact: 36
contact analysis time: 0.0004520416259765625
solving time: 0.9584450721740723 iter: 15
tot_time: 32.19994759559631
init time: 0.00029921531677246094
contact time: 0.003701448440551758
tot contact: 35
contact analysis time: 0.0005099773406982422
solving time: 0.9601030349731445 iter: 15
tot_time: 33.16954064369202
init time: 0.00023126602172851562
contact time: 0.003729104995727539
tot contact: 36
contact analysis time: 0.00045943260192871094
solving time: 0.9551849365234375 iter: 15
tot_time: 34.134127616882324
init time: 0.0002493858337402344
contact time: 0.0037887096405029297
tot contact: 33
contact analysis time: 0.00047707557678222656
solving time: 0.9421651363372803 iter: 15
tot_time: 35.08593702316284
init time: 0.00023484230041503906
contact time: 0.0037097930908203125
tot contact: 34
contact analysis time: 0.0004703998565673828
solving time: 0.9567499160766602 iter: 15
tot_time: 36.05203056335449
init time: 0.0002560615539550781
contact time: 0.003751039505004883
tot contact: 33
contact analysis time: 0.00045800209045410156
solving time: 0.9413268566131592 iter: 15
tot_time: 37.00270676612854
init time: 0.00031757354736328125
contact time: 0.0036895275115966797
tot contact: 34
contact analysis time: 0.0004608631134033203
solving time: 0.9366257190704346 iter: 15
tot_time: 37.94890260696411
init time: 0.0002319812774658203
contact time: 0.0036051273345947266
tot contact: 32
contact analysis time: 0.0004520416259765625
solving time: 0.9273099899291992 iter: 15
tot_time: 38.88533425331116
init time: 0.00031185150146484375
contact time: 0.0036492347717285156
tot contact: 30
contact analysis time: 0.0005102157592773438
solving time: 0.9291782379150391 iter: 15
tot_time: 39.82403254508972
init time: 0.00023126602172851562
contact time: 0.0036563873291015625
tot contact: 30
contact analysis time: 0.00045418739318847656
solving time: 0.9339184761047363 iter: 15
tot_time: 40.767250061035156
init time: 0.00023627281188964844
contact time: 0.003661632537841797
tot contact: 30
contact analysis time: 0.0004687309265136719
solving time: 0.9335873126983643 iter: 15
tot_time: 41.71015644073486
init time: 0.00025391578674316406
contact time: 0.0036613941192626953
tot contact: 29
contact analysis time: 0.0004603862762451172
solving time: 0.9289870262145996 iter: 15
tot_time: 42.64849352836609
init time: 0.00023221969604492188
contact time: 0.003587961196899414
tot contact: 29
contact analysis time: 0.0004723072052001953
solving time: 0.9345049858093262 iter: 15
tot_time: 43.592164516448975
init time: 0.00029850006103515625
contact time: 0.003693103790283203
tot contact: 36
contact analysis time: 0.0004448890686035156
solving time: 0.9369843006134033 iter: 15
tot_time: 44.53858804702759
tot_time: 44.53859829902649
total_reward: [-0.04620989212614203, -0.051045026778930795, -0.049063862245701424, -0.04555719427763499]
tot contact: 36
tot contact: 29
tot contact: 29
tot contact: 30
tot contact: 30
tot contact: 30
tot contact: 32
tot contact: 34
tot contact: 33
tot contact: 34
tot contact: 33
tot contact: 36
tot contact: 35
tot contact: 36
tot contact: 33
tot contact: 32
tot contact: 32
tot contact: 33
tot contact: 30
tot contact: 31
tot contact: 40
tot contact: 40
tot contact: 38
tot contact: 37
tot contact: 36
tot contact: 36
tot contact: 36
tot contact: 38
tot contact: 38
tot contact: 36
tot contact: 34
tot contact: 31
tot contact: 31
tot contact: 28
tot contact: 29
tot contact: 29
tot contact: 28
tot contact: 28
tot contact: 29
tot contact: 26
tot contact: 27
tot contact: 28
tot contact: 25
tot contact: 22
tot contact: 25
tot contact: 26
tot contact: 23
tot contact: 26
tot contact: 29
done grad
iter:  4
[I 10/02/26 14:24:33.107 13459] [swap_chain.cpp:dump_image_buffer@164] Dumping image buffer...
init time: 0.0003306865692138672
contact time: 0.0028994083404541016
tot contact: 29
contact analysis time: 0.0005314350128173828
solving time: 0.48244333267211914 iter: 9
tot_time: 0.5269708633422852
init time: 0.000232696533203125
contact time: 0.0030660629272460938
tot contact: 26
contact analysis time: 0.0005452632904052734
solving time: 0.4676337242126465 iter: 9
tot_time: 1.0034542083740234
init time: 0.0002307891845703125
contact time: 0.003334522247314453
tot contact: 23
contact analysis time: 0.0004363059997558594
solving time: 0.4752342700958252 iter: 9
tot_time: 1.4878416061401367
init time: 0.0002377033233642578
contact time: 0.0035026073455810547
tot contact: 26
contact analysis time: 0.00048041343688964844
solving time: 0.5738317966461182 iter: 11
tot_time: 2.0708160400390625
init time: 0.00023651123046875
contact time: 0.0035219192504882812
tot contact: 25
contact analysis time: 0.0004801750183105469
solving time: 0.6276061534881592 iter: 12
tot_time: 2.7075352668762207
init time: 0.00030517578125
contact time: 0.00356292724609375
tot contact: 22
contact analysis time: 0.0005464553833007812
solving time: 0.6763288974761963 iter: 13
tot_time: 3.3931446075439453
init time: 0.0002357959747314453
contact time: 0.0036597251892089844
tot contact: 24
contact analysis time: 0.0004756450653076172
solving time: 0.9122724533081055 iter: 15
tot_time: 4.314709663391113
init time: 0.00023508071899414062
contact time: 0.0036363601684570312
tot contact: 28
contact analysis time: 0.00045418739318847656
solving time: 0.9358391761779785 iter: 15
tot_time: 5.259902238845825
init time: 0.0002307891845703125
contact time: 0.003565549850463867
tot contact: 27
contact analysis time: 0.0004582405090332031
solving time: 0.9376723766326904 iter: 15
tot_time: 6.206681489944458
init time: 0.00031280517578125
contact time: 0.003648996353149414
tot contact: 27
contact analysis time: 0.0004742145538330078
solving time: 0.9297504425048828 iter: 15
tot_time: 7.145813941955566
init time: 0.00022983551025390625
contact time: 0.00363922119140625
tot contact: 28
contact analysis time: 0.00045228004455566406
solving time: 0.9366474151611328 iter: 15
tot_time: 8.091681957244873
init time: 0.0002968311309814453
contact time: 0.003617525100708008
tot contact: 28
contact analysis time: 0.0005252361297607422
solving time: 0.9509482383728027 iter: 15
tot_time: 9.051934957504272
init time: 0.0002536773681640625
contact time: 0.003746509552001953
tot contact: 28
contact analysis time: 0.0004687309265136719
solving time: 0.9431905746459961 iter: 15
tot_time: 10.00481629371643
init time: 0.0002486705780029297
contact time: 0.0037615299224853516
tot contact: 29
contact analysis time: 0.0004553794860839844
solving time: 0.9633698463439941 iter: 15
tot_time: 10.977802991867065
init time: 0.0002346038818359375
contact time: 0.003743886947631836
tot contact: 28
contact analysis time: 0.0004551410675048828
solving time: 0.9616284370422363 iter: 15
tot_time: 11.950507164001465
init time: 0.00023984909057617188
contact time: 0.0035257339477539062
tot contact: 28
contact analysis time: 0.0004680156707763672
solving time: 0.9585220813751221 iter: 15
tot_time: 12.918421030044556
init time: 0.000591278076171875
contact time: 0.004608631134033203
tot contact: 31
contact analysis time: 0.0008847713470458984
solving time: 0.9753882884979248 iter: 15
tot_time: 13.910431623458862
init time: 0.00023818016052246094
contact time: 0.003688812255859375
tot contact: 31
contact analysis time: 0.00047469139099121094
solving time: 0.9807608127593994 iter: 15
tot_time: 14.900518655776978
init time: 0.0003104209899902344
contact time: 0.00357818603515625
tot contact: 34
contact analysis time: 0.0005559921264648438
solving time: 0.9680154323577881 iter: 15
tot_time: 15.877906560897827
init time: 0.00023603439331054688
contact time: 0.0037124156951904297
tot contact: 36
contact analysis time: 0.0004451274871826172
solving time: 0.9692676067352295 iter: 15
tot_time: 16.8565354347229
init time: 0.0002410411834716797
contact time: 0.003701925277709961
tot contact: 38
contact analysis time: 0.0004646778106689453
solving time: 0.9646162986755371 iter: 15
tot_time: 17.830434560775757
init time: 0.00022530555725097656
contact time: 0.0037031173706054688
tot contact: 37
contact analysis time: 0.0004658699035644531
solving time: 0.9845516681671143 iter: 15
tot_time: 18.824305057525635
init time: 0.00023293495178222656
contact time: 0.0036668777465820312
tot contact: 35
contact analysis time: 0.0004863739013671875
solving time: 0.9649460315704346 iter: 15
tot_time: 19.7985520362854
init time: 0.00031256675720214844
contact time: 0.003728628158569336
tot contact: 33
contact analysis time: 0.0004482269287109375
solving time: 0.9666812419891357 iter: 15
tot_time: 20.774806022644043
init time: 0.00023221969604492188
contact time: 0.0036787986755371094
tot contact: 32
contact analysis time: 0.00044989585876464844
solving time: 0.9599690437316895 iter: 15
tot_time: 21.74404525756836
init time: 0.0002987384796142578
contact time: 0.0037288665771484375
tot contact: 33
contact analysis time: 0.0005409717559814453
solving time: 0.96095871925354 iter: 15
tot_time: 22.714468240737915
init time: 0.00024199485778808594
contact time: 0.003762960433959961
tot contact: 34
contact analysis time: 0.0004570484161376953
solving time: 0.9545233249664307 iter: 15
tot_time: 23.67843222618103
init time: 0.00023937225341796875
contact time: 0.0038111209869384766
tot contact: 33
contact analysis time: 0.00048065185546875
solving time: 0.9550259113311768 iter: 15
tot_time: 24.642934799194336
init time: 0.0002281665802001953
contact time: 0.0038127899169921875
tot contact: 32
contact analysis time: 0.00045490264892578125
solving time: 0.9563944339752197 iter: 15
tot_time: 25.60874605178833
init time: 0.0002346038818359375
contact time: 0.0037653446197509766
tot contact: 28
contact analysis time: 0.0004673004150390625
solving time: 0.9587836265563965 iter: 15
tot_time: 26.57696843147278
init time: 0.00032782554626464844
contact time: 0.003779888153076172
tot contact: 27
contact analysis time: 0.0004487037658691406
solving time: 0.9556951522827148 iter: 15
tot_time: 27.54233431816101
init time: 0.0002410411834716797
contact time: 0.003707408905029297
tot contact: 25
contact analysis time: 0.00047135353088378906
solving time: 0.9672281742095947 iter: 15
tot_time: 28.518964529037476
init time: 0.0003006458282470703
contact time: 0.003725767135620117
tot contact: 25
contact analysis time: 0.0005202293395996094
solving time: 0.9660811424255371 iter: 15
tot_time: 29.49444580078125
init time: 0.00029587745666503906
contact time: 0.003663778305053711
tot contact: 25
contact analysis time: 0.0005540847778320312
solving time: 0.9644148349761963 iter: 15
tot_time: 30.46822762489319
init time: 0.000240325927734375
contact time: 0.003761768341064453
tot contact: 24
contact analysis time: 0.00048828125
solving time: 0.9542009830474854 iter: 15
tot_time: 31.43185329437256
init time: 0.0002453327178955078
contact time: 0.0037741661071777344
tot contact: 24
contact analysis time: 0.0004658699035644531
solving time: 0.9590175151824951 iter: 15
tot_time: 32.40024995803833
init time: 0.00022912025451660156
contact time: 0.0036995410919189453
tot contact: 22
contact analysis time: 0.0004572868347167969
solving time: 0.8864059448242188 iter: 14
tot_time: 33.29593896865845
init time: 0.0002434253692626953
contact time: 0.0035953521728515625
tot contact: 21
contact analysis time: 0.0005462169647216797
solving time: 0.9471724033355713 iter: 15
tot_time: 34.252403020858765
init time: 0.00032067298889160156
contact time: 0.003873109817504883
tot contact: 20
contact analysis time: 0.0005762577056884766
solving time: 0.8552358150482178 iter: 14
tot_time: 35.118213176727295
init time: 0.00023555755615234375
contact time: 0.003660917282104492
tot contact: 21
contact analysis time: 0.0005216598510742188
solving time: 0.6949212551116943 iter: 11
tot_time: 35.822389364242554
init time: 0.000244140625
contact time: 0.0036242008209228516
tot contact: 20
contact analysis time: 0.0004546642303466797
solving time: 0.7050950527191162 iter: 11
tot_time: 36.53679585456848
init time: 0.00022292137145996094
contact time: 0.003597259521484375
tot contact: 20
contact analysis time: 0.000469207763671875
solving time: 0.6957721710205078 iter: 11
tot_time: 37.241692304611206
init time: 0.00023126602172851562
contact time: 0.003579378128051758
tot contact: 20
contact analysis time: 0.0004513263702392578
solving time: 0.8860507011413574 iter: 14
tot_time: 38.13690161705017
init time: 0.000240325927734375
contact time: 0.003597736358642578
tot contact: 20
contact analysis time: 0.0004534721374511719
solving time: 0.8839113712310791 iter: 14
tot_time: 39.030068159103394
init time: 0.0002269744873046875
contact time: 0.003677845001220703
tot contact: 21
contact analysis time: 0.00047206878662109375
solving time: 0.943852424621582 iter: 15
tot_time: 39.98330807685852
init time: 0.0002396106719970703
contact time: 0.003604888916015625
tot contact: 22
contact analysis time: 0.0004591941833496094
solving time: 0.935546875 iter: 15
tot_time: 40.92817664146423
init time: 0.00023245811462402344
contact time: 0.0036869049072265625
tot contact: 21
contact analysis time: 0.0004668235778808594
solving time: 0.7563705444335938 iter: 12
tot_time: 41.69414210319519
init time: 0.0002315044403076172
contact time: 0.0036368370056152344
tot contact: 22
contact analysis time: 0.000457763671875
solving time: 0.6809535026550293 iter: 11
tot_time: 42.384281158447266
init time: 0.00023317337036132812
contact time: 0.003537893295288086
tot contact: 22
contact analysis time: 0.00046181678771972656
solving time: 0.6195824146270752 iter: 10
tot_time: 43.01293420791626
tot_time: 43.01294183731079
total_reward: [-0.04620989212614203, -0.051045026778930795, -0.049063862245701424, -0.04555719427763499, -0.042305867104589605]
tot contact: 22
tot contact: 22
tot contact: 21
tot contact: 22
tot contact: 21
tot contact: 20
tot contact: 20
tot contact: 20
tot contact: 20
tot contact: 21
tot contact: 20
tot contact: 21
tot contact: 22
tot contact: 24
tot contact: 24
tot contact: 25
tot contact: 25
tot contact: 25
tot contact: 27
tot contact: 28
tot contact: 32
tot contact: 33
tot contact: 34
tot contact: 33
tot contact: 32
tot contact: 33
tot contact: 35
tot contact: 37
tot contact: 38
tot contact: 36
tot contact: 34
tot contact: 31
tot contact: 31
tot contact: 28
tot contact: 28
tot contact: 29
tot contact: 28
tot contact: 28
tot contact: 28
tot contact: 27
tot contact: 27
tot contact: 28
tot contact: 24
tot contact: 22
tot contact: 25
tot contact: 26
tot contact: 23
tot contact: 26
tot contact: 29
done grad
iter:  5
[I 10/02/26 14:25:19.356 13459] [swap_chain.cpp:dump_image_buffer@164] Dumping image buffer...
init time: 0.00024199485778808594
contact time: 0.00295257568359375
tot contact: 29
contact analysis time: 0.00045299530029296875
solving time: 0.4766578674316406 iter: 9
tot_time: 0.5163547992706299
init time: 0.00023055076599121094
contact time: 0.003126382827758789
tot contact: 26
contact analysis time: 0.0004601478576660156
solving time: 0.47214794158935547 iter: 9
tot_time: 0.9972445964813232
init time: 0.00023293495178222656
contact time: 0.0033197402954101562
tot contact: 23
contact analysis time: 0.0004687309265136719
solving time: 0.4769713878631592 iter: 9
tot_time: 1.483165979385376
init time: 0.00028777122497558594
contact time: 0.0035033226013183594
tot contact: 26
contact analysis time: 0.00044655799865722656
solving time: 0.568962812423706 iter: 11
tot_time: 2.061230421066284
init time: 0.00023365020751953125
contact time: 0.003815889358520508
tot contact: 25
contact analysis time: 0.0007648468017578125
solving time: 0.6273856163024902 iter: 12
tot_time: 2.6983859539031982
init time: 0.0002338886260986328
contact time: 0.003594636917114258
tot contact: 23
contact analysis time: 0.00043702125549316406
solving time: 0.7351202964782715 iter: 13
tot_time: 3.4429128170013428
init time: 0.00023508071899414062
contact time: 0.0036246776580810547
tot contact: 25
contact analysis time: 0.00045228004455566406
solving time: 0.9045407772064209 iter: 15
tot_time: 4.356614112854004
init time: 0.00023508071899414062
contact time: 0.0036194324493408203
tot contact: 29
contact analysis time: 0.0005261898040771484
solving time: 0.9370849132537842 iter: 15
tot_time: 5.302921533584595
init time: 0.00022912025451660156
contact time: 0.0036423206329345703
tot contact: 27
contact analysis time: 0.00045037269592285156
solving time: 0.9403095245361328 iter: 15
tot_time: 6.252530574798584
init time: 0.00023436546325683594
contact time: 0.0036077499389648438
tot contact: 27
contact analysis time: 0.0004684925079345703
solving time: 0.940028190612793 iter: 15
tot_time: 7.201766490936279
init time: 0.00023317337036132812
contact time: 0.003647327423095703
tot contact: 28
contact analysis time: 0.0004620552062988281
solving time: 0.9364466667175293 iter: 15
tot_time: 8.147430658340454
init time: 0.00023603439331054688
contact time: 0.0036590099334716797
tot contact: 29
contact analysis time: 0.00045871734619140625
solving time: 0.947021484375 iter: 15
tot_time: 9.103597640991211
init time: 0.0002930164337158203
contact time: 0.0036580562591552734
tot contact: 28
contact analysis time: 0.00044226646423339844
solving time: 0.9480526447296143 iter: 15
tot_time: 10.061020374298096
init time: 0.00023651123046875
contact time: 0.003752470016479492
tot contact: 29
contact analysis time: 0.00044536590576171875
solving time: 0.8815157413482666 iter: 14
tot_time: 10.951841592788696
init time: 0.00023055076599121094
contact time: 0.003783702850341797
tot contact: 28
contact analysis time: 0.0004622936248779297
solving time: 0.9540231227874756 iter: 15
tot_time: 11.915228605270386
init time: 0.00023603439331054688
contact time: 0.0035881996154785156
tot contact: 28
contact analysis time: 0.00044465065002441406
solving time: 0.9382812976837158 iter: 15
tot_time: 12.862623691558838
init time: 0.00030922889709472656
contact time: 0.0036995410919189453
tot contact: 31
contact analysis time: 0.00045680999755859375
solving time: 0.9476377964019775 iter: 15
tot_time: 13.819724321365356
init time: 0.0002353191375732422
contact time: 0.0036988258361816406
tot contact: 31
contact analysis time: 0.0004696846008300781
solving time: 0.9580013751983643 iter: 15
tot_time: 14.786987066268921
init time: 0.0002980232238769531
contact time: 0.0036630630493164062
tot contact: 35
contact analysis time: 0.0005230903625488281
solving time: 0.9506697654724121 iter: 15
tot_time: 15.747014999389648
init time: 0.0002269744873046875
contact time: 0.003762483596801758
tot contact: 37
contact analysis time: 0.0004534721374511719
solving time: 0.9543101787567139 iter: 15
tot_time: 16.71080994606018
init time: 0.00024962425231933594
contact time: 0.003780364990234375
tot contact: 38
contact analysis time: 0.0004744529724121094
solving time: 0.9632120132446289 iter: 15
tot_time: 17.68341851234436
init time: 0.00022983551025390625
contact time: 0.0037360191345214844
tot contact: 37
contact analysis time: 0.0004553794860839844
solving time: 0.965531587600708 iter: 15
tot_time: 18.65843963623047
init time: 0.0003147125244140625
contact time: 0.0037844181060791016
tot contact: 35
contact analysis time: 0.00048732757568359375
solving time: 0.9680004119873047 iter: 15
tot_time: 19.637380123138428
init time: 0.0003025531768798828
contact time: 0.003734111785888672
tot contact: 33
contact analysis time: 0.0004742145538330078
solving time: 0.9572021961212158 iter: 15
tot_time: 20.60417938232422
init time: 0.00023365020751953125
contact time: 0.0036513805389404297
tot contact: 32
contact analysis time: 0.0004620552062988281
solving time: 0.9590742588043213 iter: 15
tot_time: 21.572532653808594
init time: 0.00029754638671875
contact time: 0.0036962032318115234
tot contact: 34
contact analysis time: 0.00052642822265625
solving time: 0.957798957824707 iter: 15
tot_time: 22.539774179458618
init time: 0.00023746490478515625
contact time: 0.0037572383880615234
tot contact: 34
contact analysis time: 0.0004830360412597656
solving time: 0.9528608322143555 iter: 15
tot_time: 23.502068281173706
init time: 0.00024366378784179688
contact time: 0.003733396530151367
tot contact: 33
contact analysis time: 0.0004544258117675781
solving time: 0.9582915306091309 iter: 15
tot_time: 24.46972918510437
init time: 0.0002334117889404297
contact time: 0.003765583038330078
tot contact: 32
contact analysis time: 0.0004515647888183594
solving time: 0.958514928817749 iter: 15
tot_time: 25.437615394592285
init time: 0.00023317337036132812
contact time: 0.0038225650787353516
tot contact: 28
contact analysis time: 0.00048542022705078125
solving time: 0.9568426609039307 iter: 15
tot_time: 26.40392804145813
init time: 0.0002989768981933594
contact time: 0.00377655029296875
tot contact: 27
contact analysis time: 0.00044918060302734375
solving time: 0.9539425373077393 iter: 15
tot_time: 27.367440700531006
init time: 0.00025725364685058594
contact time: 0.0036995410919189453
tot contact: 25
contact analysis time: 0.0004658699035644531
solving time: 0.9563260078430176 iter: 15
tot_time: 28.33310890197754
init time: 0.0003063678741455078
contact time: 0.0036962032318115234
tot contact: 25
contact analysis time: 0.0005462169647216797
solving time: 0.9542229175567627 iter: 15
tot_time: 29.29688310623169
init time: 0.0002493858337402344
contact time: 0.003765583038330078
tot contact: 25
contact analysis time: 0.0004608631134033203
solving time: 0.960371732711792 iter: 15
tot_time: 30.26698088645935
init time: 0.00023412704467773438
contact time: 0.003644704818725586
tot contact: 24
contact analysis time: 0.0004572868347167969
solving time: 0.9842996597290039 iter: 15
tot_time: 31.26047110557556
init time: 0.00023651123046875
contact time: 0.0037009716033935547
tot contact: 24
contact analysis time: 0.00045943260192871094
solving time: 0.9844026565551758 iter: 15
tot_time: 32.25410985946655
init time: 0.00023126602172851562
contact time: 0.0036773681640625
tot contact: 22
contact analysis time: 0.00045299530029296875
solving time: 0.949878454208374 iter: 15
tot_time: 33.21332120895386
init time: 0.00023484230041503906
contact time: 0.0036897659301757812
tot contact: 21
contact analysis time: 0.0004591941833496094
solving time: 0.9517993927001953 iter: 15
tot_time: 34.17443132400513
init time: 0.0003046989440917969
contact time: 0.003696918487548828
tot contact: 20
contact analysis time: 0.0004677772521972656
solving time: 0.8083236217498779 iter: 13
tot_time: 34.9922878742218
init time: 0.00022935867309570312
contact time: 0.003701448440551758
tot contact: 21
contact analysis time: 0.0004551410675048828
solving time: 0.630138635635376 iter: 10
tot_time: 35.63171172142029
init time: 0.0002353191375732422
contact time: 0.0035614967346191406
tot contact: 20
contact analysis time: 0.0004761219024658203
solving time: 0.6927962303161621 iter: 11
tot_time: 36.33366823196411
init time: 0.00023221969604492188
contact time: 0.003629446029663086
tot contact: 20
contact analysis time: 0.0004622936248779297
solving time: 0.6957225799560547 iter: 11
tot_time: 37.03857374191284
init time: 0.0002315044403076172
contact time: 0.0036492347717285156
tot contact: 20
contact analysis time: 0.0005247592926025391
solving time: 0.8246865272521973 iter: 13
tot_time: 37.87252974510193
init time: 0.00023365020751953125
contact time: 0.00354766845703125
tot contact: 20
contact analysis time: 0.00047779083251953125
solving time: 0.888512372970581 iter: 14
tot_time: 38.77018094062805
init time: 0.00023245811462402344
contact time: 0.0036079883575439453
tot contact: 21
contact analysis time: 0.00047707557678222656
solving time: 0.9452879428863525 iter: 15
tot_time: 39.72471904754639
init time: 0.00024437904357910156
contact time: 0.003629922866821289
tot contact: 22
contact analysis time: 0.0004918575286865234
solving time: 0.9552502632141113 iter: 15
tot_time: 40.689268827438354
init time: 0.00030231475830078125
contact time: 0.003557920455932617
tot contact: 21
contact analysis time: 0.0005152225494384766
solving time: 0.715601921081543 iter: 11
tot_time: 41.41410970687866
init time: 0.0002923011779785156
contact time: 0.0035715103149414062
tot contact: 21
contact analysis time: 0.0005469322204589844
solving time: 0.6880793571472168 iter: 11
tot_time: 42.11165237426758
init time: 0.00030684471130371094
contact time: 0.0035521984100341797
tot contact: 22
contact analysis time: 0.0004611015319824219
solving time: 0.6186251640319824 iter: 10
tot_time: 42.740318298339844
tot_time: 42.740325689315796
total_reward: [-0.04620989212614203, -0.051045026778930795, -0.049063862245701424, -0.04555719427763499, -0.042305867104589605, -0.042046247478152304]
tot contact: 22
tot contact: 21
tot contact: 21
tot contact: 22
tot contact: 21
tot contact: 20
tot contact: 20
tot contact: 20
tot contact: 20
tot contact: 21
tot contact: 20
tot contact: 21
tot contact: 22
tot contact: 24
tot contact: 24
tot contact: 25
tot contact: 25
tot contact: 25
tot contact: 27
tot contact: 28
tot contact: 32
tot contact: 33
tot contact: 34
tot contact: 34
tot contact: 32
tot contact: 33
tot contact: 35
tot contact: 37
tot contact: 38
tot contact: 37
tot contact: 35
tot contact: 31
tot contact: 31
tot contact: 28
tot contact: 28
tot contact: 29
tot contact: 28
tot contact: 29
tot contact: 28
tot contact: 27
tot contact: 27
tot contact: 29
tot contact: 25
tot contact: 23
tot contact: 25
tot contact: 26
tot contact: 23
tot contact: 26
tot contact: 29
done grad
iter:  6
[I 10/02/26 14:26:05.324 13459] [swap_chain.cpp:dump_image_buffer@164] Dumping image buffer...
init time: 0.00023984909057617188
contact time: 0.002996206283569336
tot contact: 29
contact analysis time: 0.0005283355712890625
solving time: 0.4238295555114746 iter: 8
tot_time: 0.4639124870300293
init time: 0.0002429485321044922
contact time: 0.0030770301818847656
tot contact: 26
contact analysis time: 0.0004622936248779297
solving time: 0.4678003787994385 iter: 9
tot_time: 0.9404275417327881
init time: 0.00023055076599121094
contact time: 0.003318309783935547
tot contact: 23
contact analysis time: 0.00045371055603027344
solving time: 0.4668772220611572 iter: 9
tot_time: 1.4163391590118408
init time: 0.00024271011352539062
contact time: 0.003458261489868164
tot contact: 26
contact analysis time: 0.00047326087951660156
solving time: 0.5698690414428711 iter: 11
tot_time: 1.995271921157837
init time: 0.00022864341735839844
contact time: 0.0036182403564453125
tot contact: 25
contact analysis time: 0.0004627704620361328
solving time: 0.6244456768035889 iter: 12
tot_time: 2.6290206909179688
init time: 0.00024127960205078125
contact time: 0.0035965442657470703
tot contact: 23
contact analysis time: 0.0004742145538330078
solving time: 0.7348663806915283 iter: 13
tot_time: 3.3730690479278564
init time: 0.00023031234741210938
contact time: 0.0036246776580810547
tot contact: 25
contact analysis time: 0.00048041343688964844
solving time: 0.9475853443145752 iter: 15
tot_time: 4.329899549484253
init time: 0.0002524852752685547
contact time: 0.0035753250122070312
tot contact: 29
contact analysis time: 0.00045871734619140625
solving time: 0.9409253597259521 iter: 15
tot_time: 5.280041933059692
init time: 0.0002841949462890625
contact time: 0.0035898685455322266
tot contact: 27
contact analysis time: 0.000457763671875
solving time: 0.9419546127319336 iter: 15
tot_time: 6.231269121170044
init time: 0.00022268295288085938
contact time: 0.0035314559936523438
tot contact: 27
contact analysis time: 0.0004696846008300781
solving time: 0.9422497749328613 iter: 15
tot_time: 7.1827075481414795
init time: 0.0003228187561035156
contact time: 0.003787994384765625
tot contact: 28
contact analysis time: 0.0004963874816894531
solving time: 0.9389171600341797 iter: 15
tot_time: 8.133063077926636
init time: 0.00023317337036132812
contact time: 0.003734588623046875
tot contact: 29
contact analysis time: 0.0005266666412353516
solving time: 0.9502182006835938 iter: 15
tot_time: 9.09264063835144
init time: 0.00023245811462402344
contact time: 0.003685474395751953
tot contact: 28
contact analysis time: 0.0004527568817138672
solving time: 0.9447014331817627 iter: 15
tot_time: 10.046750545501709
init time: 0.0002689361572265625
contact time: 0.0037276744842529297
tot contact: 29
contact analysis time: 0.0005159378051757812
solving time: 0.9535322189331055 iter: 15
tot_time: 11.010043382644653
init time: 0.0002524852752685547
contact time: 0.0038034915924072266
tot contact: 28
contact analysis time: 0.00046062469482421875
solving time: 0.9416313171386719 iter: 15
tot_time: 11.961210250854492
init time: 0.00022411346435546875
contact time: 0.0035996437072753906
tot contact: 29
contact analysis time: 0.0004284381866455078
solving time: 0.944549560546875 iter: 15
tot_time: 12.915030717849731
init time: 0.00023412704467773438
contact time: 0.003711700439453125
tot contact: 30
contact analysis time: 0.00044798851013183594
solving time: 0.9540801048278809 iter: 15
tot_time: 13.87834095954895
init time: 0.0002224445343017578
contact time: 0.003719806671142578
tot contact: 32
contact analysis time: 0.00047087669372558594
solving time: 0.9602892398834229 iter: 15
tot_time: 14.847915410995483
init time: 0.00023412704467773438
contact time: 0.0036401748657226562
tot contact: 35
contact analysis time: 0.0005536079406738281
solving time: 0.9534485340118408 iter: 15
tot_time: 15.810609817504883
init time: 0.00022602081298828125
contact time: 0.0037412643432617188
tot contact: 37
contact analysis time: 0.0004525184631347656
solving time: 0.9580965042114258 iter: 15
tot_time: 16.77818465232849
init time: 0.0002295970916748047
contact time: 0.003752470016479492
tot contact: 37
contact analysis time: 0.00047206878662109375
solving time: 0.9633722305297852 iter: 15
tot_time: 17.750906467437744
init time: 0.00023031234741210938
contact time: 0.003755331039428711
tot contact: 36
contact analysis time: 0.00046634674072265625
solving time: 0.9650042057037354 iter: 15
tot_time: 18.72533941268921
init time: 0.00023627281188964844
contact time: 0.003732442855834961
tot contact: 34
contact analysis time: 0.00048828125
solving time: 0.9630441665649414 iter: 15
tot_time: 19.697720766067505
init time: 0.0002605915069580078
contact time: 0.0038025379180908203
tot contact: 32
contact analysis time: 0.00047516822814941406
solving time: 0.9533042907714844 iter: 15
tot_time: 20.660870790481567
init time: 0.00023627281188964844
contact time: 0.003817319869995117
tot contact: 32
contact analysis time: 0.000514984130859375
solving time: 0.9372334480285645 iter: 15
tot_time: 21.607619285583496
init time: 0.00022101402282714844
contact time: 0.003736734390258789
tot contact: 34
contact analysis time: 0.00045371055603027344
solving time: 0.9401085376739502 iter: 15
tot_time: 22.55718207359314
init time: 0.00023865699768066406
contact time: 0.0037250518798828125
tot contact: 34
contact analysis time: 0.0004780292510986328
solving time: 0.9340806007385254 iter: 15
tot_time: 23.50054955482483
init time: 0.00021910667419433594
contact time: 0.0037238597869873047
tot contact: 34
contact analysis time: 0.00044798851013183594
solving time: 0.9363737106323242 iter: 15
tot_time: 24.446298122406006
init time: 0.0002219676971435547
contact time: 0.0037467479705810547
tot contact: 32
contact analysis time: 0.0004687309265136719
solving time: 0.9383370876312256 iter: 15
tot_time: 25.39384388923645
init time: 0.00021719932556152344
contact time: 0.0037474632263183594
tot contact: 28
contact analysis time: 0.0004780292510986328
solving time: 0.9289014339447021 iter: 15
tot_time: 26.332082509994507
init time: 0.00022029876708984375
contact time: 0.003736734390258789
tot contact: 27
contact analysis time: 0.0004639625549316406
solving time: 0.9305784702301025 iter: 15
tot_time: 27.27183508872986
init time: 0.0002415180206298828
contact time: 0.0037758350372314453
tot contact: 25
contact analysis time: 0.0004928112030029297
solving time: 0.9384613037109375 iter: 15
tot_time: 28.2198748588562
init time: 0.00023674964904785156
contact time: 0.0037376880645751953
tot contact: 25
contact analysis time: 0.00048804283142089844
solving time: 0.9340224266052246 iter: 15
tot_time: 29.16330313682556
init time: 0.0002117156982421875
contact time: 0.003698110580444336
tot contact: 24
contact analysis time: 0.0004563331604003906
solving time: 0.895176887512207 iter: 15
tot_time: 30.067807912826538
init time: 0.00022149085998535156
contact time: 0.0036847591400146484
tot contact: 24
contact analysis time: 0.0004639625549316406
solving time: 0.9347431659698486 iter: 15
tot_time: 31.011667728424072
init time: 0.00022029876708984375
contact time: 0.003670215606689453
tot contact: 24
contact analysis time: 0.00047850608825683594
solving time: 0.9565165042877197 iter: 15
tot_time: 31.97743558883667
init time: 0.00028443336486816406
contact time: 0.0035877227783203125
tot contact: 22
contact analysis time: 0.0004992485046386719
solving time: 0.9267022609710693 iter: 15
tot_time: 32.91333341598511
init time: 0.00021696090698242188
contact time: 0.003636598587036133
tot contact: 21
contact analysis time: 0.0004620552062988281
solving time: 0.923882246017456 iter: 15
tot_time: 33.84640169143677
init time: 0.00022864341735839844
contact time: 0.0036830902099609375
tot contact: 20
contact analysis time: 0.0004456043243408203
solving time: 0.8377177715301514 iter: 14
tot_time: 34.69330835342407
init time: 0.0002162456512451172
contact time: 0.00370025634765625
tot contact: 21
contact analysis time: 0.00044989585876464844
solving time: 0.6184589862823486 iter: 10
tot_time: 35.32103395462036
init time: 0.00031304359436035156
contact time: 0.0034835338592529297
tot contact: 20
contact analysis time: 0.0005142688751220703
solving time: 0.6784708499908447 iter: 11
tot_time: 36.00869846343994
init time: 0.0002951622009277344
contact time: 0.0036377906799316406
tot contact: 20
contact analysis time: 0.00048279762268066406
solving time: 0.7362833023071289 iter: 12
tot_time: 36.75427222251892
init time: 0.0002193450927734375
contact time: 0.0035893917083740234
tot contact: 20
contact analysis time: 0.0004558563232421875
solving time: 0.8063466548919678 iter: 13
tot_time: 37.56963062286377
init time: 0.00022649765014648438
contact time: 0.0035669803619384766
tot contact: 20
contact analysis time: 0.00043654441833496094
solving time: 0.8588008880615234 iter: 14
tot_time: 38.437578201293945
init time: 0.0002834796905517578
contact time: 0.003509044647216797
tot contact: 20
contact analysis time: 0.0005216598510742188
solving time: 0.9153304100036621 iter: 15
tot_time: 39.362065076828
init time: 0.0002257823944091797
contact time: 0.003595113754272461
tot contact: 22
contact analysis time: 0.0004508495330810547
solving time: 0.788182258605957 iter: 13
tot_time: 40.15939450263977
init time: 0.0003101825714111328
contact time: 0.0035877227783203125
tot contact: 21
contact analysis time: 0.0004494190216064453
solving time: 0.6125748157501221 iter: 10
tot_time: 40.78101301193237
init time: 0.00022363662719726562
contact time: 0.0036058425903320312
tot contact: 21
contact analysis time: 0.0004913806915283203
solving time: 0.6753320693969727 iter: 11
tot_time: 41.465752840042114
init time: 0.00022077560424804688
contact time: 0.003577709197998047
tot contact: 22
contact analysis time: 0.00044918060302734375
solving time: 0.6057925224304199 iter: 10
tot_time: 42.080623388290405
tot_time: 42.08063554763794
total_reward: [-0.04620989212614203, -0.051045026778930795, -0.049063862245701424, -0.04555719427763499, -0.042305867104589605, -0.042046247478152304, -0.04164040828424509]
tot contact: 22
tot contact: 21
tot contact: 21
tot contact: 22
tot contact: 20
tot contact: 20
tot contact: 20
tot contact: 20
tot contact: 20
tot contact: 21
tot contact: 20
tot contact: 21
tot contact: 22
tot contact: 24
tot contact: 24
tot contact: 24
tot contact: 25
tot contact: 25
tot contact: 27
tot contact: 28
tot contact: 32
tot contact: 34
tot contact: 34
tot contact: 34
tot contact: 32
tot contact: 32
tot contact: 34
tot contact: 36
tot contact: 37
tot contact: 37
tot contact: 35
tot contact: 32
tot contact: 30
tot contact: 29
tot contact: 28
tot contact: 29
tot contact: 28
tot contact: 29
tot contact: 28
tot contact: 27
tot contact: 27
tot contact: 29
tot contact: 25
tot contact: 23
tot contact: 25
tot contact: 26
tot contact: 23
tot contact: 26
tot contact: 29
done grad
iter:  7
[I 10/02/26 14:26:50.573 13459] [swap_chain.cpp:dump_image_buffer@164] Dumping image buffer...
init time: 0.0002148151397705078
contact time: 0.0029430389404296875
tot contact: 29
contact analysis time: 0.00044417381286621094
solving time: 0.4087843894958496 iter: 8
tot_time: 0.44756150245666504
init time: 0.0002655982971191406
contact time: 0.003055095672607422
tot contact: 26
contact analysis time: 0.0005409717559814453
solving time: 0.4572882652282715 iter: 9
tot_time: 0.9134509563446045
init time: 0.00026917457580566406
contact time: 0.0032317638397216797
tot contact: 23
contact analysis time: 0.0005400180816650391
solving time: 0.454953670501709 iter: 9
tot_time: 1.3771302700042725
init time: 0.00021600723266601562
contact time: 0.003461122512817383
tot contact: 26
contact analysis time: 0.000461578369140625
solving time: 0.5571625232696533 iter: 11
tot_time: 1.9431676864624023
init time: 0.0002968311309814453
contact time: 0.0035712718963623047
tot contact: 25
contact analysis time: 0.0005099773406982422
solving time: 0.6087255477905273 iter: 12
tot_time: 2.5610454082489014
init time: 0.00032258033752441406
contact time: 0.003534555435180664
tot contact: 25
contact analysis time: 0.0005376338958740234
solving time: 0.6815094947814941 iter: 12
tot_time: 3.2516725063323975
init time: 0.0002186298370361328
contact time: 0.003604888916015625
tot contact: 24
contact analysis time: 0.00047206878662109375
solving time: 0.691943883895874 iter: 13
tot_time: 3.9526007175445557
init time: 0.00021839141845703125
contact time: 0.003564596176147461
tot contact: 29
contact analysis time: 0.0004773139953613281
solving time: 0.9147403240203857 iter: 15
tot_time: 4.87634015083313
init time: 0.00022101402282714844
contact time: 0.003612995147705078
tot contact: 28
contact analysis time: 0.0004379749298095703
solving time: 0.9163169860839844 iter: 15
tot_time: 5.801749229431152
init time: 0.000232696533203125
contact time: 0.0035359859466552734
tot contact: 28
contact analysis time: 0.000461578369140625
solving time: 0.915247917175293 iter: 15
tot_time: 6.726037263870239
init time: 0.0002257823944091797
contact time: 0.003611326217651367
tot contact: 28
contact analysis time: 0.0004889965057373047
solving time: 0.9157209396362305 iter: 15
tot_time: 7.650893688201904
init time: 0.0002200603485107422
contact time: 0.0035169124603271484
tot contact: 29
contact analysis time: 0.000453948974609375
solving time: 0.9243571758270264 iter: 15
tot_time: 8.584141492843628
init time: 0.00028014183044433594
contact time: 0.0036163330078125
tot contact: 28
contact analysis time: 0.000476837158203125
solving time: 0.8619058132171631 iter: 14
tot_time: 9.45517873764038
init time: 0.00021910667419433594
contact time: 0.003731966018676758
tot contact: 29
contact analysis time: 0.0004544258117675781
solving time: 0.9213089942932129 iter: 15
tot_time: 10.385703802108765
init time: 0.00023603439331054688
contact time: 0.0037403106689453125
tot contact: 28
contact analysis time: 0.00046181678771972656
solving time: 0.9183471202850342 iter: 15
tot_time: 11.313411235809326
init time: 0.0002377033233642578
contact time: 0.0036623477935791016
tot contact: 29
contact analysis time: 0.0004909038543701172
solving time: 0.922966718673706 iter: 15
tot_time: 12.245790004730225
init time: 0.00028777122497558594
contact time: 0.0036814212799072266
tot contact: 32
contact analysis time: 0.0004916191101074219
solving time: 0.9281809329986572 iter: 15
tot_time: 13.18339991569519
init time: 0.00021982192993164062
contact time: 0.003648519515991211
tot contact: 31
contact analysis time: 0.0004410743713378906
solving time: 0.9359173774719238 iter: 15
tot_time: 14.128524780273438
init time: 0.0003032684326171875
contact time: 0.0036182403564453125
tot contact: 34
contact analysis time: 0.0005080699920654297
solving time: 0.9267590045928955 iter: 15
tot_time: 15.064480066299438
init time: 0.00022840499877929688
contact time: 0.0037412643432617188
tot contact: 36
contact analysis time: 0.00046133995056152344
solving time: 0.9375190734863281 iter: 15
tot_time: 16.011357069015503
init time: 0.00022101402282714844
contact time: 0.003717660903930664
tot contact: 37
contact analysis time: 0.00044727325439453125
solving time: 0.9415359497070312 iter: 15
tot_time: 16.962291955947876
init time: 0.0002143383026123047
contact time: 0.003718852996826172
tot contact: 36
contact analysis time: 0.0004513263702392578
solving time: 0.9410569667816162 iter: 15
tot_time: 17.9125759601593
init time: 0.00022101402282714844
contact time: 0.0036516189575195312
tot contact: 33
contact analysis time: 0.0004749298095703125
solving time: 0.9342255592346191 iter: 15
tot_time: 18.855955123901367
init time: 0.000286102294921875
contact time: 0.003705263137817383
tot contact: 32
contact analysis time: 0.0004470348358154297
solving time: 0.9380378723144531 iter: 15
tot_time: 19.80339765548706
init time: 0.00022172927856445312
contact time: 0.0036928653717041016
tot contact: 32
contact analysis time: 0.00043654441833496094
solving time: 0.9406218528747559 iter: 15
tot_time: 20.75312829017639
init time: 0.0002753734588623047
contact time: 0.003701448440551758
tot contact: 33
contact analysis time: 0.0005056858062744141
solving time: 0.9386184215545654 iter: 15
tot_time: 21.70104146003723
init time: 0.00022411346435546875
contact time: 0.003775358200073242
tot contact: 34
contact analysis time: 0.00045418739318847656
solving time: 0.9311764240264893 iter: 15
tot_time: 22.641582250595093
init time: 0.0002307891845703125
contact time: 0.0037415027618408203
tot contact: 34
contact analysis time: 0.0004668235778808594
solving time: 0.9325690269470215 iter: 15
tot_time: 23.58337140083313
init time: 0.0002200603485107422
contact time: 0.0037407875061035156
tot contact: 32
contact analysis time: 0.0004520416259765625
solving time: 0.9329724311828613 iter: 15
tot_time: 24.525610208511353
init time: 0.00022792816162109375
contact time: 0.0037326812744140625
tot contact: 28
contact analysis time: 0.0004899501800537109
solving time: 0.9300036430358887 iter: 15
tot_time: 25.46501898765564
init time: 0.0002980232238769531
contact time: 0.0037848949432373047
tot contact: 27
contact analysis time: 0.0004601478576660156
solving time: 0.9271156787872314 iter: 15
tot_time: 26.401548862457275
init time: 0.00022029876708984375
contact time: 0.0036764144897460938
tot contact: 25
contact analysis time: 0.0004513263702392578
solving time: 0.9346199035644531 iter: 15
tot_time: 27.34529709815979
init time: 0.00027632713317871094
contact time: 0.003675699234008789
tot contact: 24
contact analysis time: 0.0005121231079101562
solving time: 0.9319839477539062 iter: 15
tot_time: 28.286527156829834
init time: 0.00022172927856445312
contact time: 0.0037355422973632812
tot contact: 24
contact analysis time: 0.0004875659942626953
solving time: 0.8936209678649902 iter: 15
tot_time: 29.189491987228394
init time: 0.0002269744873046875
contact time: 0.0036585330963134766
tot contact: 23
contact analysis time: 0.00045108795166015625
solving time: 0.8923056125640869 iter: 15
tot_time: 30.09092903137207
init time: 0.0002193450927734375
contact time: 0.0036668777465820312
tot contact: 24
contact analysis time: 0.00048828125
solving time: 0.9312357902526855 iter: 15
tot_time: 31.031413555145264
init time: 0.00021767616271972656
contact time: 0.0036873817443847656
tot contact: 23
contact analysis time: 0.0004494190216064453
solving time: 0.9379994869232178 iter: 15
tot_time: 31.978546380996704
init time: 0.00028705596923828125
contact time: 0.003622770309448242
tot contact: 21
contact analysis time: 0.0004508495330810547
solving time: 0.9224443435668945 iter: 15
tot_time: 32.91026544570923
init time: 0.0002181529998779297
contact time: 0.0036063194274902344
tot contact: 19
contact analysis time: 0.00045490264892578125
solving time: 0.8526036739349365 iter: 14
tot_time: 33.77187705039978
init time: 0.0002818107604980469
contact time: 0.0036780834197998047
tot contact: 21
contact analysis time: 0.0004401206970214844
solving time: 0.6196291446685791 iter: 10
tot_time: 34.400726079940796
init time: 0.00022125244140625
contact time: 0.0035674571990966797
tot contact: 20
contact analysis time: 0.00044035911560058594
solving time: 0.6744964122772217 iter: 11
tot_time: 35.08426523208618
init time: 0.00021767616271972656
contact time: 0.0035932064056396484
tot contact: 20
contact analysis time: 0.00045037269592285156
solving time: 0.7358348369598389 iter: 12
tot_time: 35.82922029495239
init time: 0.00022268295288085938
contact time: 0.003612518310546875
tot contact: 20
contact analysis time: 0.0004990100860595703
solving time: 0.7349786758422852 iter: 12
tot_time: 36.57336091995239
init time: 0.0002269744873046875
contact time: 0.003586292266845703
tot contact: 19
contact analysis time: 0.0004456043243408203
solving time: 0.8675601482391357 iter: 14
tot_time: 37.45027494430542
init time: 0.00021910667419433594
contact time: 0.00351715087890625
tot contact: 20
contact analysis time: 0.0004317760467529297
solving time: 0.9143726825714111 iter: 15
tot_time: 38.37359309196472
init time: 0.0002162456512451172
contact time: 0.0036008358001708984
tot contact: 22
contact analysis time: 0.0004432201385498047
solving time: 0.7852723598480225 iter: 13
tot_time: 39.16800355911255
init time: 0.00025081634521484375
contact time: 0.003441333770751953
tot contact: 20
contact analysis time: 0.0004494190216064453
solving time: 0.7938787937164307 iter: 13
tot_time: 39.97084856033325
init time: 0.00023317337036132812
contact time: 0.003563404083251953
tot contact: 21
contact analysis time: 0.0004558563232421875
solving time: 0.7399353981018066 iter: 12
tot_time: 40.71998834609985
init time: 0.00022172927856445312
contact time: 0.003656148910522461
tot contact: 20
contact analysis time: 0.0004553794860839844
solving time: 0.5930056571960449 iter: 10
tot_time: 41.3221640586853
tot_time: 41.322171449661255
total_reward: [-0.04620989212614203, -0.051045026778930795, -0.049063862245701424, -0.04555719427763499, -0.042305867104589605, -0.042046247478152304, -0.04164040828424509, -0.04109133113719108]
tot contact: 20
tot contact: 21
tot contact: 20
tot contact: 22
tot contact: 20
tot contact: 19
tot contact: 20
tot contact: 20
tot contact: 20
tot contact: 21
tot contact: 19
tot contact: 21
tot contact: 23
tot contact: 24
tot contact: 23
tot contact: 24
tot contact: 24
tot contact: 25
tot contact: 27
tot contact: 28
tot contact: 32
tot contact: 34
tot contact: 34
tot contact: 33
tot contact: 32
tot contact: 32
tot contact: 33
tot contact: 36
tot contact: 37
tot contact: 36
tot contact: 34
tot contact: 31
tot contact: 32
tot contact: 29
tot contact: 28
tot contact: 29
tot contact: 28
tot contact: 29
tot contact: 28
tot contact: 28
tot contact: 28
tot contact: 29
tot contact: 24
tot contact: 25
tot contact: 25
tot contact: 26
tot contact: 23
tot contact: 26
tot contact: 29
done grad
iter:  8
[I 10/02/26 14:27:35.037 13459] [swap_chain.cpp:dump_image_buffer@164] Dumping image buffer...
init time: 0.00022339820861816406
contact time: 0.0029044151306152344
tot contact: 29
contact analysis time: 0.00045037269592285156
solving time: 0.4082326889038086 iter: 8
tot_time: 0.4467933177947998
init time: 0.0002732276916503906
contact time: 0.0030667781829833984
tot contact: 26
contact analysis time: 0.0004980564117431641
solving time: 0.4559636116027832 iter: 9
tot_time: 0.9113643169403076
init time: 0.0002186298370361328
contact time: 0.003267526626586914
tot contact: 23
contact analysis time: 0.0004718303680419922
solving time: 0.45298218727111816 iter: 9
tot_time: 1.3731608390808105
init time: 0.00030159950256347656
contact time: 0.0034089088439941406
tot contact: 26
contact analysis time: 0.00045180320739746094
solving time: 0.565554141998291 iter: 11
tot_time: 1.9476406574249268
init time: 0.00022673606872558594
contact time: 0.0035750865936279297
tot contact: 25
contact analysis time: 0.0004620552062988281
solving time: 0.6062767505645752 iter: 12
tot_time: 2.563122272491455
init time: 0.00022554397583007812
contact time: 0.0035402774810791016
tot contact: 25
contact analysis time: 0.0004832744598388672
solving time: 0.720181941986084 iter: 13
tot_time: 3.2923080921173096
init time: 0.0002224445343017578
contact time: 0.003541231155395508
tot contact: 24
contact analysis time: 0.0004436969757080078
solving time: 0.6907398700714111 iter: 13
tot_time: 3.992100715637207
init time: 0.0003063678741455078
contact time: 0.0036194324493408203
tot contact: 29
contact analysis time: 0.00046062469482421875
solving time: 0.9268221855163574 iter: 15
tot_time: 4.9282896518707275
init time: 0.00022292137145996094
contact time: 0.00354766845703125
tot contact: 28
contact analysis time: 0.0004477500915527344
solving time: 0.9136269092559814 iter: 15
tot_time: 5.851013660430908
init time: 0.0002968311309814453
contact time: 0.003526449203491211
tot contact: 28
contact analysis time: 0.0005099773406982422
solving time: 0.9122884273529053 iter: 15
tot_time: 6.772350788116455
init time: 0.0002143383026123047
contact time: 0.003600597381591797
tot contact: 28
contact analysis time: 0.00045561790466308594
solving time: 0.9178249835968018 iter: 15
tot_time: 7.6991496086120605
init time: 0.00023102760314941406
contact time: 0.0036382675170898438
tot contact: 29
contact analysis time: 0.0004546642303466797
solving time: 0.9224860668182373 iter: 15
tot_time: 8.630951166152954
init time: 0.000225067138671875
contact time: 0.0036149024963378906
tot contact: 28
contact analysis time: 0.00045561790466308594
solving time: 0.9208457469940186 iter: 15
tot_time: 9.560858964920044
init time: 0.0002186298370361328
contact time: 0.0037376880645751953
tot contact: 29
contact analysis time: 0.00044918060302734375
solving time: 0.9210336208343506 iter: 15
tot_time: 10.491076946258545
init time: 0.00022554397583007812
contact time: 0.0036983489990234375
tot contact: 28
contact analysis time: 0.0004608631134033203
solving time: 0.9150612354278564 iter: 15
tot_time: 11.415417909622192
init time: 0.0002205371856689453
contact time: 0.003613710403442383
tot contact: 29
contact analysis time: 0.00045013427734375
solving time: 0.9263625144958496 iter: 15
tot_time: 12.350954532623291
init time: 0.00022840499877929688
contact time: 0.003660440444946289
tot contact: 32
contact analysis time: 0.0004761219024658203
solving time: 0.9259400367736816 iter: 15
tot_time: 13.286022424697876
init time: 0.000293731689453125
contact time: 0.0037322044372558594
tot contact: 31
contact analysis time: 0.00045871734619140625
solving time: 0.9349765777587891 iter: 15
tot_time: 14.230478525161743
init time: 0.00021910667419433594
contact time: 0.0036237239837646484
tot contact: 34
contact analysis time: 0.00044608116149902344
solving time: 0.9233272075653076 iter: 15
tot_time: 15.162790060043335
init time: 0.0002827644348144531
contact time: 0.003581523895263672
tot contact: 36
contact analysis time: 0.0005183219909667969
solving time: 0.9325160980224609 iter: 15
tot_time: 16.10441827774048
init time: 0.00022101402282714844
contact time: 0.003703594207763672
tot contact: 35
contact analysis time: 0.0004363059997558594
solving time: 0.9377267360687256 iter: 15
tot_time: 17.051278591156006
init time: 0.00022172927856445312
contact time: 0.0037069320678710938
tot contact: 34
contact analysis time: 0.00047016143798828125
solving time: 0.9420154094696045 iter: 15
tot_time: 18.002485513687134
init time: 0.0002453327178955078
contact time: 0.003648996353149414
tot contact: 32
contact analysis time: 0.00045371055603027344
solving time: 0.9334619045257568 iter: 15
tot_time: 18.94523525238037
init time: 0.00022125244140625
contact time: 0.003643512725830078
tot contact: 32
contact analysis time: 0.0004837512969970703
solving time: 0.9375159740447998 iter: 15
tot_time: 19.891964197158813
init time: 0.0002765655517578125
contact time: 0.0037488937377929688
tot contact: 32
contact analysis time: 0.00044918060302734375
solving time: 0.9330036640167236 iter: 15
tot_time: 20.834324598312378
init time: 0.0002384185791015625
contact time: 0.003751993179321289
tot contact: 33
contact analysis time: 0.0005123615264892578
solving time: 0.9499921798706055 iter: 15
tot_time: 21.7938551902771
init time: 0.0002942085266113281
contact time: 0.0036864280700683594
tot contact: 34
contact analysis time: 0.0005102157592773438
solving time: 0.9295644760131836 iter: 15
tot_time: 22.73269534111023
init time: 0.00022172927856445312
contact time: 0.003736257553100586
tot contact: 34
contact analysis time: 0.0004451274871826172
solving time: 0.9310884475708008 iter: 15
tot_time: 23.673065423965454
init time: 0.00022339820861816406
contact time: 0.003751993179321289
tot contact: 32
contact analysis time: 0.0004456043243408203
solving time: 0.9323112964630127 iter: 15
tot_time: 24.614539623260498
init time: 0.00022673606872558594
contact time: 0.003786325454711914
tot contact: 28
contact analysis time: 0.0004622936248779297
solving time: 0.9272310733795166 iter: 15
tot_time: 25.55108118057251
init time: 0.00023365020751953125
contact time: 0.0036814212799072266
tot contact: 27
contact analysis time: 0.000453948974609375
solving time: 0.9264199733734131 iter: 15
tot_time: 26.486627101898193
init time: 0.00027441978454589844
contact time: 0.003716707229614258
tot contact: 24
contact analysis time: 0.00045013427734375
solving time: 0.9288361072540283 iter: 15
tot_time: 27.424750804901123
init time: 0.00021910667419433594
contact time: 0.0036804676055908203
tot contact: 24
contact analysis time: 0.00044155120849609375
solving time: 0.9361052513122559 iter: 15
tot_time: 28.369953632354736
init time: 0.0003025531768798828
contact time: 0.0036177635192871094
tot contact: 25
contact analysis time: 0.0005030632019042969
solving time: 0.904383659362793 iter: 15
tot_time: 29.283483505249023
init time: 0.0002243518829345703
contact time: 0.003668546676635742
tot contact: 24
contact analysis time: 0.0004372596740722656
solving time: 0.896857500076294 iter: 15
tot_time: 30.189401865005493
init time: 0.00021791458129882812
contact time: 0.0036687850952148438
tot contact: 24
contact analysis time: 0.0004513263702392578
solving time: 0.9362854957580566 iter: 15
tot_time: 31.134793996810913
init time: 0.0002243518829345703
contact time: 0.003674745559692383
tot contact: 23
contact analysis time: 0.0004525184631347656
solving time: 0.9333133697509766 iter: 15
tot_time: 32.07726430892944
init time: 0.0002231597900390625
contact time: 0.0036461353302001953
tot contact: 21
contact analysis time: 0.0004544258117675781
solving time: 0.9201633930206299 iter: 15
tot_time: 33.0065815448761
init time: 0.0002219676971435547
contact time: 0.003554105758666992
tot contact: 19
contact analysis time: 0.00044989585876464844
solving time: 0.9182224273681641 iter: 15
tot_time: 33.93382978439331
init time: 0.000225067138671875
contact time: 0.0036857128143310547
tot contact: 21
contact analysis time: 0.000461578369140625
solving time: 0.6959614753723145 iter: 11
tot_time: 34.63892960548401
init time: 0.00029778480529785156
contact time: 0.003516674041748047
tot contact: 20
contact analysis time: 0.000522613525390625
solving time: 0.6744296550750732 iter: 11
tot_time: 35.322471141815186
init time: 0.0002808570861816406
contact time: 0.0036077499389648438
tot contact: 20
contact analysis time: 0.0004355907440185547
solving time: 0.7357604503631592 iter: 12
tot_time: 36.06729865074158
init time: 0.0002803802490234375
contact time: 0.0035903453826904297
tot contact: 19
contact analysis time: 0.00046133995056152344
solving time: 0.7920546531677246 iter: 13
tot_time: 36.868685483932495
init time: 0.00030994415283203125
contact time: 0.003599882125854492
tot contact: 19
contact analysis time: 0.0005447864532470703
solving time: 0.9151885509490967 iter: 15
tot_time: 37.79330039024353
init time: 0.0002200603485107422
contact time: 0.0035910606384277344
tot contact: 18
contact analysis time: 0.0004467964172363281
solving time: 0.9058892726898193 iter: 15
tot_time: 38.70832180976868
init time: 0.00022554397583007812
contact time: 0.0036029815673828125
tot contact: 22
contact analysis time: 0.0004622936248779297
solving time: 0.8470518589019775 iter: 14
tot_time: 39.56442141532898
init time: 0.0002200603485107422
contact time: 0.003517627716064453
tot contact: 20
contact analysis time: 0.0004444122314453125
solving time: 0.7906746864318848 iter: 13
tot_time: 40.36416673660278
init time: 0.0002257823944091797
contact time: 0.003583669662475586
tot contact: 21
contact analysis time: 0.0005142688751220703
solving time: 0.7334778308868408 iter: 12
tot_time: 41.106659173965454
init time: 0.00021719932556152344
contact time: 0.0035545825958251953
tot contact: 19
contact analysis time: 0.0005166530609130859
solving time: 0.5940625667572021 iter: 10
tot_time: 41.70975685119629
tot_time: 41.709771156311035
total_reward: [-0.04620989212614203, -0.051045026778930795, -0.049063862245701424, -0.04555719427763499, -0.042305867104589605, -0.042046247478152304, -0.04164040828424509, -0.04109133113719108, -0.04043226725454258]
tot contact: 19
tot contact: 21
tot contact: 20
tot contact: 22
tot contact: 18
tot contact: 19
tot contact: 19
tot contact: 20
tot contact: 20
tot contact: 21
tot contact: 19
tot contact: 21
tot contact: 23
tot contact: 24
tot contact: 24
tot contact: 25
tot contact: 24
tot contact: 24
tot contact: 27
tot contact: 28
tot contact: 32
tot contact: 34
tot contact: 34
tot contact: 33
tot contact: 32
tot contact: 32
tot contact: 32
tot contact: 34
tot contact: 35
tot contact: 36
tot contact: 34
tot contact: 31
tot contact: 32
tot contact: 29
tot contact: 28
tot contact: 29
tot contact: 28
tot contact: 29
tot contact: 28
tot contact: 28
tot contact: 28
tot contact: 29
tot contact: 24
tot contact: 25
tot contact: 25
tot contact: 26
tot contact: 23
tot contact: 26
tot contact: 29
done grad
iter:  9
[I 10/02/26 14:28:19.883 13459] [swap_chain.cpp:dump_image_buffer@164] Dumping image buffer...
init time: 0.0002269744873046875
contact time: 0.0028946399688720703
tot contact: 29
contact analysis time: 0.000457763671875
solving time: 0.41376471519470215 iter: 8
tot_time: 0.45232677459716797
init time: 0.00029087066650390625
contact time: 0.0030889511108398438
tot contact: 26
contact analysis time: 0.0004470348358154297
solving time: 0.45880579948425293 iter: 9
tot_time: 0.9197556972503662
init time: 0.00022459030151367188
contact time: 0.003347635269165039
tot contact: 23
contact analysis time: 0.00045108795166015625
solving time: 0.461683988571167 iter: 9
tot_time: 1.3903512954711914
init time: 0.00027179718017578125
contact time: 0.0034055709838867188
tot contact: 26
contact analysis time: 0.0005002021789550781
solving time: 0.5558125972747803 iter: 11
tot_time: 1.9550857543945312
init time: 0.0002956390380859375
contact time: 0.0036203861236572266
tot contact: 26
contact analysis time: 0.000522613525390625
solving time: 0.6597301959991455 iter: 12
tot_time: 2.6241743564605713
init time: 0.00022172927856445312
contact time: 0.003492116928100586
tot contact: 25
contact analysis time: 0.0004467964172363281
solving time: 0.7144064903259277 iter: 13
tot_time: 3.347517490386963
init time: 0.00030493736267089844
contact time: 0.003550291061401367
tot contact: 24
contact analysis time: 0.0004572868347167969
solving time: 0.6906569004058838 iter: 13
tot_time: 4.047269582748413
init time: 0.00023794174194335938
contact time: 0.0035712718963623047
tot contact: 30
contact analysis time: 0.000499725341796875
solving time: 0.9156665802001953 iter: 15
tot_time: 4.972365856170654
init time: 0.00023698806762695312
contact time: 0.0035233497619628906
tot contact: 29
contact analysis time: 0.00046443939208984375
solving time: 0.9126648902893066 iter: 15
tot_time: 5.894086599349976
init time: 0.0002205371856689453
contact time: 0.0035970211029052734
tot contact: 28
contact analysis time: 0.00045490264892578125
solving time: 0.9156150817871094 iter: 15
tot_time: 6.818741798400879
init time: 0.0002205371856689453
contact time: 0.003584146499633789
tot contact: 28
contact analysis time: 0.00045752525329589844
solving time: 0.9139494895935059 iter: 15
tot_time: 7.7418599128723145
init time: 0.0002875328063964844
contact time: 0.003579378128051758
tot contact: 29
contact analysis time: 0.000453948974609375
solving time: 0.9228167533874512 iter: 15
tot_time: 8.673835515975952
init time: 0.0002200603485107422
contact time: 0.003591299057006836
tot contact: 28
contact analysis time: 0.0004515647888183594
solving time: 0.8621528148651123 iter: 14
tot_time: 9.545122146606445
init time: 0.0002257823944091797
contact time: 0.0037262439727783203
tot contact: 29
contact analysis time: 0.00046133995056152344
solving time: 0.9185891151428223 iter: 15
tot_time: 10.472929239273071
init time: 0.000232696533203125
contact time: 0.003683805465698242
tot contact: 28
contact analysis time: 0.0004482269287109375
solving time: 0.9195370674133301 iter: 15
tot_time: 11.401597738265991
init time: 0.00029850006103515625
contact time: 0.0036230087280273438
tot contact: 29
contact analysis time: 0.00045490264892578125
solving time: 0.9215238094329834 iter: 15
tot_time: 12.332510709762573
init time: 0.0002346038818359375
contact time: 0.003648996353149414
tot contact: 32
contact analysis time: 0.0004909038543701172
solving time: 0.9280076026916504 iter: 15
tot_time: 13.269819974899292
init time: 0.00028133392333984375
contact time: 0.0036661624908447266
tot contact: 32
contact analysis time: 0.0005314350128173828
solving time: 0.9355576038360596 iter: 15
tot_time: 14.21468997001648
init time: 0.0002262592315673828
contact time: 0.0036733150482177734
tot contact: 34
contact analysis time: 0.00044417381286621094
solving time: 0.9324054718017578 iter: 15
tot_time: 15.156318664550781
init time: 0.00022363662719726562
contact time: 0.0036978721618652344
tot contact: 35
contact analysis time: 0.00046563148498535156
solving time: 0.9329378604888916 iter: 15
tot_time: 16.09841251373291
init time: 0.00023055076599121094
contact time: 0.0036687850952148438
tot contact: 35
contact analysis time: 0.0004477500915527344
solving time: 0.9360408782958984 iter: 15
tot_time: 17.043570280075073
init time: 0.00021505355834960938
contact time: 0.0036399364471435547
tot contact: 33
contact analysis time: 0.0004639625549316406
solving time: 0.9383225440979004 iter: 15
tot_time: 17.991007566452026
init time: 0.0002815723419189453
contact time: 0.003662586212158203
tot contact: 32
contact analysis time: 0.0004596710205078125
solving time: 0.9333841800689697 iter: 15
tot_time: 18.933701038360596
init time: 0.0002219676971435547
contact time: 0.003599405288696289
tot contact: 32
contact analysis time: 0.0004487037658691406
solving time: 0.9359652996063232 iter: 15
tot_time: 19.878669023513794
init time: 0.0002987384796142578
contact time: 0.0036847591400146484
tot contact: 33
contact analysis time: 0.0005249977111816406
solving time: 0.9341175556182861 iter: 15
tot_time: 20.822237968444824
init time: 0.0002372264862060547
contact time: 0.0038008689880371094
tot contact: 33
contact analysis time: 0.00047779083251953125
solving time: 0.9352691173553467 iter: 15
tot_time: 21.767160415649414
init time: 0.00022077560424804688
contact time: 0.003680706024169922
tot contact: 34
contact analysis time: 0.0004630088806152344
solving time: 0.9331707954406738 iter: 15
tot_time: 22.70954656600952
init time: 0.0002269744873046875
contact time: 0.0037550926208496094
tot contact: 34
contact analysis time: 0.00044465065002441406
solving time: 0.9311788082122803 iter: 15
tot_time: 23.65010380744934
init time: 0.0002186298370361328
contact time: 0.0037736892700195312
tot contact: 32
contact analysis time: 0.00045609474182128906
solving time: 0.9322705268859863 iter: 15
tot_time: 24.59159541130066
init time: 0.00029277801513671875
contact time: 0.0037822723388671875
tot contact: 28
contact analysis time: 0.0004749298095703125
solving time: 0.9258642196655273 iter: 15
tot_time: 25.52692151069641
init time: 0.00022029876708984375
contact time: 0.0036923885345458984
tot contact: 27
contact analysis time: 0.0004596710205078125
solving time: 0.9346811771392822 iter: 15
tot_time: 26.470863103866577
init time: 0.00028204917907714844
contact time: 0.0036535263061523438
tot contact: 25
contact analysis time: 0.0005061626434326172
solving time: 0.9337422847747803 iter: 15
tot_time: 27.41400671005249
init time: 0.00021839141845703125
contact time: 0.003727436065673828
tot contact: 24
contact analysis time: 0.0004439353942871094
solving time: 0.9518966674804688 iter: 15
tot_time: 28.37509775161743
init time: 0.0002186298370361328
contact time: 0.003679037094116211
tot contact: 24
contact analysis time: 0.00046324729919433594
solving time: 0.9001502990722656 iter: 15
tot_time: 29.284457683563232
init time: 0.00028204917907714844
contact time: 0.0037055015563964844
tot contact: 23
contact analysis time: 0.000484466552734375
solving time: 0.9083654880523682 iter: 15
tot_time: 30.202173233032227
init time: 0.00021839141845703125
contact time: 0.0036237239837646484
tot contact: 25
contact analysis time: 0.00045609474182128906
solving time: 0.9415302276611328 iter: 15
tot_time: 31.15287184715271
init time: 0.0002834796905517578
contact time: 0.0036971569061279297
tot contact: 23
contact analysis time: 0.0005447864532470703
solving time: 0.9346232414245605 iter: 15
tot_time: 32.09703087806702
init time: 0.0002262592315673828
contact time: 0.0037293434143066406
tot contact: 22
contact analysis time: 0.0004673004150390625
solving time: 0.9328508377075195 iter: 15
tot_time: 33.03929114341736
init time: 0.0002257823944091797
contact time: 0.0036280155181884766
tot contact: 19
contact analysis time: 0.00048089027404785156
solving time: 0.9126334190368652 iter: 15
tot_time: 33.961090326309204
init time: 0.00021910667419433594
contact time: 0.0036623477935791016
tot contact: 21
contact analysis time: 0.0004515647888183594
solving time: 0.8703105449676514 iter: 14
tot_time: 34.84061551094055
init time: 0.00023746490478515625
contact time: 0.003614187240600586
tot contact: 20
contact analysis time: 0.0005397796630859375
solving time: 0.7346785068511963 iter: 12
tot_time: 35.584614992141724
init time: 0.0002162456512451172
contact time: 0.0035562515258789062
tot contact: 20
contact analysis time: 0.0005221366882324219
solving time: 0.7391479015350342 iter: 12
tot_time: 36.332902669906616
init time: 0.00022554397583007812
contact time: 0.003592252731323242
tot contact: 18
contact analysis time: 0.00043463706970214844
solving time: 0.7833125591278076 iter: 13
tot_time: 37.125356912612915
init time: 0.0002789497375488281
contact time: 0.003587961196899414
tot contact: 18
contact analysis time: 0.0005087852478027344
solving time: 0.9026732444763184 iter: 15
tot_time: 38.03722286224365
init time: 0.00021457672119140625
contact time: 0.00365447998046875
tot contact: 18
contact analysis time: 0.0004467964172363281
solving time: 0.9156124591827393 iter: 15
tot_time: 38.96194124221802
init time: 0.0002880096435546875
contact time: 0.003576993942260742
tot contact: 21
contact analysis time: 0.0005016326904296875
solving time: 0.9226398468017578 iter: 15
tot_time: 39.89363932609558
init time: 0.000225067138671875
contact time: 0.003551483154296875
tot contact: 18
contact analysis time: 0.00046753883361816406
solving time: 0.912386417388916 iter: 15
tot_time: 40.815062284469604
init time: 0.00021576881408691406
contact time: 0.0035316944122314453
tot contact: 20
contact analysis time: 0.0004525184631347656
solving time: 0.9304428100585938 iter: 15
tot_time: 41.75443911552429
init time: 0.00023818016052246094
contact time: 0.003532886505126953
tot contact: 19
contact analysis time: 0.0004494190216064453
solving time: 0.5940566062927246 iter: 10
tot_time: 42.357606172561646
tot_time: 42.3576135635376
total_reward: [-0.04620989212614203, -0.051045026778930795, -0.049063862245701424, -0.04555719427763499, -0.042305867104589605, -0.042046247478152304, -0.04164040828424509, -0.04109133113719108, -0.04043226725454258, -0.03959938750640834]
tot contact: 19
tot contact: 20
tot contact: 18
tot contact: 21
tot contact: 18
tot contact: 18
tot contact: 18
tot contact: 20
tot contact: 20
tot contact: 21
tot contact: 19
tot contact: 22
tot contact: 23
tot contact: 25
tot contact: 23
tot contact: 24
tot contact: 24
tot contact: 25
tot contact: 27
tot contact: 28
tot contact: 32
tot contact: 34
tot contact: 34
tot contact: 33
tot contact: 33
tot contact: 32
tot contact: 32
tot contact: 33
tot contact: 35
tot contact: 35
tot contact: 34
tot contact: 32
tot contact: 32
tot contact: 29
tot contact: 28
tot contact: 29
tot contact: 28
tot contact: 29
tot contact: 28
tot contact: 28
tot contact: 29
tot contact: 30
tot contact: 24
tot contact: 25
tot contact: 26
tot contact: 26
tot contact: 23
tot contact: 26
tot contact: 29
done grad
iter:  10
[I 10/02/26 14:29:05.376 13459] [swap_chain.cpp:dump_image_buffer@164] Dumping image buffer...
init time: 0.0002665519714355469
contact time: 0.0030121803283691406
tot contact: 29
contact analysis time: 0.0004875659942626953
solving time: 0.46956920623779297 iter: 9
tot_time: 0.5115420818328857
init time: 0.0002181529998779297
contact time: 0.003103494644165039
tot contact: 26
contact analysis time: 0.0004475116729736328
solving time: 0.45350193977355957 iter: 9
tot_time: 0.9735634326934814
init time: 0.0002696514129638672
contact time: 0.003207683563232422
tot contact: 23
contact analysis time: 0.0004973411560058594
solving time: 0.4622511863708496 iter: 9
tot_time: 1.4445724487304688
init time: 0.00021529197692871094
contact time: 0.003469228744506836
tot contact: 26
contact analysis time: 0.0004372596740722656
solving time: 0.5556790828704834 iter: 11
tot_time: 2.009249687194824
init time: 0.0002281665802001953
contact time: 0.003551483154296875
tot contact: 27
contact analysis time: 0.0004792213439941406
solving time: 0.6587979793548584 iter: 12
tot_time: 2.677105188369751
init time: 0.0002148151397705078
contact time: 0.0035729408264160156
tot contact: 25
contact analysis time: 0.0004444122314453125
solving time: 0.7694406509399414 iter: 14
tot_time: 3.4557108879089355
init time: 0.00021886825561523438
contact time: 0.0035555362701416016
tot contact: 24
contact analysis time: 0.0004546642303466797
solving time: 0.694575309753418 iter: 13
tot_time: 4.159455060958862
init time: 0.00021910667419433594
contact time: 0.0036072731018066406
tot contact: 30
contact analysis time: 0.0004405975341796875
solving time: 0.9153470993041992 iter: 15
tot_time: 5.083951473236084
init time: 0.0002262592315673828
contact time: 0.003663301467895508
tot contact: 28
contact analysis time: 0.0005311965942382812
solving time: 0.9191272258758545 iter: 15
tot_time: 6.012287378311157
init time: 0.00022912025451660156
contact time: 0.0036611557006835938
tot contact: 28
contact analysis time: 0.00046062469482421875
solving time: 0.9131817817687988 iter: 15
tot_time: 6.934697151184082
init time: 0.00023365020751953125
contact time: 0.0036280155181884766
tot contact: 28
contact analysis time: 0.00043272972106933594
solving time: 0.9173431396484375 iter: 15
tot_time: 7.861178398132324
init time: 0.00021982192993164062
contact time: 0.003629922866821289
tot contact: 29
contact analysis time: 0.0004439353942871094
solving time: 0.9219639301300049 iter: 15
tot_time: 8.792271137237549
init time: 0.00021982192993164062
contact time: 0.003541707992553711
tot contact: 28
contact analysis time: 0.000446319580078125
solving time: 0.857306718826294 iter: 14
tot_time: 9.658629417419434
init time: 0.00021696090698242188
contact time: 0.003718852996826172
tot contact: 29
contact analysis time: 0.00044083595275878906
solving time: 0.9197766780853271 iter: 15
tot_time: 10.587554216384888
init time: 0.00022339820861816406
contact time: 0.003721475601196289
tot contact: 28
contact analysis time: 0.0004410743713378906
solving time: 0.9188261032104492 iter: 15
tot_time: 11.515595197677612
init time: 0.0002307891845703125
contact time: 0.003628969192504883
tot contact: 29
contact analysis time: 0.00045037269592285156
solving time: 0.9194619655609131 iter: 15
tot_time: 12.44435715675354
init time: 0.0002262592315673828
contact time: 0.003675699234008789
tot contact: 32
contact analysis time: 0.0004367828369140625
solving time: 0.9267923831939697 iter: 15
tot_time: 13.380344867706299
init time: 0.00028967857360839844
contact time: 0.0037381649017333984
tot contact: 32
contact analysis time: 0.00044274330139160156
solving time: 0.9530525207519531 iter: 15
tot_time: 14.343034982681274
init time: 0.00028133392333984375
contact time: 0.003645181655883789
tot contact: 34
contact analysis time: 0.0004439353942871094
solving time: 0.9285047054290771 iter: 15
tot_time: 15.280757904052734
init time: 0.0003044605255126953
contact time: 0.0036296844482421875
tot contact: 34
contact analysis time: 0.0005090236663818359
solving time: 0.9279177188873291 iter: 15
tot_time: 16.217989683151245
init time: 0.00022983551025390625
contact time: 0.0037229061126708984
tot contact: 35
contact analysis time: 0.00045871734619140625
solving time: 0.9363629817962646 iter: 15
tot_time: 17.16360092163086
init time: 0.0002224445343017578
contact time: 0.00391697883605957
tot contact: 33
contact analysis time: 0.0004901885986328125
solving time: 0.9544205665588379 iter: 15
tot_time: 18.12749433517456
init time: 0.00022268295288085938
contact time: 0.0036690235137939453
tot contact: 32
contact analysis time: 0.0004394054412841797
solving time: 0.9478800296783447 iter: 15
tot_time: 19.084582567214966
init time: 0.0002703666687011719
contact time: 0.0036182403564453125
tot contact: 32
contact analysis time: 0.0004417896270751953
solving time: 0.9328165054321289 iter: 15
tot_time: 20.026657581329346
init time: 0.0002815723419189453
contact time: 0.003745555877685547
tot contact: 33
contact analysis time: 0.0004432201385498047
solving time: 0.9347941875457764 iter: 15
tot_time: 20.97078585624695
init time: 0.0002224445343017578
contact time: 0.003712177276611328
tot contact: 32
contact analysis time: 0.0004363059997558594
solving time: 0.9380803108215332 iter: 15
tot_time: 21.91800022125244
init time: 0.0002963542938232422
contact time: 0.0036935806274414062
tot contact: 34
contact analysis time: 0.0005023479461669922
solving time: 0.935103178024292 iter: 15
tot_time: 22.86233353614807
init time: 0.00022840499877929688
contact time: 0.003743410110473633
tot contact: 35
contact analysis time: 0.0004482269287109375
solving time: 0.9326910972595215 iter: 15
tot_time: 23.80431318283081
init time: 0.0002224445343017578
contact time: 0.0037844181060791016
tot contact: 34
contact analysis time: 0.0004496574401855469
solving time: 0.9408957958221436 iter: 15
tot_time: 24.754501342773438
init time: 0.00022792816162109375
contact time: 0.003765583038330078
tot contact: 28
contact analysis time: 0.0004451274871826172
solving time: 0.9259235858917236 iter: 15
tot_time: 25.68978500366211
init time: 0.0002224445343017578
contact time: 0.0036530494689941406
tot contact: 26
contact analysis time: 0.00044608116149902344
solving time: 0.9388678073883057 iter: 15
tot_time: 26.63778853416443
init time: 0.0002868175506591797
contact time: 0.0037817955017089844
tot contact: 26
contact analysis time: 0.0004813671112060547
solving time: 0.9183239936828613 iter: 15
tot_time: 27.565708875656128
init time: 0.0002377033233642578
contact time: 0.0036966800689697266
tot contact: 24
contact analysis time: 0.00043964385986328125
solving time: 0.9306943416595459 iter: 15
tot_time: 28.505569458007812
init time: 0.00029659271240234375
contact time: 0.003620624542236328
tot contact: 24
contact analysis time: 0.0005125999450683594
solving time: 0.8305928707122803 iter: 14
tot_time: 29.345490217208862
init time: 0.000217437744140625
contact time: 0.003627300262451172
tot contact: 23
contact analysis time: 0.0004448890686035156
solving time: 0.9194025993347168 iter: 15
tot_time: 30.273932218551636
init time: 0.0002758502960205078
contact time: 0.0036525726318359375
tot contact: 25
contact analysis time: 0.000514984130859375
solving time: 0.9449887275695801 iter: 15
tot_time: 31.228084087371826
init time: 0.000225067138671875
contact time: 0.0036897659301757812
tot contact: 23
contact analysis time: 0.0004508495330810547
solving time: 0.9343388080596924 iter: 15
tot_time: 32.171637773513794
init time: 0.00021719932556152344
contact time: 0.003550291061401367
tot contact: 23
contact analysis time: 0.0004608631134033203
solving time: 0.9344334602355957 iter: 15
tot_time: 33.11539125442505
init time: 0.000225067138671875
contact time: 0.0036804676055908203
tot contact: 19
contact analysis time: 0.0004367828369140625
solving time: 0.912175178527832 iter: 15
tot_time: 34.03670024871826
init time: 0.0003352165222167969
contact time: 0.0037605762481689453
tot contact: 21
contact analysis time: 0.0004975795745849609
solving time: 0.9304928779602051 iter: 15
tot_time: 34.9770131111145
init time: 0.00022530555725097656
contact time: 0.0036139488220214844
tot contact: 20
contact analysis time: 0.0004553794860839844
solving time: 0.8594100475311279 iter: 14
tot_time: 35.84554648399353
init time: 0.00027298927307128906
contact time: 0.0036602020263671875
tot contact: 19
contact analysis time: 0.0004394054412841797
solving time: 0.6685080528259277 iter: 11
tot_time: 36.523205518722534
init time: 0.00022339820861816406
contact time: 0.0036742687225341797
tot contact: 18
contact analysis time: 0.0004458427429199219
solving time: 0.8673698902130127 iter: 14
tot_time: 37.3996422290802
init time: 0.00023174285888671875
contact time: 0.0035490989685058594
tot contact: 18
contact analysis time: 0.0004436969757080078
solving time: 0.9009914398193359 iter: 15
tot_time: 38.3097984790802
init time: 0.00021910667419433594
contact time: 0.0036487579345703125
tot contact: 18
contact analysis time: 0.00045800209045410156
solving time: 0.9044318199157715 iter: 15
tot_time: 39.22349190711975
init time: 0.00029206275939941406
contact time: 0.0035858154296875
tot contact: 21
contact analysis time: 0.0005326271057128906
solving time: 0.9153110980987549 iter: 15
tot_time: 40.14822816848755
init time: 0.00022745132446289062
contact time: 0.0035974979400634766
tot contact: 17
contact analysis time: 0.0004749298095703125
solving time: 0.9088075160980225 iter: 15
tot_time: 41.066354513168335
init time: 0.00027561187744140625
contact time: 0.0035157203674316406
tot contact: 20
contact analysis time: 0.0005095005035400391
solving time: 0.908017635345459 iter: 15
tot_time: 41.9835250377655
init time: 0.00021910667419433594
contact time: 0.0035066604614257812
tot contact: 18
contact analysis time: 0.00044345855712890625
solving time: 0.607492208480835 iter: 10
tot_time: 42.600053548812866
tot_time: 42.60006141662598
total_reward: [-0.04620989212614203, -0.051045026778930795, -0.049063862245701424, -0.04555719427763499, -0.042305867104589605, -0.042046247478152304, -0.04164040828424509, -0.04109133113719108, -0.04043226725454258, -0.03959938750640834, -0.03876027473468915]
tot contact: 18
tot contact: 20
tot contact: 17
tot contact: 21
tot contact: 18
tot contact: 18
tot contact: 18
tot contact: 19
tot contact: 20
tot contact: 21
tot contact: 19
tot contact: 23
tot contact: 23
tot contact: 25
tot contact: 23
tot contact: 24
tot contact: 24
tot contact: 26
tot contact: 26
tot contact: 28
tot contact: 34
tot contact: 35
tot contact: 34
tot contact: 32
tot contact: 33
tot contact: 32
tot contact: 32
tot contact: 33
tot contact: 35
tot contact: 34
tot contact: 34
tot contact: 32
tot contact: 32
tot contact: 29
tot contact: 28
tot contact: 29
tot contact: 28
tot contact: 29
tot contact: 28
tot contact: 28
tot contact: 28
tot contact: 30
tot contact: 24
tot contact: 25
tot contact: 27
tot contact: 26
tot contact: 23
tot contact: 26
tot contact: 29
done grad
iter:  11
[I 10/02/26 14:29:51.130 13459] [swap_chain.cpp:dump_image_buffer@164] Dumping image buffer...
init time: 0.00022339820861816406
contact time: 0.0028994083404541016
tot contact: 29
contact analysis time: 0.00043320655822753906
solving time: 0.422713041305542 iter: 8
tot_time: 0.46147775650024414
init time: 0.000217437744140625
contact time: 0.003040790557861328
tot contact: 26
contact analysis time: 0.0004432201385498047
solving time: 0.45414185523986816 iter: 9
tot_time: 0.924126386642456
init time: 0.00022459030151367188
contact time: 0.0032815933227539062
tot contact: 23
contact analysis time: 0.0004489421844482422
solving time: 0.4531846046447754 iter: 9
tot_time: 1.3860342502593994
init time: 0.00031113624572753906
contact time: 0.0034575462341308594
tot contact: 26
contact analysis time: 0.0005068778991699219
solving time: 0.554739236831665 iter: 11
tot_time: 1.9498698711395264
init time: 0.00024175643920898438
contact time: 0.003624439239501953
tot contact: 28
contact analysis time: 0.0004584789276123047
solving time: 0.6652710437774658 iter: 12
tot_time: 2.6243059635162354
init time: 0.00021791458129882812
contact time: 0.0035686492919921875
tot contact: 25
contact analysis time: 0.0004940032958984375
solving time: 0.7706961631774902 iter: 14
tot_time: 3.4040887355804443
init time: 0.0002143383026123047
contact time: 0.0034799575805664062
tot contact: 24
contact analysis time: 0.0004622936248779297
solving time: 0.6889820098876953 iter: 13
tot_time: 4.102019786834717
init time: 0.0002148151397705078
contact time: 0.0035517215728759766
tot contact: 30
contact analysis time: 0.0004439353942871094
solving time: 0.9138665199279785 iter: 15
tot_time: 5.024901866912842
init time: 0.0003504753112792969
contact time: 0.003516674041748047
tot contact: 28
contact analysis time: 0.0004975795745849609
solving time: 0.9161763191223145 iter: 15
tot_time: 5.9502809047698975
init time: 0.00022125244140625
contact time: 0.003569364547729492
tot contact: 28
contact analysis time: 0.00044608116149902344
solving time: 0.9170825481414795 iter: 15
tot_time: 6.876511335372925
init time: 0.00021719932556152344
contact time: 0.0036182403564453125
tot contact: 28
contact analysis time: 0.00044798851013183594
solving time: 0.9136989116668701 iter: 15
tot_time: 7.799265384674072
init time: 0.00021123886108398438
contact time: 0.003595590591430664
tot contact: 29
contact analysis time: 0.0004374980926513672
solving time: 0.9220709800720215 iter: 15
tot_time: 8.73050832748413
init time: 0.0002422332763671875
contact time: 0.003578662872314453
tot contact: 28
contact analysis time: 0.00044727325439453125
solving time: 0.8660924434661865 iter: 14
tot_time: 9.605770587921143
init time: 0.000274658203125
contact time: 0.0037415027618408203
tot contact: 29
contact analysis time: 0.0004448890686035156
solving time: 0.9243876934051514 iter: 15
tot_time: 10.539511680603027
init time: 0.0002276897430419922
contact time: 0.003739595413208008
tot contact: 28
contact analysis time: 0.00044465065002441406
solving time: 0.937208890914917 iter: 15
tot_time: 11.48595905303955
init time: 0.00023293495178222656
contact time: 0.003571033477783203
tot contact: 29
contact analysis time: 0.00046324729919433594
solving time: 0.9184637069702148 iter: 15
tot_time: 12.41364574432373
init time: 0.00022649765014648438
contact time: 0.0036110877990722656
tot contact: 32
contact analysis time: 0.0004456043243408203
solving time: 0.9254012107849121 iter: 15
tot_time: 13.348155498504639
init time: 0.0002777576446533203
contact time: 0.0037338733673095703
tot contact: 31
contact analysis time: 0.00045609474182128906
solving time: 0.9324517250061035 iter: 15
tot_time: 14.289971590042114
init time: 0.00022101402282714844
contact time: 0.003620147705078125
tot contact: 34
contact analysis time: 0.00044155120849609375
solving time: 0.924851655960083 iter: 15
tot_time: 15.22404432296753
init time: 0.0002875328063964844
contact time: 0.003581523895263672
tot contact: 34
contact analysis time: 0.00051116943359375
solving time: 0.9302518367767334 iter: 15
tot_time: 16.163543224334717
init time: 0.00022172927856445312
contact time: 0.003707408905029297
tot contact: 35
contact analysis time: 0.00045371055603027344
solving time: 0.9336683750152588 iter: 15
tot_time: 17.106537580490112
init time: 0.0002219676971435547
contact time: 0.003669261932373047
tot contact: 33
contact analysis time: 0.0004489421844482422
solving time: 0.9414448738098145 iter: 15
tot_time: 18.057236433029175
init time: 0.0002295970916748047
contact time: 0.003667116165161133
tot contact: 32
contact analysis time: 0.0004496574401855469
solving time: 0.9349653720855713 iter: 15
tot_time: 19.00134563446045
init time: 0.0002200603485107422
contact time: 0.0035943984985351562
tot contact: 32
contact analysis time: 0.0004627704620361328
solving time: 0.9363110065460205 iter: 15
tot_time: 19.946764707565308
init time: 0.0002815723419189453
contact time: 0.0037071704864501953
tot contact: 32
contact analysis time: 0.00044989585876464844
solving time: 0.9416031837463379 iter: 15
tot_time: 20.897883892059326
init time: 0.00021910667419433594
contact time: 0.003663778305053711
tot contact: 32
contact analysis time: 0.0004401206970214844
solving time: 0.9345502853393555 iter: 15
tot_time: 21.841492652893066
init time: 0.00030231475830078125
contact time: 0.003699064254760742
tot contact: 34
contact analysis time: 0.0005137920379638672
solving time: 0.9313879013061523 iter: 15
tot_time: 22.78227949142456
init time: 0.0002224445343017578
contact time: 0.0037598609924316406
tot contact: 35
contact analysis time: 0.00045561790466308594
solving time: 0.9335649013519287 iter: 15
tot_time: 23.725138425827026
init time: 0.0002269744873046875
contact time: 0.003766775131225586
tot contact: 36
contact analysis time: 0.0005104541778564453
solving time: 0.9386682510375977 iter: 15
tot_time: 24.673126459121704
init time: 0.00021839141845703125
contact time: 0.0037572383880615234
tot contact: 28
contact analysis time: 0.00044608116149902344
solving time: 0.9276092052459717 iter: 15
tot_time: 25.609990119934082
init time: 0.00023674964904785156
contact time: 0.003693819046020508
tot contact: 25
contact analysis time: 0.0004467964172363281
solving time: 0.9340114593505859 iter: 15
tot_time: 26.553173065185547
init time: 0.0002942085266113281
contact time: 0.0037605762481689453
tot contact: 26
contact analysis time: 0.00045680999755859375
solving time: 0.9230949878692627 iter: 15
tot_time: 27.48566770553589
init time: 0.00021696090698242188
contact time: 0.003744840621948242
tot contact: 24
contact analysis time: 0.0004584789276123047
solving time: 0.930142879486084 iter: 15
tot_time: 28.425067901611328
init time: 0.00027751922607421875
contact time: 0.003620624542236328
tot contact: 24
contact analysis time: 0.0005121231079101562
solving time: 0.831873893737793 iter: 14
tot_time: 29.26627016067505
init time: 0.0002205371856689453
contact time: 0.0037124156951904297
tot contact: 23
contact analysis time: 0.0004496574401855469
solving time: 0.9081461429595947 iter: 15
tot_time: 30.183644771575928
init time: 0.00021767616271972656
contact time: 0.003655672073364258
tot contact: 25
contact analysis time: 0.00046372413635253906
solving time: 0.9374783039093018 iter: 15
tot_time: 31.130372047424316
init time: 0.00021648406982421875
contact time: 0.0036766529083251953
tot contact: 23
contact analysis time: 0.00043845176696777344
solving time: 0.8129427433013916 iter: 13
tot_time: 31.95241069793701
init time: 0.0002193450927734375
contact time: 0.0037093162536621094
tot contact: 23
contact analysis time: 0.0004482269287109375
solving time: 0.949542760848999 iter: 15
tot_time: 32.91107106208801
init time: 0.00021958351135253906
contact time: 0.0035932064056396484
tot contact: 19
contact analysis time: 0.0005409717559814453
solving time: 0.9147424697875977 iter: 15
tot_time: 33.83506894111633
init time: 0.00022292137145996094
contact time: 0.003718852996826172
tot contact: 20
contact analysis time: 0.0004546642303466797
solving time: 0.9269466400146484 iter: 15
tot_time: 34.771318435668945
init time: 0.0002357959747314453
contact time: 0.003694772720336914
tot contact: 20
contact analysis time: 0.00046706199645996094
solving time: 0.9154696464538574 iter: 15
tot_time: 35.69600462913513
init time: 0.00024127960205078125
contact time: 0.003729581832885742
tot contact: 19
contact analysis time: 0.0004456043243408203
solving time: 0.6693274974822998 iter: 11
tot_time: 36.37453603744507
init time: 0.00021719932556152344
contact time: 0.003708362579345703
tot contact: 18
contact analysis time: 0.0004944801330566406
solving time: 0.7863821983337402 iter: 13
tot_time: 37.17025828361511
init time: 0.0002791881561279297
contact time: 0.0035834312438964844
tot contact: 18
contact analysis time: 0.0004565715789794922
solving time: 0.8467285633087158 iter: 14
tot_time: 38.02616333961487
init time: 0.0002257823944091797
contact time: 0.003540515899658203
tot contact: 18
contact analysis time: 0.0004711151123046875
solving time: 0.9127206802368164 iter: 15
tot_time: 38.94811177253723
init time: 0.0002224445343017578
contact time: 0.00366973876953125
tot contact: 19
contact analysis time: 0.0004742145538330078
solving time: 0.9177975654602051 iter: 15
tot_time: 39.8750364780426
init time: 0.00022220611572265625
contact time: 0.003592252731323242
tot contact: 17
contact analysis time: 0.00044345855712890625
solving time: 0.9072070121765137 iter: 15
tot_time: 40.7913076877594
init time: 0.000217437744140625
contact time: 0.003597736358642578
tot contact: 19
contact analysis time: 0.0004565715789794922
solving time: 0.910071611404419 iter: 15
tot_time: 41.710389375686646
init time: 0.0002732276916503906
contact time: 0.0034935474395751953
tot contact: 17
contact analysis time: 0.0005261898040771484
solving time: 0.5999362468719482 iter: 10
tot_time: 42.31934142112732
tot_time: 42.31934833526611
total_reward: [-0.04620989212614203, -0.051045026778930795, -0.049063862245701424, -0.04555719427763499, -0.042305867104589605, -0.042046247478152304, -0.04164040828424509, -0.04109133113719108, -0.04043226725454258, -0.03959938750640834, -0.03876027473468915, -0.037969473580183634]
tot contact: 17
tot contact: 19
tot contact: 17
tot contact: 19
tot contact: 18
tot contact: 18
tot contact: 18
tot contact: 19
tot contact: 20
tot contact: 20
tot contact: 19
tot contact: 23
tot contact: 23
tot contact: 25
tot contact: 23
tot contact: 24
tot contact: 24
tot contact: 26
tot contact: 25
tot contact: 28
tot contact: 36
tot contact: 35
tot contact: 34
tot contact: 32
tot contact: 32
tot contact: 32
tot contact: 32
tot contact: 33
tot contact: 35
tot contact: 34
tot contact: 34
tot contact: 31
tot contact: 32
tot contact: 29
tot contact: 28
tot contact: 29
tot contact: 28
tot contact: 29
tot contact: 28
tot contact: 28
tot contact: 28
tot contact: 30
tot contact: 24
tot contact: 25
tot contact: 28
tot contact: 26
tot contact: 23
tot contact: 26
tot contact: 29
done grad
iter:  12
[I 10/02/26 14:30:36.594 13459] [swap_chain.cpp:dump_image_buffer@164] Dumping image buffer...
init time: 0.000263214111328125
contact time: 0.0030450820922851562
tot contact: 29
contact analysis time: 0.0005807876586914062
solving time: 0.4129307270050049 iter: 8
tot_time: 0.45546627044677734
init time: 0.00022268295288085938
contact time: 0.0031266212463378906
tot contact: 26
contact analysis time: 0.00042510032653808594
solving time: 0.4575531482696533 iter: 9
tot_time: 0.9215695858001709
init time: 0.00021576881408691406
contact time: 0.003253459930419922
tot contact: 23
contact analysis time: 0.0004303455352783203
solving time: 0.45497822761535645 iter: 9
tot_time: 1.3851187229156494
init time: 0.00021886825561523438
contact time: 0.003488302230834961
tot contact: 26
contact analysis time: 0.0005097389221191406
solving time: 0.5551552772521973 iter: 11
tot_time: 1.9492547512054443
init time: 0.000286102294921875
contact time: 0.003521442413330078
tot contact: 28
contact analysis time: 0.0005083084106445312
solving time: 0.661475658416748 iter: 12
tot_time: 2.619878053665161
init time: 0.0002205371856689453
contact time: 0.0035300254821777344
tot contact: 25
contact analysis time: 0.0005259513854980469
solving time: 0.7674694061279297 iter: 14
tot_time: 3.3964457511901855
init time: 0.0002262592315673828
contact time: 0.003496885299682617
tot contact: 24
contact analysis time: 0.00048732757568359375
solving time: 0.6947894096374512 iter: 13
tot_time: 4.10020899772644
init time: 0.00022101402282714844
contact time: 0.003561735153198242
tot contact: 30
contact analysis time: 0.00043773651123046875
solving time: 0.9123191833496094 iter: 15
tot_time: 5.021406173706055
init time: 0.0002193450927734375
contact time: 0.003621339797973633
tot contact: 28
contact analysis time: 0.00043392181396484375
solving time: 0.9147028923034668 iter: 15
tot_time: 5.945244789123535
init time: 0.00022792816162109375
contact time: 0.003536701202392578
tot contact: 28
contact analysis time: 0.0004398822784423828
solving time: 0.9127323627471924 iter: 15
tot_time: 6.867000102996826
init time: 0.0002460479736328125
contact time: 0.0036067962646484375
tot contact: 28
contact analysis time: 0.00043320655822753906
solving time: 0.9137694835662842 iter: 15
tot_time: 7.789961576461792
init time: 0.0002200603485107422
contact time: 0.0035436153411865234
tot contact: 29
contact analysis time: 0.0004405975341796875
solving time: 0.9206993579864502 iter: 15
tot_time: 8.719662189483643
init time: 0.0002682209014892578
contact time: 0.0036220550537109375
tot contact: 28
contact analysis time: 0.0004775524139404297
solving time: 0.925408124923706 iter: 15
tot_time: 9.654303312301636
init time: 0.00022220611572265625
contact time: 0.0037386417388916016
tot contact: 29
contact analysis time: 0.0004467964172363281
solving time: 0.9258208274841309 iter: 15
tot_time: 10.589391469955444
init time: 0.0002803802490234375
contact time: 0.0037784576416015625
tot contact: 28
contact analysis time: 0.0004551410675048828
solving time: 0.9194014072418213 iter: 15
tot_time: 11.518326997756958
init time: 0.00023412704467773438
contact time: 0.0035614967346191406
tot contact: 29
contact analysis time: 0.0004570484161376953
solving time: 0.9217221736907959 iter: 15
tot_time: 12.449280023574829
init time: 0.00028014183044433594
contact time: 0.0036249160766601562
tot contact: 32
contact analysis time: 0.0005030632019042969
solving time: 0.9277501106262207 iter: 15
tot_time: 13.38621711730957
init time: 0.0002295970916748047
contact time: 0.0037267208099365234
tot contact: 31
contact analysis time: 0.00045180320739746094
solving time: 0.9314241409301758 iter: 15
tot_time: 14.327134609222412
init time: 0.0002522468566894531
contact time: 0.0037381649017333984
tot contact: 34
contact analysis time: 0.0004947185516357422
solving time: 0.9276278018951416 iter: 15
tot_time: 15.264463186264038
init time: 0.00022530555725097656
contact time: 0.0037043094635009766
tot contact: 33
contact analysis time: 0.00043964385986328125
solving time: 0.9185917377471924 iter: 15
tot_time: 16.192293882369995
init time: 0.00022101402282714844
contact time: 0.0036041736602783203
tot contact: 35
contact analysis time: 0.00046443939208984375
solving time: 0.9338274002075195 iter: 15
tot_time: 17.135273694992065
init time: 0.0002827644348144531
contact time: 0.0036821365356445312
tot contact: 35
contact analysis time: 0.00045180320739746094
solving time: 0.9330840110778809 iter: 15
tot_time: 18.077731132507324
init time: 0.00022935867309570312
contact time: 0.0036017894744873047
tot contact: 33
contact analysis time: 0.00044417381286621094
solving time: 0.9318394660949707 iter: 15
tot_time: 19.01865243911743
init time: 0.0002951622009277344
contact time: 0.0036420822143554688
tot contact: 32
contact analysis time: 0.0005130767822265625
solving time: 0.9349262714385986 iter: 15
tot_time: 19.962884664535522
init time: 0.00022077560424804688
contact time: 0.0037174224853515625
tot contact: 32
contact analysis time: 0.0004673004150390625
solving time: 0.9349255561828613 iter: 15
tot_time: 20.907190084457397
init time: 0.0002257823944091797
contact time: 0.0037271976470947266
tot contact: 33
contact analysis time: 0.0004601478576660156
solving time: 0.929112434387207 iter: 15
tot_time: 21.84556293487549
init time: 0.0002357959747314453
contact time: 0.0037529468536376953
tot contact: 33
contact analysis time: 0.00044155120849609375
solving time: 0.9269590377807617 iter: 15
tot_time: 22.78195095062256
init time: 0.00022602081298828125
contact time: 0.003656148910522461
tot contact: 35
contact analysis time: 0.00043773651123046875
solving time: 0.9317595958709717 iter: 15
tot_time: 23.722822189331055
init time: 0.0002799034118652344
contact time: 0.0037512779235839844
tot contact: 37
contact analysis time: 0.0004374980926513672
solving time: 0.9414591789245605 iter: 15
tot_time: 24.673619270324707
init time: 0.000217437744140625
contact time: 0.003695249557495117
tot contact: 29
contact analysis time: 0.00044035911560058594
solving time: 0.9313771724700928 iter: 15
tot_time: 25.61412501335144
init time: 0.0002899169921875
contact time: 0.0037109851837158203
tot contact: 25
contact analysis time: 0.0005555152893066406
solving time: 0.9337520599365234 iter: 15
tot_time: 26.557342529296875
init time: 0.000244140625
contact time: 0.0037581920623779297
tot contact: 25
contact analysis time: 0.0004572868347167969
solving time: 0.9334356784820557 iter: 15
tot_time: 27.500073194503784
init time: 0.0002238750457763672
contact time: 0.003720521926879883
tot contact: 24
contact analysis time: 0.0004553794860839844
solving time: 0.9321558475494385 iter: 15
tot_time: 28.441457748413086
init time: 0.00023365020751953125
contact time: 0.0037169456481933594
tot contact: 24
contact analysis time: 0.00047469139099121094
solving time: 0.7909345626831055 iter: 13
tot_time: 29.241738080978394
init time: 0.0002875328063964844
contact time: 0.003654956817626953
tot contact: 24
contact analysis time: 0.0005028247833251953
solving time: 0.9150309562683105 iter: 15
tot_time: 30.166089296340942
init time: 0.0002434253692626953
contact time: 0.0036711692810058594
tot contact: 25
contact analysis time: 0.0004680156707763672
solving time: 0.9398670196533203 iter: 15
tot_time: 31.11520004272461
init time: 0.00028705596923828125
contact time: 0.0036509037017822266
tot contact: 23
contact analysis time: 0.0005068778991699219
solving time: 0.9321792125701904 iter: 15
tot_time: 32.05671668052673
init time: 0.00022459030151367188
contact time: 0.003695249557495117
tot contact: 23
contact analysis time: 0.0004725456237792969
solving time: 0.9322295188903809 iter: 15
tot_time: 32.99821472167969
init time: 0.00023293495178222656
contact time: 0.003629446029663086
tot contact: 19
contact analysis time: 0.0004513263702392578
solving time: 0.9109923839569092 iter: 15
tot_time: 33.918277978897095
init time: 0.00023126602172851562
contact time: 0.0037598609924316406
tot contact: 20
contact analysis time: 0.0004496574401855469
solving time: 0.9274609088897705 iter: 15
tot_time: 34.85518264770508
init time: 0.00023031234741210938
contact time: 0.0036499500274658203
tot contact: 20
contact analysis time: 0.0004811286926269531
solving time: 0.9325284957885742 iter: 15
tot_time: 35.79681944847107
init time: 0.0002799034118652344
contact time: 0.0036666393280029297
tot contact: 18
contact analysis time: 0.00044035911560058594
solving time: 0.7242288589477539 iter: 12
tot_time: 36.53032898902893
init time: 0.00027680397033691406
contact time: 0.0035774707794189453
tot contact: 18
contact analysis time: 0.0004851818084716797
solving time: 0.7209713459014893 iter: 12
tot_time: 37.2604775428772
init time: 0.0002777576446533203
contact time: 0.003603696823120117
tot contact: 18
contact analysis time: 0.000438690185546875
solving time: 0.8421266078948975 iter: 14
tot_time: 38.11166572570801
init time: 0.00021767616271972656
contact time: 0.003529071807861328
tot contact: 18
contact analysis time: 0.0004413127899169922
solving time: 0.9035625457763672 iter: 15
tot_time: 39.02424716949463
init time: 0.00022339820861816406
contact time: 0.0036351680755615234
tot contact: 19
contact analysis time: 0.0004863739013671875
solving time: 0.9172961711883545 iter: 15
tot_time: 39.95079803466797
init time: 0.0002257823944091797
contact time: 0.003551483154296875
tot contact: 17
contact analysis time: 0.0004482269287109375
solving time: 0.9049749374389648 iter: 15
tot_time: 40.86491560935974
init time: 0.0002818107604980469
contact time: 0.003568410873413086
tot contact: 19
contact analysis time: 0.0004565715789794922
solving time: 0.8913688659667969 iter: 15
tot_time: 41.76549172401428
init time: 0.00022363662719726562
contact time: 0.003464221954345703
tot contact: 18
contact analysis time: 0.0004398822784423828
solving time: 0.6022741794586182 iter: 10
tot_time: 42.376646518707275
tot_time: 42.37665390968323
total_reward: [-0.04620989212614203, -0.051045026778930795, -0.049063862245701424, -0.04555719427763499, -0.042305867104589605, -0.042046247478152304, -0.04164040828424509, -0.04109133113719108, -0.04043226725454258, -0.03959938750640834, -0.03876027473468915, -0.037969473580183634, -0.03717861840202258]
tot contact: 18
tot contact: 19
tot contact: 17
tot contact: 19
tot contact: 18
tot contact: 18
tot contact: 18
tot contact: 18
tot contact: 20
tot contact: 20
tot contact: 19
tot contact: 23
tot contact: 23
tot contact: 25
tot contact: 24
tot contact: 24
tot contact: 24
tot contact: 25
tot contact: 25
tot contact: 29
tot contact: 37
tot contact: 35
tot contact: 33
tot contact: 33
tot contact: 32
tot contact: 32
tot contact: 33
tot contact: 35
tot contact: 35
tot contact: 33
tot contact: 34
tot contact: 31
tot contact: 32
tot contact: 29
tot contact: 28
tot contact: 29
tot contact: 28
tot contact: 29
tot contact: 28
tot contact: 28
tot contact: 28
tot contact: 30
tot contact: 24
tot contact: 25
tot contact: 28
tot contact: 26
tot contact: 23
tot contact: 26
tot contact: 29
done grad
iter:  13
[I 10/02/26 14:31:22.137 13459] [swap_chain.cpp:dump_image_buffer@164] Dumping image buffer...
init time: 0.00022649765014648438
contact time: 0.0029077529907226562
tot contact: 29
contact analysis time: 0.0004715919494628906
solving time: 0.4135916233062744 iter: 8
tot_time: 0.4528965950012207
init time: 0.00022125244140625
contact time: 0.003125429153442383
tot contact: 26
contact analysis time: 0.0005078315734863281
solving time: 0.4550771713256836 iter: 9
tot_time: 0.916574239730835
init time: 0.0002779960632324219
contact time: 0.0032830238342285156
tot contact: 23
contact analysis time: 0.00043964385986328125
solving time: 0.458829402923584 iter: 9
tot_time: 1.384213924407959
init time: 0.0002536773681640625
contact time: 0.003434419631958008
tot contact: 26
contact analysis time: 0.000446319580078125
solving time: 0.5775892734527588 iter: 11
tot_time: 1.970829725265503
init time: 0.00022077560424804688
contact time: 0.003564596176147461
tot contact: 28
contact analysis time: 0.00043702125549316406
solving time: 0.6621358394622803 iter: 12
tot_time: 2.6421101093292236
init time: 0.0002720355987548828
contact time: 0.003498554229736328
tot contact: 25
contact analysis time: 0.00045108795166015625
solving time: 0.7667734622955322 iter: 14
tot_time: 3.4180097579956055
init time: 0.00027680397033691406
contact time: 0.0035021305084228516
tot contact: 24
contact analysis time: 0.0005037784576416016
solving time: 0.6867570877075195 iter: 13
tot_time: 4.113809585571289
init time: 0.00021123886108398438
contact time: 0.003541707992553711
tot contact: 29
contact analysis time: 0.00045108795166015625
solving time: 0.9209332466125488 iter: 15
tot_time: 5.043708562850952
init time: 0.00023102760314941406
contact time: 0.003582000732421875
tot contact: 28
contact analysis time: 0.0004487037658691406
solving time: 0.9138302803039551 iter: 15
tot_time: 5.966660261154175
init time: 0.00022339820861816406
contact time: 0.0035283565521240234
tot contact: 28
contact analysis time: 0.0004475116729736328
solving time: 0.9132676124572754 iter: 15
tot_time: 6.889045238494873
init time: 0.00031375885009765625
contact time: 0.0035855770111083984
tot contact: 28
contact analysis time: 0.00045561790466308594
solving time: 0.9154126644134521 iter: 15
tot_time: 7.813719034194946
init time: 0.0002193450927734375
contact time: 0.0035657882690429688
tot contact: 29
contact analysis time: 0.00045013427734375
solving time: 0.9179608821868896 iter: 15
tot_time: 8.740715265274048
init time: 0.0002841949462890625
contact time: 0.0035636425018310547
tot contact: 28
contact analysis time: 0.0005431175231933594
solving time: 0.9182093143463135 iter: 15
tot_time: 9.668131351470947
init time: 0.00021982192993164062
contact time: 0.00376129150390625
tot contact: 29
contact analysis time: 0.0004725456237792969
solving time: 0.9197018146514893 iter: 15
tot_time: 10.597362756729126
init time: 0.0002205371856689453
contact time: 0.0037050247192382812
tot contact: 28
contact analysis time: 0.0004642009735107422
solving time: 0.9162759780883789 iter: 15
tot_time: 11.522974252700806
init time: 0.00021791458129882812
contact time: 0.0035877227783203125
tot contact: 29
contact analysis time: 0.000438690185546875
solving time: 0.9243514537811279 iter: 15
tot_time: 12.456396341323853
init time: 0.0002276897430419922
contact time: 0.0036580562591552734
tot contact: 32
contact analysis time: 0.0004410743713378906
solving time: 0.9390664100646973 iter: 15
tot_time: 13.404672622680664
init time: 0.00022220611572265625
contact time: 0.0037109851837158203
tot contact: 31
contact analysis time: 0.00045943260192871094
solving time: 0.9426553249359131 iter: 15
tot_time: 14.35645580291748
init time: 0.00028967857360839844
contact time: 0.0036733150482177734
tot contact: 34
contact analysis time: 0.00044274330139160156
solving time: 0.9246835708618164 iter: 15
tot_time: 15.290466547012329
init time: 0.00022125244140625
contact time: 0.003643035888671875
tot contact: 33
contact analysis time: 0.0004391670227050781
solving time: 0.922459602355957 iter: 15
tot_time: 16.222003936767578
init time: 0.0002925395965576172
contact time: 0.0036194324493408203
tot contact: 35
contact analysis time: 0.0005104541778564453
solving time: 0.9401407241821289 iter: 15
tot_time: 17.171533346176147
init time: 0.0002238750457763672
contact time: 0.0036592483520507812
tot contact: 35
contact analysis time: 0.00044345855712890625
solving time: 0.9381711483001709 iter: 15
tot_time: 18.11884617805481
init time: 0.0003082752227783203
contact time: 0.003580808639526367
tot contact: 32
contact analysis time: 0.0005042552947998047
solving time: 0.9391160011291504 iter: 15
tot_time: 19.06733226776123
init time: 0.00022125244140625
contact time: 0.0036759376525878906
tot contact: 33
contact analysis time: 0.00043702125549316406
solving time: 0.9339935779571533 iter: 15
tot_time: 20.010552644729614
init time: 0.0002162456512451172
contact time: 0.0037293434143066406
tot contact: 32
contact analysis time: 0.0004458427429199219
solving time: 0.9354710578918457 iter: 15
tot_time: 20.955209255218506
init time: 0.0002148151397705078
contact time: 0.003704547882080078
tot contact: 33
contact analysis time: 0.00043654441833496094
solving time: 0.9399075508117676 iter: 15
tot_time: 21.904418230056763
init time: 0.0002186298370361328
contact time: 0.003733396530151367
tot contact: 33
contact analysis time: 0.00044798851013183594
solving time: 0.9269204139709473 iter: 15
tot_time: 22.8405339717865
init time: 0.000278472900390625
contact time: 0.003762960433959961
tot contact: 35
contact analysis time: 0.00044846534729003906
solving time: 0.9328455924987793 iter: 15
tot_time: 23.78284525871277
init time: 0.00022292137145996094
contact time: 0.0036954879760742188
tot contact: 37
contact analysis time: 0.000457763671875
solving time: 0.9416332244873047 iter: 15
tot_time: 24.733747005462646
init time: 0.0002846717834472656
contact time: 0.0037016868591308594
tot contact: 29
contact analysis time: 0.0005340576171875
solving time: 0.9271891117095947 iter: 15
tot_time: 25.6704363822937
init time: 0.00023603439331054688
contact time: 0.0037317276000976562
tot contact: 25
contact analysis time: 0.00044846534729003906
solving time: 0.9324660301208496 iter: 15
tot_time: 26.612162828445435
init time: 0.0002205371856689453
contact time: 0.0037758350372314453
tot contact: 25
contact analysis time: 0.0004360675811767578
solving time: 0.935246467590332 iter: 15
tot_time: 27.556591987609863
init time: 0.00022149085998535156
contact time: 0.003778696060180664
tot contact: 26
contact analysis time: 0.00043463706970214844
solving time: 0.9271533489227295 iter: 15
tot_time: 28.492993116378784
init time: 0.00022935867309570312
contact time: 0.0036041736602783203
tot contact: 23
contact analysis time: 0.0004506111145019531
solving time: 0.788750171661377 iter: 13
tot_time: 29.290880918502808
init time: 0.00021767616271972656
contact time: 0.003749847412109375
tot contact: 24
contact analysis time: 0.0004925727844238281
solving time: 0.9154527187347412 iter: 15
tot_time: 30.21569538116455
init time: 0.0002162456512451172
contact time: 0.0036776065826416016
tot contact: 26
contact analysis time: 0.00045490264892578125
solving time: 0.920173168182373 iter: 15
tot_time: 31.145020961761475
init time: 0.00023984909057617188
contact time: 0.0036318302154541016
tot contact: 23
contact analysis time: 0.000476837158203125
solving time: 0.9327566623687744 iter: 15
tot_time: 32.087114572525024
init time: 0.00022912025451660156
contact time: 0.0036296844482421875
tot contact: 23
contact analysis time: 0.00045108795166015625
solving time: 0.9323577880859375 iter: 15
tot_time: 33.02868604660034
init time: 0.000293731689453125
contact time: 0.0037178993225097656
tot contact: 19
contact analysis time: 0.00044918060302734375
solving time: 0.9107794761657715 iter: 15
tot_time: 33.94881629943848
init time: 0.00023317337036132812
contact time: 0.0036215782165527344
tot contact: 20
contact analysis time: 0.0004601478576660156
solving time: 0.9200921058654785 iter: 15
tot_time: 34.878058671951294
init time: 0.00030231475830078125
contact time: 0.003591775894165039
tot contact: 21
contact analysis time: 0.0005059242248535156
solving time: 0.9372014999389648 iter: 15
tot_time: 35.82444214820862
init time: 0.0002224445343017578
contact time: 0.0036389827728271484
tot contact: 18
contact analysis time: 0.0004506111145019531
solving time: 0.8434057235717773 iter: 14
tot_time: 36.67702054977417
init time: 0.0002830028533935547
contact time: 0.0035600662231445312
tot contact: 18
contact analysis time: 0.0005311965942382812
solving time: 0.7202553749084473 iter: 12
tot_time: 37.40646457672119
init time: 0.00022554397583007812
contact time: 0.0036170482635498047
tot contact: 18
contact analysis time: 0.0005316734313964844
solving time: 0.866924524307251 iter: 14
tot_time: 38.28260254859924
init time: 0.00021791458129882812
contact time: 0.003599405288696289
tot contact: 17
contact analysis time: 0.0004382133483886719
solving time: 0.8463242053985596 iter: 14
tot_time: 39.13800024986267
init time: 0.00023317337036132812
contact time: 0.0036444664001464844
tot contact: 20
contact analysis time: 0.00045037269592285156
solving time: 0.8570435047149658 iter: 14
tot_time: 40.004464864730835
init time: 0.0002684593200683594
contact time: 0.0035300254821777344
tot contact: 18
contact analysis time: 0.0005095005035400391
solving time: 0.9179143905639648 iter: 15
tot_time: 40.93141770362854
init time: 0.00021219253540039062
contact time: 0.0036575794219970703
tot contact: 18
contact analysis time: 0.0004520416259765625
solving time: 0.8964941501617432 iter: 15
tot_time: 41.83721590042114
init time: 0.0002288818359375
contact time: 0.0036237239837646484
tot contact: 18
contact analysis time: 0.0004956722259521484
solving time: 0.607072114944458 iter: 10
tot_time: 42.45347595214844
tot_time: 42.45348334312439
total_reward: [-0.04620989212614203, -0.051045026778930795, -0.049063862245701424, -0.04555719427763499, -0.042305867104589605, -0.042046247478152304, -0.04164040828424509, -0.04109133113719108, -0.04043226725454258, -0.03959938750640834, -0.03876027473468915, -0.037969473580183634, -0.03717861840202258, -0.03635159403330129]
tot contact: 18
tot contact: 18
tot contact: 18
tot contact: 20
tot contact: 17
tot contact: 18
tot contact: 18
tot contact: 18
tot contact: 21
tot contact: 20
tot contact: 19
tot contact: 23
tot contact: 23
tot contact: 26
tot contact: 24
tot contact: 23
tot contact: 26
tot contact: 25
tot contact: 25
tot contact: 29
tot contact: 37
tot contact: 35
tot contact: 33
tot contact: 33
tot contact: 32
tot contact: 33
tot contact: 32
tot contact: 35
tot contact: 35
tot contact: 33
tot contact: 34
tot contact: 31
tot contact: 32
tot contact: 29
tot contact: 28
tot contact: 29
tot contact: 28
tot contact: 29
tot contact: 28
tot contact: 28
tot contact: 28
tot contact: 29
tot contact: 24
tot contact: 25
tot contact: 28
tot contact: 26
tot contact: 23
tot contact: 26
tot contact: 29
done grad
iter:  14
[I 10/02/26 14:32:07.738 13459] [swap_chain.cpp:dump_image_buffer@164] Dumping image buffer...
init time: 0.00022649765014648438
contact time: 0.002859354019165039
tot contact: 29
contact analysis time: 0.0004487037658691406
solving time: 0.415755033493042 iter: 8
tot_time: 0.4546210765838623
init time: 0.00022029876708984375
contact time: 0.0031404495239257812
tot contact: 26
contact analysis time: 0.0005030632019042969
solving time: 0.45903849601745605 iter: 9
tot_time: 0.9226336479187012
init time: 0.00021147727966308594
contact time: 0.0033075809478759766
tot contact: 23
contact analysis time: 0.00044727325439453125
solving time: 0.4529988765716553 iter: 9
tot_time: 1.3844306468963623
init time: 0.00023174285888671875
contact time: 0.003457784652709961
tot contact: 26
contact analysis time: 0.0004525184631347656
solving time: 0.5553178787231445 iter: 11
tot_time: 1.948599100112915
init time: 0.0002243518829345703
contact time: 0.0035486221313476562
tot contact: 28
contact analysis time: 0.00045871734619140625
solving time: 0.6611900329589844 iter: 12
tot_time: 2.618847370147705
init time: 0.00022149085998535156
contact time: 0.0035724639892578125
tot contact: 25
contact analysis time: 0.0004534721374511719
solving time: 0.7944581508636475 iter: 14
tot_time: 3.4223203659057617
init time: 0.00022101402282714844
contact time: 0.003575563430786133
tot contact: 24
contact analysis time: 0.00043654441833496094
solving time: 0.6867837905883789 iter: 13
tot_time: 4.118151903152466
init time: 0.00022101402282714844
contact time: 0.003522157669067383
tot contact: 29
contact analysis time: 0.0004994869232177734
solving time: 0.9241273403167725 iter: 15
tot_time: 5.051275253295898
init time: 0.00021600723266601562
contact time: 0.003568887710571289
tot contact: 28
contact analysis time: 0.00043511390686035156
solving time: 0.9181299209594727 iter: 15
tot_time: 5.978505849838257
init time: 0.0002193450927734375
contact time: 0.0035266876220703125
tot contact: 28
contact analysis time: 0.0004439353942871094
solving time: 0.9130756855010986 iter: 15
tot_time: 6.900550365447998
init time: 0.00022983551025390625
contact time: 0.003579378128051758
tot contact: 29
contact analysis time: 0.0004513263702392578
solving time: 0.9231441020965576 iter: 15
tot_time: 7.832807540893555
init time: 0.0002238750457763672
contact time: 0.003596067428588867
tot contact: 29
contact analysis time: 0.0004432201385498047
solving time: 0.9189345836639404 iter: 15
tot_time: 8.76087760925293
init time: 0.0002772808074951172
contact time: 0.003654003143310547
tot contact: 28
contact analysis time: 0.00044035911560058594
solving time: 0.9243688583374023 iter: 15
tot_time: 9.694427967071533
init time: 0.00022840499877929688
contact time: 0.0036880970001220703
tot contact: 29
contact analysis time: 0.0004398822784423828
solving time: 0.9192779064178467 iter: 15
tot_time: 10.622894048690796
init time: 0.0002903938293457031
contact time: 0.0036830902099609375
tot contact: 28
contact analysis time: 0.0005698204040527344
solving time: 0.916093111038208 iter: 15
tot_time: 11.54845643043518
init time: 0.00022029876708984375
contact time: 0.003576517105102539
tot contact: 29
contact analysis time: 0.0004513263702392578
solving time: 0.9227588176727295 iter: 15
tot_time: 12.48035979270935
init time: 0.00023365020751953125
contact time: 0.0036935806274414062
tot contact: 32
contact analysis time: 0.0004887580871582031
solving time: 0.9256322383880615 iter: 15
tot_time: 13.415326118469238
init time: 0.00021886825561523438
contact time: 0.0036902427673339844
tot contact: 32
contact analysis time: 0.00045299530029296875
solving time: 0.9237239360809326 iter: 15
tot_time: 14.348239183425903
init time: 0.0002377033233642578
contact time: 0.0036590099334716797
tot contact: 34
contact analysis time: 0.0004668235778808594
solving time: 0.9254682064056396 iter: 15
tot_time: 15.282934188842773
init time: 0.000274658203125
contact time: 0.0037178993225097656
tot contact: 33
contact analysis time: 0.00044608116149902344
solving time: 0.917048454284668 iter: 15
tot_time: 16.209282636642456
init time: 0.0002269744873046875
contact time: 0.0036382675170898438
tot contact: 35
contact analysis time: 0.0004420280456542969
solving time: 0.9394819736480713 iter: 15
tot_time: 17.157929182052612
init time: 0.00027942657470703125
contact time: 0.0036153793334960938
tot contact: 35
contact analysis time: 0.0005087852478027344
solving time: 0.940274715423584 iter: 15
tot_time: 18.107537508010864
init time: 0.00025343894958496094
contact time: 0.003681182861328125
tot contact: 32
contact analysis time: 0.0004513263702392578
solving time: 0.9310629367828369 iter: 15
tot_time: 19.047863245010376
init time: 0.0002772808074951172
contact time: 0.0036416053771972656
tot contact: 33
contact analysis time: 0.0004391670227050781
solving time: 0.9308075904846191 iter: 15
tot_time: 19.987903118133545
init time: 0.00022172927856445312
contact time: 0.003676176071166992
tot contact: 33
contact analysis time: 0.0004572868347167969
solving time: 0.9321300983428955 iter: 15
tot_time: 20.92924451828003
init time: 0.0002193450927734375
contact time: 0.0037565231323242188
tot contact: 33
contact analysis time: 0.00045871734619140625
solving time: 0.9317927360534668 iter: 15
tot_time: 21.87026810646057
init time: 0.0002875328063964844
contact time: 0.003773212432861328
tot contact: 33
contact analysis time: 0.00045490264892578125
solving time: 0.9277374744415283 iter: 15
tot_time: 22.80738115310669
init time: 0.00022983551025390625
contact time: 0.0036268234252929688
tot contact: 35
contact analysis time: 0.00044989585876464844
solving time: 0.9364650249481201 iter: 15
tot_time: 23.753026008605957
init time: 0.0002856254577636719
contact time: 0.0036818981170654297
tot contact: 37
contact analysis time: 0.0005135536193847656
solving time: 0.9402496814727783 iter: 15
tot_time: 24.702702522277832
init time: 0.00026154518127441406
contact time: 0.003777742385864258
tot contact: 31
contact analysis time: 0.0004487037658691406
solving time: 0.9303576946258545 iter: 15
tot_time: 25.642431020736694
init time: 0.00023221969604492188
contact time: 0.0037446022033691406
tot contact: 24
contact analysis time: 0.00045609474182128906
solving time: 0.8947529792785645 iter: 15
tot_time: 26.546410083770752
init time: 0.00022363662719726562
contact time: 0.0037598609924316406
tot contact: 26
contact analysis time: 0.00042724609375
solving time: 0.9151451587677002 iter: 15
tot_time: 27.470784664154053
init time: 0.0002262592315673828
contact time: 0.0036749839782714844
tot contact: 26
contact analysis time: 0.00045037269592285156
solving time: 0.9175899028778076 iter: 15
tot_time: 28.39754056930542
init time: 0.00025725364685058594
contact time: 0.003710031509399414
tot contact: 24
contact analysis time: 0.0004534721374511719
solving time: 0.7916040420532227 iter: 13
tot_time: 29.198541164398193
init time: 0.00022864341735839844
contact time: 0.003766298294067383
tot contact: 24
contact analysis time: 0.0004525184631347656
solving time: 0.9144473075866699 iter: 15
tot_time: 30.122265577316284
init time: 0.00022721290588378906
contact time: 0.0036864280700683594
tot contact: 26
contact analysis time: 0.00045561790466308594
solving time: 0.923558235168457 iter: 15
tot_time: 31.054990530014038
init time: 0.00023245811462402344
contact time: 0.0037560462951660156
tot contact: 23
contact analysis time: 0.0004703998565673828
solving time: 0.9321434497833252 iter: 15
tot_time: 31.996450185775757
init time: 0.00026106834411621094
contact time: 0.0036652088165283203
tot contact: 23
contact analysis time: 0.0004858970642089844
solving time: 0.9330611228942871 iter: 15
tot_time: 32.93888998031616
init time: 0.0002989768981933594
contact time: 0.003673553466796875
tot contact: 19
contact analysis time: 0.00046753883361816406
solving time: 0.911541223526001 iter: 15
tot_time: 33.85976004600525
init time: 0.00022077560424804688
contact time: 0.0035843849182128906
tot contact: 18
contact analysis time: 0.0004525184631347656
solving time: 0.9177365303039551 iter: 15
tot_time: 34.78653264045715
init time: 0.00028204917907714844
contact time: 0.0035941600799560547
tot contact: 20
contact analysis time: 0.0005311965942382812
solving time: 0.9278464317321777 iter: 15
tot_time: 35.72364258766174
init time: 0.00022840499877929688
contact time: 0.003662586212158203
tot contact: 18
contact analysis time: 0.0004661083221435547
solving time: 0.9018900394439697 iter: 15
tot_time: 36.63481616973877
init time: 0.00022101402282714844
contact time: 0.003648519515991211
tot contact: 18
contact analysis time: 0.00046253204345703125
solving time: 0.7834177017211914 iter: 13
tot_time: 37.42748475074768
init time: 0.00022029876708984375
contact time: 0.003576993942260742
tot contact: 18
contact analysis time: 0.0004467964172363281
solving time: 0.8430047035217285 iter: 14
tot_time: 38.279499769210815
init time: 0.000278472900390625
contact time: 0.0035369396209716797
tot contact: 17
contact analysis time: 0.0005083084106445312
solving time: 0.9091269969940186 iter: 15
tot_time: 39.19775748252869
init time: 0.00028967857360839844
contact time: 0.0035839080810546875
tot contact: 20
contact analysis time: 0.0005128383636474609
solving time: 0.8544511795043945 iter: 14
tot_time: 40.06146478652954
init time: 0.0002315044403076172
contact time: 0.0035698413848876953
tot contact: 18
contact analysis time: 0.00044345855712890625
solving time: 0.9123122692108154 iter: 15
tot_time: 40.9828314781189
init time: 0.0002872943878173828
contact time: 0.0035924911499023438
tot contact: 19
contact analysis time: 0.0005106925964355469
solving time: 0.8960995674133301 iter: 15
tot_time: 41.88835167884827
init time: 0.0002281665802001953
contact time: 0.003628969192504883
tot contact: 18
contact analysis time: 0.00043702125549316406
solving time: 0.6010432243347168 iter: 10
tot_time: 42.49847197532654
tot_time: 42.498480796813965
total_reward: [-0.04620989212614203, -0.051045026778930795, -0.049063862245701424, -0.04555719427763499, -0.042305867104589605, -0.042046247478152304, -0.04164040828424509, -0.04109133113719108, -0.04043226725454258, -0.03959938750640834, -0.03876027473468915, -0.037969473580183634, -0.03717861840202258, -0.03635159403330129, -0.03553194466303139]
tot contact: 18
tot contact: 19
tot contact: 18
tot contact: 20
tot contact: 17
tot contact: 18
tot contact: 18
tot contact: 18
tot contact: 20
tot contact: 18
tot contact: 19
tot contact: 23
tot contact: 23
tot contact: 26
tot contact: 24
tot contact: 24
tot contact: 26
tot contact: 26
tot contact: 24
tot contact: 31
tot contact: 37
tot contact: 35
tot contact: 33
tot contact: 33
tot contact: 33
tot contact: 33
tot contact: 32
tot contact: 35
tot contact: 35
tot contact: 33
tot contact: 34
tot contact: 32
tot contact: 32
tot contact: 29
tot contact: 28
tot contact: 29
tot contact: 28
tot contact: 29
tot contact: 29
tot contact: 28
tot contact: 28
tot contact: 29
tot contact: 24
tot contact: 25
tot contact: 28
tot contact: 26
tot contact: 23
tot contact: 26
tot contact: 29
done grad
iter:  15
[I 10/02/26 14:32:53.375 13459] [swap_chain.cpp:dump_image_buffer@164] Dumping image buffer...
init time: 0.00022363662719726562
contact time: 0.0029609203338623047
tot contact: 29
contact analysis time: 0.00043082237243652344
solving time: 0.409623384475708 iter: 8
tot_time: 0.4486064910888672
init time: 0.0002448558807373047
contact time: 0.0030825138092041016
tot contact: 26
contact analysis time: 0.0004820823669433594
solving time: 0.5711970329284668 iter: 11
tot_time: 1.0286002159118652
init time: 0.00022840499877929688
contact time: 0.003216981887817383
tot contact: 23
contact analysis time: 0.00045299530029296875
solving time: 0.45268917083740234 iter: 9
tot_time: 1.4900238513946533
init time: 0.0002257823944091797
contact time: 0.0034661293029785156
tot contact: 26
contact analysis time: 0.0004372596740722656
solving time: 0.5536880493164062 iter: 11
tot_time: 2.0526182651519775
init time: 0.0002522468566894531
contact time: 0.0036323070526123047
tot contact: 28
contact analysis time: 0.00043582916259765625
solving time: 0.6653461456298828 iter: 12
tot_time: 2.72713303565979
init time: 0.00023245811462402344
contact time: 0.0035262107849121094
tot contact: 25
contact analysis time: 0.0004444122314453125
solving time: 0.7751600742340088 iter: 14
tot_time: 3.511390209197998
init time: 0.0002827644348144531
contact time: 0.003501415252685547
tot contact: 24
contact analysis time: 0.0005083084106445312
solving time: 0.6881575584411621 iter: 13
tot_time: 4.208674907684326
init time: 0.00023317337036132812
contact time: 0.003563404083251953
tot contact: 29
contact analysis time: 0.0004825592041015625
solving time: 0.9233877658843994 iter: 15
tot_time: 5.14115571975708
init time: 0.00022268295288085938
contact time: 0.003507375717163086
tot contact: 28
contact analysis time: 0.00045180320739746094
solving time: 0.9163124561309814 iter: 15
tot_time: 6.066509962081909
init time: 0.0002257823944091797
contact time: 0.0036416053771972656
tot contact: 28
contact analysis time: 0.00047516822814941406
solving time: 0.9106740951538086 iter: 15
tot_time: 6.986242771148682
init time: 0.0002162456512451172
contact time: 0.0036592483520507812
tot contact: 29
contact analysis time: 0.00044274330139160156
solving time: 0.9233951568603516 iter: 15
tot_time: 7.918926954269409
init time: 0.0002269744873046875
contact time: 0.0035707950592041016
tot contact: 29
contact analysis time: 0.0004360675811767578
solving time: 0.9227242469787598 iter: 15
tot_time: 8.85077452659607
init time: 0.0002925395965576172
contact time: 0.0036301612854003906
tot contact: 28
contact analysis time: 0.0004439353942871094
solving time: 0.9197342395782471 iter: 15
tot_time: 9.779825448989868
init time: 0.00022840499877929688
contact time: 0.0036954879760742188
tot contact: 29
contact analysis time: 0.00045228004455566406
solving time: 0.8597543239593506 iter: 14
tot_time: 10.648744583129883
init time: 0.0002961158752441406
contact time: 0.0037283897399902344
tot contact: 28
contact analysis time: 0.0004494190216064453
solving time: 0.9175674915313721 iter: 15
tot_time: 11.575786590576172
init time: 0.00023031234741210938
contact time: 0.0035440921783447266
tot contact: 29
contact analysis time: 0.0004508495330810547
solving time: 0.9249868392944336 iter: 15
tot_time: 12.509847640991211
init time: 0.00028777122497558594
contact time: 0.003598928451538086
tot contact: 32
contact analysis time: 0.0005028247833251953
solving time: 0.9252376556396484 iter: 15
tot_time: 13.444265127182007
init time: 0.00022482872009277344
contact time: 0.0036721229553222656
tot contact: 32
contact analysis time: 0.00043773651123046875
solving time: 0.9232327938079834 iter: 15
tot_time: 14.376629114151001
init time: 0.0002181529998779297
contact time: 0.0036427974700927734
tot contact: 34
contact analysis time: 0.00046253204345703125
solving time: 0.9238097667694092 iter: 15
tot_time: 15.309545040130615
init time: 0.00022530555725097656
contact time: 0.0036821365356445312
tot contact: 33
contact analysis time: 0.0004425048828125
solving time: 0.9187729358673096 iter: 15
tot_time: 16.23756742477417
init time: 0.0002353191375732422
contact time: 0.003670930862426758
tot contact: 34
contact analysis time: 0.00047397613525390625
solving time: 0.933967113494873 iter: 15
tot_time: 17.180728435516357
init time: 0.00026607513427734375
contact time: 0.0036585330963134766
tot contact: 35
contact analysis time: 0.0004341602325439453
solving time: 0.9416506290435791 iter: 15
tot_time: 18.13167905807495
init time: 0.0002307891845703125
contact time: 0.003629922866821289
tot contact: 33
contact analysis time: 0.0004649162292480469
solving time: 0.9320869445800781 iter: 15
tot_time: 19.07292652130127
init time: 0.00028777122497558594
contact time: 0.003622293472290039
tot contact: 33
contact analysis time: 0.0005166530609130859
solving time: 0.9301791191101074 iter: 15
tot_time: 20.012410879135132
init time: 0.0002353191375732422
contact time: 0.003701448440551758
tot contact: 33
contact analysis time: 0.0004730224609375
solving time: 0.9325399398803711 iter: 15
tot_time: 20.954283237457275
init time: 0.00022745132446289062
contact time: 0.003751039505004883
tot contact: 34
contact analysis time: 0.000469207763671875
solving time: 0.9412734508514404 iter: 15
tot_time: 21.904934883117676
init time: 0.00021982192993164062
contact time: 0.0037152767181396484
tot contact: 33
contact analysis time: 0.00046539306640625
solving time: 0.9316747188568115 iter: 15
tot_time: 22.845961570739746
init time: 0.0002257823944091797
contact time: 0.0037763118743896484
tot contact: 35
contact analysis time: 0.00045871734619140625
solving time: 0.93631911277771 iter: 15
tot_time: 23.79165506362915
init time: 0.00028586387634277344
contact time: 0.0037953853607177734
tot contact: 36
contact analysis time: 0.0004343986511230469
solving time: 0.9382727146148682 iter: 15
tot_time: 24.739357948303223
init time: 0.0002181529998779297
contact time: 0.003735780715942383
tot contact: 31
contact analysis time: 0.0004458427429199219
solving time: 0.9315845966339111 iter: 15
tot_time: 25.680266618728638
init time: 0.00028777122497558594
contact time: 0.003676176071166992
tot contact: 25
contact analysis time: 0.0005099773406982422
solving time: 0.893108606338501 iter: 15
tot_time: 26.58268928527832
init time: 0.0002257823944091797
contact time: 0.0037271976470947266
tot contact: 25
contact analysis time: 0.0004336833953857422
solving time: 0.9317128658294678 iter: 15
tot_time: 27.523780584335327
init time: 0.0002219676971435547
contact time: 0.0037412643432617188
tot contact: 26
contact analysis time: 0.0004673004150390625
solving time: 0.9227650165557861 iter: 15
tot_time: 28.45598340034485
init time: 0.00023245811462402344
contact time: 0.00373077392578125
tot contact: 25
contact analysis time: 0.0004451274871826172
solving time: 0.7929599285125732 iter: 13
tot_time: 29.258251428604126
init time: 0.00022602081298828125
contact time: 0.0036475658416748047
tot contact: 24
contact analysis time: 0.000453948974609375
solving time: 0.9230949878692627 iter: 15
tot_time: 30.190470218658447
init time: 0.0002880096435546875
contact time: 0.003731966018676758
tot contact: 26
contact analysis time: 0.0004582405090332031
solving time: 0.922307014465332 iter: 15
tot_time: 31.122241973876953
init time: 0.00022482872009277344
contact time: 0.0037713050842285156
tot contact: 23
contact analysis time: 0.00043773651123046875
solving time: 0.9338805675506592 iter: 15
tot_time: 32.065398931503296
init time: 0.0002770423889160156
contact time: 0.0036683082580566406
tot contact: 23
contact analysis time: 0.0005099773406982422
solving time: 0.9323036670684814 iter: 15
tot_time: 33.00692009925842
init time: 0.00022673606872558594
contact time: 0.003607034683227539
tot contact: 19
contact analysis time: 0.0004553794860839844
solving time: 0.9105978012084961 iter: 15
tot_time: 33.92669439315796
init time: 0.00023055076599121094
contact time: 0.003651142120361328
tot contact: 18
contact analysis time: 0.0004513263702392578
solving time: 0.9177055358886719 iter: 15
tot_time: 34.85364103317261
init time: 0.0002269744873046875
contact time: 0.0036427974700927734
tot contact: 19
contact analysis time: 0.00045180320739746094
solving time: 0.9316763877868652 iter: 15
tot_time: 35.79448413848877
init time: 0.00022268295288085938
contact time: 0.003607511520385742
tot contact: 18
contact analysis time: 0.0004425048828125
solving time: 0.9120090007781982 iter: 15
tot_time: 36.715574741363525
init time: 0.00030303001403808594
contact time: 0.003640890121459961
tot contact: 18
contact analysis time: 0.00043892860412597656
solving time: 0.9110915660858154 iter: 15
tot_time: 37.63580822944641
init time: 0.0002720355987548828
contact time: 0.0035326480865478516
tot contact: 18
contact analysis time: 0.0004985332489013672
solving time: 0.8403775691986084 iter: 14
tot_time: 38.48530054092407
init time: 0.000232696533203125
contact time: 0.003568410873413086
tot contact: 17
contact analysis time: 0.0004506111145019531
solving time: 0.9060800075531006 iter: 15
tot_time: 39.400418519973755
init time: 0.0002307891845703125
contact time: 0.0035924911499023438
tot contact: 19
contact analysis time: 0.00044345855712890625
solving time: 0.8575930595397949 iter: 14
tot_time: 40.26713967323303
init time: 0.00023102760314941406
contact time: 0.0036013126373291016
tot contact: 17
contact analysis time: 0.0004513263702392578
solving time: 0.8695862293243408 iter: 15
tot_time: 41.14593839645386
init time: 0.0002219676971435547
contact time: 0.003664255142211914
tot contact: 19
contact analysis time: 0.00046133995056152344
solving time: 0.9111099243164062 iter: 15
tot_time: 42.06624364852905
init time: 0.00022172927856445312
contact time: 0.003687620162963867
tot contact: 18
contact analysis time: 0.00045180320739746094
solving time: 0.6008243560791016 iter: 10
tot_time: 42.67627215385437
tot_time: 42.6762797832489
total_reward: [-0.04620989212614203, -0.051045026778930795, -0.049063862245701424, -0.04555719427763499, -0.042305867104589605, -0.042046247478152304, -0.04164040828424509, -0.04109133113719108, -0.04043226725454258, -0.03959938750640834, -0.03876027473468915, -0.037969473580183634, -0.03717861840202258, -0.03635159403330129, -0.03553194466303139, -0.034727524800255705]
tot contact: 18
tot contact: 19
tot contact: 17
tot contact: 19
tot contact: 17
tot contact: 18
tot contact: 18
tot contact: 18
tot contact: 19
tot contact: 18
tot contact: 19
tot contact: 23
tot contact: 23
tot contact: 26
tot contact: 24
tot contact: 25
tot contact: 26
tot contact: 25
tot contact: 25
tot contact: 31
tot contact: 36
tot contact: 35
tot contact: 33
tot contact: 34
tot contact: 33
tot contact: 33
tot contact: 33
tot contact: 35
tot contact: 34
tot contact: 33
tot contact: 34
tot contact: 32
tot contact: 32
tot contact: 29
tot contact: 28
tot contact: 29
tot contact: 28
tot contact: 29
tot contact: 29
tot contact: 28
tot contact: 28
tot contact: 29
tot contact: 24
tot contact: 25
tot contact: 28
tot contact: 26
tot contact: 23
tot contact: 26
tot contact: 29
done grad
iter:  16
[I 10/02/26 14:33:39.191 13459] [swap_chain.cpp:dump_image_buffer@164] Dumping image buffer...
init time: 0.0002231597900390625
contact time: 0.002928495407104492
tot contact: 29
contact analysis time: 0.0004584789276123047
solving time: 0.41269350051879883 iter: 8
tot_time: 0.45113468170166016
init time: 0.00025916099548339844
contact time: 0.003197908401489258
tot contact: 26
contact analysis time: 0.000484466552734375
solving time: 0.4547703266143799 iter: 9
tot_time: 0.9151341915130615
init time: 0.00024700164794921875
contact time: 0.003253936767578125
tot contact: 23
contact analysis time: 0.0004425048828125
solving time: 0.45604825019836426 iter: 9
tot_time: 1.379960060119629
init time: 0.0002930164337158203
contact time: 0.0034325122833251953
tot contact: 26
contact analysis time: 0.0004563331604003906
solving time: 0.5581343173980713 iter: 11
tot_time: 1.947214126586914
init time: 0.00021886825561523438
contact time: 0.0036165714263916016
tot contact: 28
contact analysis time: 0.0004525184631347656
solving time: 0.6621322631835938 iter: 12
tot_time: 2.618478298187256
init time: 0.00021648406982421875
contact time: 0.003499269485473633
tot contact: 25
contact analysis time: 0.00044083595275878906
solving time: 0.7763357162475586 iter: 14
tot_time: 3.403827667236328
init time: 0.0002205371856689453
contact time: 0.0035219192504882812
tot contact: 24
contact analysis time: 0.0004572868347167969
solving time: 0.6952402591705322 iter: 13
tot_time: 4.108129024505615
init time: 0.00022864341735839844
contact time: 0.003578662872314453
tot contact: 29
contact analysis time: 0.00046443939208984375
solving time: 0.9231894016265869 iter: 15
tot_time: 5.040339469909668
init time: 0.00027370452880859375
contact time: 0.003568887710571289
tot contact: 28
contact analysis time: 0.0004482269287109375
solving time: 0.9173266887664795 iter: 15
tot_time: 5.966949224472046
init time: 0.00022268295288085938
contact time: 0.0035500526428222656
tot contact: 28
contact analysis time: 0.00046706199645996094
solving time: 0.9193613529205322 iter: 15
tot_time: 6.895349740982056
init time: 0.0002944469451904297
contact time: 0.0034990310668945312
tot contact: 29
contact analysis time: 0.0005137920379638672
solving time: 0.9253330230712891 iter: 15
tot_time: 7.829832077026367
init time: 0.0002162456512451172
contact time: 0.0035877227783203125
tot contact: 29
contact analysis time: 0.0004379749298095703
solving time: 0.9199073314666748 iter: 15
tot_time: 8.758812427520752
init time: 0.00022220611572265625
contact time: 0.003651857376098633
tot contact: 28
contact analysis time: 0.0004558563232421875
solving time: 0.9185822010040283 iter: 15
tot_time: 9.686667919158936
init time: 0.00022268295288085938
contact time: 0.003808259963989258
tot contact: 29
contact analysis time: 0.0004718303680419922
solving time: 0.8585448265075684 iter: 14
tot_time: 10.554813385009766
init time: 0.0002300739288330078
contact time: 0.0037069320678710938
tot contact: 28
contact analysis time: 0.0005304813385009766
solving time: 0.9164516925811768 iter: 15
tot_time: 11.480573892593384
init time: 0.000232696533203125
contact time: 0.0036728382110595703
tot contact: 29
contact analysis time: 0.00045990943908691406
solving time: 0.925128698348999 iter: 15
tot_time: 12.415143013000488
init time: 0.0002548694610595703
contact time: 0.0037157535552978516
tot contact: 32
contact analysis time: 0.0004658699035644531
solving time: 0.9254117012023926 iter: 15
tot_time: 13.349883556365967
init time: 0.0002548694610595703
contact time: 0.0037260055541992188
tot contact: 32
contact analysis time: 0.00048470497131347656
solving time: 0.9263124465942383 iter: 15
tot_time: 14.285671710968018
init time: 0.00022912025451660156
contact time: 0.003601551055908203
tot contact: 33
contact analysis time: 0.000457763671875
solving time: 0.9250726699829102 iter: 15
tot_time: 15.219836950302124
init time: 0.0002760887145996094
contact time: 0.003733396530151367
tot contact: 33
contact analysis time: 0.0004367828369140625
solving time: 0.919196605682373 iter: 15
tot_time: 16.14841604232788
init time: 0.0002288818359375
contact time: 0.003612995147705078
tot contact: 34
contact analysis time: 0.0004782676696777344
solving time: 0.9322562217712402 iter: 15
tot_time: 17.089820623397827
init time: 0.00031280517578125
contact time: 0.003656625747680664
tot contact: 35
contact analysis time: 0.0005326271057128906
solving time: 0.937248945236206 iter: 15
tot_time: 18.036467790603638
init time: 0.0002162456512451172
contact time: 0.0037069320678710938
tot contact: 34
contact analysis time: 0.00042939186096191406
solving time: 0.9379875659942627 iter: 15
tot_time: 18.983638286590576
init time: 0.0002219676971435547
contact time: 0.0036973953247070312
tot contact: 33
contact analysis time: 0.00044798851013183594
solving time: 0.9324030876159668 iter: 15
tot_time: 19.925357818603516
init time: 0.00022220611572265625
contact time: 0.0036706924438476562
tot contact: 33
contact analysis time: 0.00045490264892578125
solving time: 0.9328567981719971 iter: 15
tot_time: 20.86741042137146
init time: 0.0002186298370361328
contact time: 0.0036919116973876953
tot contact: 34
contact analysis time: 0.00045418739318847656
solving time: 0.9321634769439697 iter: 15
tot_time: 21.808690309524536
init time: 0.0003170967102050781
contact time: 0.0037698745727539062
tot contact: 34
contact analysis time: 0.00047397613525390625
solving time: 0.9324116706848145 iter: 15
tot_time: 22.75053644180298
init time: 0.00023031234741210938
contact time: 0.0037097930908203125
tot contact: 35
contact analysis time: 0.00048160552978515625
solving time: 0.9370245933532715 iter: 15
tot_time: 23.696871995925903
init time: 0.00032210350036621094
contact time: 0.0037784576416015625
tot contact: 36
contact analysis time: 0.0005445480346679688
solving time: 0.9379749298095703 iter: 15
tot_time: 24.64437174797058
init time: 0.0002377033233642578
contact time: 0.0037987232208251953
tot contact: 31
contact analysis time: 0.0004458427429199219
solving time: 0.9347259998321533 iter: 15
tot_time: 25.58851194381714
init time: 0.0002148151397705078
contact time: 0.0037660598754882812
tot contact: 25
contact analysis time: 0.0004742145538330078
solving time: 0.8936192989349365 iter: 15
tot_time: 26.491527318954468
init time: 0.0002262592315673828
contact time: 0.003743410110473633
tot contact: 25
contact analysis time: 0.0004763603210449219
solving time: 0.9292724132537842 iter: 15
tot_time: 27.43026089668274
init time: 0.00022673606872558594
contact time: 0.003676891326904297
tot contact: 26
contact analysis time: 0.0004582405090332031
solving time: 0.9182469844818115 iter: 15
tot_time: 28.357577085494995
init time: 0.0002238750457763672
contact time: 0.003734588623046875
tot contact: 24
contact analysis time: 0.0004394054412841797
solving time: 0.7511794567108154 iter: 12
tot_time: 29.117986917495728
init time: 0.00022554397583007812
contact time: 0.003729581832885742
tot contact: 24
contact analysis time: 0.0004630088806152344
solving time: 0.9158098697662354 iter: 15
tot_time: 30.04309058189392
init time: 0.00021982192993164062
contact time: 0.003844022750854492
tot contact: 27
contact analysis time: 0.0004646778106689453
solving time: 0.9351863861083984 iter: 15
tot_time: 30.98766851425171
init time: 0.0002486705780029297
contact time: 0.0037779808044433594
tot contact: 24
contact analysis time: 0.0004379749298095703
solving time: 0.9319756031036377 iter: 15
tot_time: 31.928913354873657
init time: 0.0002243518829345703
contact time: 0.0036580562591552734
tot contact: 23
contact analysis time: 0.0004794597625732422
solving time: 0.9386394023895264 iter: 15
tot_time: 32.87678837776184
init time: 0.0003287792205810547
contact time: 0.0036821365356445312
tot contact: 19
contact analysis time: 0.00045108795166015625
solving time: 0.8910808563232422 iter: 14
tot_time: 33.77730083465576
init time: 0.00022125244140625
contact time: 0.003702878952026367
tot contact: 18
contact analysis time: 0.00046563148498535156
solving time: 0.8535351753234863 iter: 14
tot_time: 34.64014291763306
init time: 0.0002243518829345703
contact time: 0.0036575794219970703
tot contact: 19
contact analysis time: 0.0004639625549316406
solving time: 0.9308018684387207 iter: 15
tot_time: 35.580135107040405
init time: 0.00022411346435546875
contact time: 0.0036058425903320312
tot contact: 18
contact analysis time: 0.0004563331604003906
solving time: 0.9041898250579834 iter: 15
tot_time: 36.49336051940918
init time: 0.0002262592315673828
contact time: 0.0036492347717285156
tot contact: 18
contact analysis time: 0.0004439353942871094
solving time: 0.9023499488830566 iter: 15
tot_time: 37.404860734939575
init time: 0.00022220611572265625
contact time: 0.0035614967346191406
tot contact: 18
contact analysis time: 0.00043582916259765625
solving time: 0.9059538841247559 iter: 15
tot_time: 38.31978940963745
init time: 0.00022029876708984375
contact time: 0.0036051273345947266
tot contact: 16
contact analysis time: 0.00044798851013183594
solving time: 0.7485523223876953 iter: 13
tot_time: 39.07750725746155
init time: 0.0002124309539794922
contact time: 0.0036737918853759766
tot contact: 20
contact analysis time: 0.000415802001953125
solving time: 0.8012847900390625 iter: 13
tot_time: 39.88800287246704
init time: 0.0003008842468261719
contact time: 0.003589630126953125
tot contact: 18
contact analysis time: 0.0005283355712890625
solving time: 0.9139759540557861 iter: 15
tot_time: 40.811296224594116
init time: 0.00022220611572265625
contact time: 0.0036706924438476562
tot contact: 19
contact analysis time: 0.00044035911560058594
solving time: 0.9121813774108887 iter: 15
tot_time: 41.732745885849
init time: 0.00027489662170410156
contact time: 0.0036182403564453125
tot contact: 18
contact analysis time: 0.0005133152008056641
solving time: 0.6602110862731934 iter: 11
tot_time: 42.40211296081543
tot_time: 42.40212035179138
total_reward: [-0.04620989212614203, -0.051045026778930795, -0.049063862245701424, -0.04555719427763499, -0.042305867104589605, -0.042046247478152304, -0.04164040828424509, -0.04109133113719108, -0.04043226725454258, -0.03959938750640834, -0.03876027473468915, -0.037969473580183634, -0.03717861840202258, -0.03635159403330129, -0.03553194466303139, -0.034727524800255705, -0.03370254409235803]
tot contact: 18
tot contact: 19
tot contact: 18
tot contact: 20
tot contact: 16
tot contact: 18
tot contact: 18
tot contact: 18
tot contact: 19
tot contact: 18
tot contact: 19
tot contact: 23
tot contact: 24
tot contact: 27
tot contact: 24
tot contact: 24
tot contact: 26
tot contact: 25
tot contact: 25
tot contact: 31
tot contact: 36
tot contact: 35
tot contact: 34
tot contact: 34
tot contact: 33
tot contact: 33
tot contact: 34
tot contact: 35
tot contact: 34
tot contact: 33
tot contact: 33
tot contact: 32
tot contact: 32
tot contact: 29
tot contact: 28
tot contact: 29
tot contact: 28
tot contact: 29
tot contact: 29
tot contact: 28
tot contact: 28
tot contact: 29
tot contact: 24
tot contact: 25
tot contact: 28
tot contact: 26
tot contact: 23
tot contact: 26
tot contact: 29
done grad
iter:  17
[I 10/02/26 14:34:24.737 13459] [swap_chain.cpp:dump_image_buffer@164] Dumping image buffer...
init time: 0.00022125244140625
contact time: 0.0028603076934814453
tot contact: 29
contact analysis time: 0.0004584789276123047
solving time: 0.41083645820617676 iter: 8
tot_time: 0.4492356777191162
init time: 0.00021791458129882812
contact time: 0.003119945526123047
tot contact: 26
contact analysis time: 0.0004673004150390625
solving time: 0.4815845489501953 iter: 9
tot_time: 0.9394223690032959
init time: 0.000217437744140625
contact time: 0.003274202346801758
tot contact: 23
contact analysis time: 0.0004444122314453125
solving time: 0.4527156352996826 iter: 9
tot_time: 1.4007492065429688
init time: 0.00021314620971679688
contact time: 0.0034744739532470703
tot contact: 26
contact analysis time: 0.000438690185546875
solving time: 0.5570414066314697 iter: 11
tot_time: 1.9667587280273438
init time: 0.00021767616271972656
contact time: 0.003597259521484375
tot contact: 28
contact analysis time: 0.00047779083251953125
solving time: 0.6606185436248779 iter: 12
tot_time: 2.6364457607269287
init time: 0.00022029876708984375
contact time: 0.0035200119018554688
tot contact: 25
contact analysis time: 0.0004532337188720703
solving time: 0.7711925506591797 iter: 14
tot_time: 3.4165914058685303
init time: 0.00022292137145996094
contact time: 0.003539562225341797
tot contact: 24
contact analysis time: 0.00044083595275878906
solving time: 0.691415548324585 iter: 13
tot_time: 4.1171019077301025
init time: 0.0002732276916503906
contact time: 0.0035719871520996094
tot contact: 29
contact analysis time: 0.00047016143798828125
solving time: 0.9252219200134277 iter: 15
tot_time: 5.051429510116577
init time: 0.0002193450927734375
contact time: 0.003472566604614258
tot contact: 28
contact analysis time: 0.00045990943908691406
solving time: 0.9168558120727539 iter: 15
tot_time: 5.97720193862915
init time: 0.0002880096435546875
contact time: 0.003519773483276367
tot contact: 28
contact analysis time: 0.0005273818969726562
solving time: 0.9140048027038574 iter: 15
tot_time: 6.900348424911499
init time: 0.00022482872009277344
contact time: 0.003685474395751953
tot contact: 29
contact analysis time: 0.0004646778106689453
solving time: 0.932140588760376 iter: 15
tot_time: 7.841707468032837
init time: 0.0002269744873046875
contact time: 0.003690481185913086
tot contact: 29
contact analysis time: 0.0004978179931640625
solving time: 0.9236397743225098 iter: 15
tot_time: 8.774717092514038
init time: 0.00021839141845703125
contact time: 0.003668546676635742
tot contact: 28
contact analysis time: 0.0005106925964355469
solving time: 0.9210050106048584 iter: 15
tot_time: 9.705167293548584
init time: 0.00025963783264160156
contact time: 0.003681659698486328
tot contact: 29
contact analysis time: 0.0004665851593017578
solving time: 0.8575930595397949 iter: 14
tot_time: 10.572017669677734
init time: 0.00022363662719726562
contact time: 0.0037462711334228516
tot contact: 28
contact analysis time: 0.0004525184631347656
solving time: 0.9183356761932373 iter: 15
tot_time: 11.499595880508423
init time: 0.00023555755615234375
contact time: 0.003621339797973633
tot contact: 29
contact analysis time: 0.0004520416259765625
solving time: 0.924757719039917 iter: 15
tot_time: 12.433457851409912
init time: 0.0002281665802001953
contact time: 0.0036802291870117188
tot contact: 32
contact analysis time: 0.0004546642303466797
solving time: 0.9278972148895264 iter: 15
tot_time: 13.370633602142334
init time: 0.00022149085998535156
contact time: 0.003696441650390625
tot contact: 32
contact analysis time: 0.00045990943908691406
solving time: 0.9239881038665771 iter: 15
tot_time: 14.303854942321777
init time: 0.00028061866760253906
contact time: 0.003705263137817383
tot contact: 33
contact analysis time: 0.00047016143798828125
solving time: 0.9221727848052979 iter: 15
tot_time: 15.235405445098877
init time: 0.0002231597900390625
contact time: 0.0035996437072753906
tot contact: 32
contact analysis time: 0.00045013427734375
solving time: 0.9291584491729736 iter: 15
tot_time: 16.17363452911377
init time: 0.0002727508544921875
contact time: 0.003622293472290039
tot contact: 34
contact analysis time: 0.0004971027374267578
solving time: 0.9356963634490967 iter: 15
tot_time: 17.118621826171875
init time: 0.00021982192993164062
contact time: 0.003743886947631836
tot contact: 35
contact analysis time: 0.000461578369140625
solving time: 0.9413390159606934 iter: 15
tot_time: 18.069154739379883
init time: 0.00027680397033691406
contact time: 0.0036361217498779297
tot contact: 34
contact analysis time: 0.0005004405975341797
solving time: 0.9380402565002441 iter: 15
tot_time: 19.01644015312195
init time: 0.00023102760314941406
contact time: 0.0036597251892089844
tot contact: 33
contact analysis time: 0.0004658699035644531
solving time: 0.9305925369262695 iter: 15
tot_time: 19.956177949905396
init time: 0.00022411346435546875
contact time: 0.0036759376525878906
tot contact: 34
contact analysis time: 0.00044989585876464844
solving time: 0.9316892623901367 iter: 15
tot_time: 20.897008895874023
init time: 0.0002205371856689453
contact time: 0.0036859512329101562
tot contact: 34
contact analysis time: 0.00045752525329589844
solving time: 0.930898904800415 iter: 15
tot_time: 21.837085962295532
init time: 0.00023102760314941406
contact time: 0.0037627220153808594
tot contact: 34
contact analysis time: 0.0005161762237548828
solving time: 0.9304609298706055 iter: 15
tot_time: 22.776910305023193
init time: 0.0003523826599121094
contact time: 0.003804445266723633
tot contact: 35
contact analysis time: 0.0004544258117675781
solving time: 0.9322707653045654 iter: 15
tot_time: 23.71892213821411
init time: 0.00022864341735839844
contact time: 0.0037660598754882812
tot contact: 36
contact analysis time: 0.0004734992980957031
solving time: 0.938042163848877 iter: 15
tot_time: 24.66633439064026
init time: 0.0002849102020263672
contact time: 0.0037641525268554688
tot contact: 31
contact analysis time: 0.0005412101745605469
solving time: 0.9304208755493164 iter: 15
tot_time: 25.606242656707764
init time: 0.0002257823944091797
contact time: 0.0038106441497802734
tot contact: 25
contact analysis time: 0.0004680156707763672
solving time: 0.8968431949615479 iter: 15
tot_time: 26.51247477531433
init time: 0.0002224445343017578
contact time: 0.0037605762481689453
tot contact: 25
contact analysis time: 0.0004551410675048828
solving time: 0.9310262203216553 iter: 15
tot_time: 27.452711820602417
init time: 0.00021696090698242188
contact time: 0.0038106441497802734
tot contact: 26
contact analysis time: 0.0004439353942871094
solving time: 0.9152989387512207 iter: 15
tot_time: 28.37751579284668
init time: 0.00023317337036132812
contact time: 0.0036687850952148438
tot contact: 24
contact analysis time: 0.0004553794860839844
solving time: 0.7309567928314209 iter: 12
tot_time: 29.11763596534729
init time: 0.00022339820861816406
contact time: 0.0038154125213623047
tot contact: 24
contact analysis time: 0.00046944618225097656
solving time: 0.9133760929107666 iter: 15
tot_time: 30.040266036987305
init time: 0.00021600723266601562
contact time: 0.003864765167236328
tot contact: 29
contact analysis time: 0.0004608631134033203
solving time: 0.937995433807373 iter: 15
tot_time: 30.98762798309326
init time: 0.0002186298370361328
contact time: 0.003758668899536133
tot contact: 25
contact analysis time: 0.00045418739318847656
solving time: 0.9302976131439209 iter: 15
tot_time: 31.92719864845276
init time: 0.00022292137145996094
contact time: 0.003712177276611328
tot contact: 23
contact analysis time: 0.0005018711090087891
solving time: 0.9314689636230469 iter: 15
tot_time: 32.86809682846069
init time: 0.00025081634521484375
contact time: 0.003559589385986328
tot contact: 18
contact analysis time: 0.0004506111145019531
solving time: 0.7886760234832764 iter: 13
tot_time: 33.66589593887329
init time: 0.0002238750457763672
contact time: 0.003704547882080078
tot contact: 18
contact analysis time: 0.00044083595275878906
solving time: 0.8541181087493896 iter: 14
tot_time: 34.52930307388306
init time: 0.0002803802490234375
contact time: 0.0035903453826904297
tot contact: 19
contact analysis time: 0.0005259513854980469
solving time: 0.9294335842132568 iter: 15
tot_time: 35.46792006492615
init time: 0.0002231597900390625
contact time: 0.003724336624145508
tot contact: 18
contact analysis time: 0.0004353523254394531
solving time: 0.9073560237884521 iter: 15
tot_time: 36.384514570236206
init time: 0.00023651123046875
contact time: 0.0037789344787597656
tot contact: 18
contact analysis time: 0.0004458427429199219
solving time: 0.91583251953125 iter: 15
tot_time: 37.30977010726929
init time: 0.0002484321594238281
contact time: 0.0036957263946533203
tot contact: 19
contact analysis time: 0.000499725341796875
solving time: 0.9283881187438965 iter: 15
tot_time: 38.24766135215759
init time: 0.00022363662719726562
contact time: 0.0035963058471679688
tot contact: 16
contact analysis time: 0.00045609474182128906
solving time: 0.8073914051055908 iter: 14
tot_time: 39.06413984298706
init time: 0.0003170967102050781
contact time: 0.003591299057006836
tot contact: 19
contact analysis time: 0.0005121231079101562
solving time: 0.7956638336181641 iter: 13
tot_time: 39.86910319328308
init time: 0.0002503395080566406
contact time: 0.003662109375
tot contact: 17
contact analysis time: 0.00048279762268066406
solving time: 0.8510234355926514 iter: 15
tot_time: 40.72931218147278
init time: 0.0002238750457763672
contact time: 0.0036716461181640625
tot contact: 19
contact analysis time: 0.00044727325439453125
solving time: 0.9178290367126465 iter: 15
tot_time: 41.65631699562073
init time: 0.00022459030151367188
contact time: 0.003681182861328125
tot contact: 19
contact analysis time: 0.0004582405090332031
solving time: 0.7234790325164795 iter: 12
tot_time: 42.38916373252869
tot_time: 42.38918614387512
total_reward: [-0.04620989212614203, -0.051045026778930795, -0.049063862245701424, -0.04555719427763499, -0.042305867104589605, -0.042046247478152304, -0.04164040828424509, -0.04109133113719108, -0.04043226725454258, -0.03959938750640834, -0.03876027473468915, -0.037969473580183634, -0.03717861840202258, -0.03635159403330129, -0.03553194466303139, -0.034727524800255705, -0.03370254409235803, -0.0328167401736682]
tot contact: 19
tot contact: 19
tot contact: 17
tot contact: 19
tot contact: 16
tot contact: 19
tot contact: 18
tot contact: 18
tot contact: 19
tot contact: 18
tot contact: 18
tot contact: 23
tot contact: 25
tot contact: 29
tot contact: 24
tot contact: 24
tot contact: 26
tot contact: 25
tot contact: 25
tot contact: 31
tot contact: 36
tot contact: 35
tot contact: 34
tot contact: 34
tot contact: 34
tot contact: 33
tot contact: 34
tot contact: 35
tot contact: 34
tot contact: 32
tot contact: 33
tot contact: 32
tot contact: 32
tot contact: 29
tot contact: 28
tot contact: 29
tot contact: 28
tot contact: 29
tot contact: 29
tot contact: 28
tot contact: 28
tot contact: 29
tot contact: 24
tot contact: 25
tot contact: 28
tot contact: 26
tot contact: 23
tot contact: 26
tot contact: 29
done grad
iter:  18
[I 10/02/26 14:35:10.263 13459] [swap_chain.cpp:dump_image_buffer@164] Dumping image buffer...
init time: 0.000217437744140625
contact time: 0.002906322479248047
tot contact: 29
contact analysis time: 0.00043201446533203125
solving time: 0.4101855754852295 iter: 8
tot_time: 0.44849133491516113
init time: 0.00022912025451660156
contact time: 0.003115415573120117
tot contact: 26
contact analysis time: 0.00047206878662109375
solving time: 0.47925424575805664 iter: 9
tot_time: 0.9366507530212402
init time: 0.0002200603485107422
contact time: 0.0033164024353027344
tot contact: 23
contact analysis time: 0.0004680156707763672
solving time: 0.46018528938293457 iter: 9
tot_time: 1.4057471752166748
init time: 0.0002200603485107422
contact time: 0.0034780502319335938
tot contact: 26
contact analysis time: 0.0004520416259765625
solving time: 0.5587761402130127 iter: 11
tot_time: 1.9734203815460205
init time: 0.00022840499877929688
contact time: 0.0035581588745117188
tot contact: 28
contact analysis time: 0.0004794597625732422
solving time: 0.6622416973114014 iter: 12
tot_time: 2.6449460983276367
init time: 0.0002715587615966797
contact time: 0.003485441207885742
tot contact: 25
contact analysis time: 0.00042700767517089844
solving time: 0.7766382694244385 iter: 14
tot_time: 3.430635929107666
init time: 0.00021839141845703125
contact time: 0.003488779067993164
tot contact: 24
contact analysis time: 0.0004372596740722656
solving time: 0.6876788139343262 iter: 13
tot_time: 4.127162456512451
init time: 0.00022125244140625
contact time: 0.003511190414428711
tot contact: 28
contact analysis time: 0.0004360675811767578
solving time: 0.8425936698913574 iter: 15
tot_time: 4.978710651397705
init time: 0.00022363662719726562
contact time: 0.003533601760864258
tot contact: 30
contact analysis time: 0.000438690185546875
solving time: 0.9167070388793945 iter: 15
tot_time: 5.904388666152954
init time: 0.0002162456512451172
contact time: 0.0035953521728515625
tot contact: 30
contact analysis time: 0.0004429817199707031
solving time: 0.9122021198272705 iter: 15
tot_time: 6.825823783874512
init time: 0.00022983551025390625
contact time: 0.003540515899658203
tot contact: 29
contact analysis time: 0.0004382133483886719
solving time: 0.9238936901092529 iter: 15
tot_time: 7.7588090896606445
init time: 0.00027489662170410156
contact time: 0.003584623336791992
tot contact: 29
contact analysis time: 0.00044918060302734375
solving time: 0.9209015369415283 iter: 15
tot_time: 8.688952207565308
init time: 0.00022077560424804688
contact time: 0.003573179244995117
tot contact: 28
contact analysis time: 0.0004487037658691406
solving time: 0.9203648567199707 iter: 15
tot_time: 9.61832857131958
init time: 0.00031256675720214844
contact time: 0.0036728382110595703
tot contact: 29
contact analysis time: 0.0005037784576416016
solving time: 0.868980884552002 iter: 14
tot_time: 10.496698379516602
init time: 0.00027680397033691406
contact time: 0.003677845001220703
tot contact: 28
contact analysis time: 0.0005197525024414062
solving time: 0.9147391319274902 iter: 15
tot_time: 11.420631408691406
init time: 0.0002200603485107422
contact time: 0.003673553466796875
tot contact: 29
contact analysis time: 0.0004622936248779297
solving time: 0.9248650074005127 iter: 15
tot_time: 12.354785442352295
init time: 0.0002219676971435547
contact time: 0.0036699771881103516
tot contact: 32
contact analysis time: 0.00045990943908691406
solving time: 0.9294602870941162 iter: 15
tot_time: 13.293342113494873
init time: 0.0002238750457763672
contact time: 0.003710031509399414
tot contact: 32
contact analysis time: 0.0004467964172363281
solving time: 0.9236514568328857 iter: 15
tot_time: 14.226243495941162
init time: 0.0002281665802001953
contact time: 0.0036363601684570312
tot contact: 33
contact analysis time: 0.0004749298095703125
solving time: 0.9230284690856934 iter: 15
tot_time: 15.15841293334961
init time: 0.0002923011779785156
contact time: 0.0036394596099853516
tot contact: 32
contact analysis time: 0.0004646778106689453
solving time: 0.9309420585632324 iter: 15
tot_time: 16.09881567955017
init time: 0.00022530555725097656
contact time: 0.003632783889770508
tot contact: 33
contact analysis time: 0.0004684925079345703
solving time: 0.9211132526397705 iter: 15
tot_time: 17.029094219207764
init time: 0.0002880096435546875
contact time: 0.0036978721618652344
tot contact: 35
contact analysis time: 0.0005171298980712891
solving time: 0.9407825469970703 iter: 15
tot_time: 17.979218244552612
init time: 0.0002295970916748047
contact time: 0.0037260055541992188
tot contact: 34
contact analysis time: 0.0004696846008300781
solving time: 0.938072919845581 iter: 15
tot_time: 18.926592111587524
init time: 0.00022363662719726562
contact time: 0.003718137741088867
tot contact: 33
contact analysis time: 0.0004668235778808594
solving time: 0.9328145980834961 iter: 15
tot_time: 19.868592023849487
init time: 0.0002224445343017578
contact time: 0.0037598609924316406
tot contact: 33
contact analysis time: 0.000469207763671875
solving time: 0.9316885471343994 iter: 15
tot_time: 20.809622764587402
init time: 0.00021529197692871094
contact time: 0.003699779510498047
tot contact: 34
contact analysis time: 0.00045561790466308594
solving time: 0.9285507202148438 iter: 15
tot_time: 21.747326612472534
init time: 0.0003159046173095703
contact time: 0.0037970542907714844
tot contact: 34
contact analysis time: 0.0004565715789794922
solving time: 0.9305219650268555 iter: 15
tot_time: 22.68736958503723
init time: 0.0002548694610595703
contact time: 0.003757953643798828
tot contact: 34
contact analysis time: 0.0004401206970214844
solving time: 0.9376204013824463 iter: 15
tot_time: 23.63437032699585
init time: 0.00027489662170410156
contact time: 0.003770589828491211
tot contact: 36
contact analysis time: 0.0005218982696533203
solving time: 0.943838357925415 iter: 15
tot_time: 24.587576150894165
init time: 0.00021839141845703125
contact time: 0.0037772655487060547
tot contact: 32
contact analysis time: 0.00043320655822753906
solving time: 0.928102970123291 iter: 15
tot_time: 25.524948358535767
init time: 0.00023484230041503906
contact time: 0.0037457942962646484
tot contact: 25
contact analysis time: 0.0004627704620361328
solving time: 0.8955447673797607 iter: 15
tot_time: 26.429747343063354
init time: 0.0002257823944091797
contact time: 0.003798246383666992
tot contact: 25
contact analysis time: 0.00048542022705078125
solving time: 0.9320476055145264 iter: 15
tot_time: 27.371192455291748
init time: 0.00021791458129882812
contact time: 0.0036995410919189453
tot contact: 26
contact analysis time: 0.00047206878662109375
solving time: 0.9181497097015381 iter: 15
tot_time: 28.298532962799072
init time: 0.0002911090850830078
contact time: 0.0037581920623779297
tot contact: 24
contact analysis time: 0.00047278404235839844
solving time: 0.7366142272949219 iter: 12
tot_time: 29.044568300247192
init time: 0.0002772808074951172
contact time: 0.0037560462951660156
tot contact: 24
contact analysis time: 0.00048661231994628906
solving time: 0.9153182506561279 iter: 15
tot_time: 29.969269275665283
init time: 0.00022745132446289062
contact time: 0.0037910938262939453
tot contact: 30
contact analysis time: 0.0004639625549316406
solving time: 0.9493052959442139 iter: 15
tot_time: 30.9278244972229
init time: 0.00023746490478515625
contact time: 0.0036907196044921875
tot contact: 25
contact analysis time: 0.0005133152008056641
solving time: 0.933323860168457 iter: 15
tot_time: 31.870453596115112
init time: 0.00023221969604492188
contact time: 0.0037343502044677734
tot contact: 23
contact analysis time: 0.0004668235778808594
solving time: 0.9318981170654297 iter: 15
tot_time: 32.81163287162781
init time: 0.00022912025451660156
contact time: 0.003674030303955078
tot contact: 18
contact analysis time: 0.00046539306640625
solving time: 0.7277917861938477 iter: 12
tot_time: 33.54863929748535
init time: 0.0002446174621582031
contact time: 0.003663301467895508
tot contact: 18
contact analysis time: 0.0004410743713378906
solving time: 0.7919223308563232 iter: 13
tot_time: 34.349729776382446
init time: 0.00021791458129882812
contact time: 0.003740549087524414
tot contact: 19
contact analysis time: 0.00044798851013183594
solving time: 0.9398877620697021 iter: 15
tot_time: 35.29885721206665
init time: 0.0002231597900390625
contact time: 0.0037674903869628906
tot contact: 18
contact analysis time: 0.0004336833953857422
solving time: 0.9063472747802734 iter: 15
tot_time: 36.21441721916199
init time: 0.0002231597900390625
contact time: 0.0037851333618164062
tot contact: 18
contact analysis time: 0.00045680999755859375
solving time: 0.9023544788360596 iter: 15
tot_time: 37.126091718673706
init time: 0.00022101402282714844
contact time: 0.0036051273345947266
tot contact: 19
contact analysis time: 0.00044918060302734375
solving time: 0.8639719486236572 iter: 14
tot_time: 37.999094009399414
init time: 0.0002238750457763672
contact time: 0.00365447998046875
tot contact: 17
contact analysis time: 0.0004589557647705078
solving time: 0.8118360042572021 iter: 14
tot_time: 38.82007551193237
init time: 0.00021767616271972656
contact time: 0.003737211227416992
tot contact: 20
contact analysis time: 0.0004742145538330078
solving time: 0.7833280563354492 iter: 13
tot_time: 39.612680196762085
init time: 0.00022101402282714844
contact time: 0.0035626888275146484
tot contact: 17
contact analysis time: 0.0004572868347167969
solving time: 0.8554263114929199 iter: 15
tot_time: 40.47718954086304
init time: 0.00029778480529785156
contact time: 0.003579378128051758
tot contact: 19
contact analysis time: 0.0005331039428710938
solving time: 0.9127953052520752 iter: 15
tot_time: 41.399165868759155
init time: 0.00022792816162109375
contact time: 0.003686666488647461
tot contact: 18
contact analysis time: 0.00044226646423339844
solving time: 0.7254092693328857 iter: 12
tot_time: 42.13388228416443
tot_time: 42.13389039039612
total_reward: [-0.04620989212614203, -0.051045026778930795, -0.049063862245701424, -0.04555719427763499, -0.042305867104589605, -0.042046247478152304, -0.04164040828424509, -0.04109133113719108, -0.04043226725454258, -0.03959938750640834, -0.03876027473468915, -0.037969473580183634, -0.03717861840202258, -0.03635159403330129, -0.03553194466303139, -0.034727524800255705, -0.03370254409235803, -0.0328167401736682, -0.031804773181141444]
tot contact: 18
tot contact: 19
tot contact: 17
tot contact: 20
tot contact: 17
tot contact: 19
tot contact: 18
tot contact: 18
tot contact: 19
tot contact: 18
tot contact: 18
tot contact: 23
tot contact: 25
tot contact: 30
tot contact: 24
tot contact: 24
tot contact: 26
tot contact: 25
tot contact: 25
tot contact: 32
tot contact: 36
tot contact: 34
tot contact: 34
tot contact: 34
tot contact: 33
tot contact: 33
tot contact: 34
tot contact: 35
tot contact: 33
tot contact: 32
tot contact: 33
tot contact: 32
tot contact: 32
tot contact: 29
tot contact: 28
tot contact: 29
tot contact: 28
tot contact: 29
tot contact: 29
tot contact: 30
tot contact: 30
tot contact: 28
tot contact: 24
tot contact: 25
tot contact: 28
tot contact: 26
tot contact: 23
tot contact: 26
tot contact: 29
done grad
iter:  19
[I 10/02/26 14:35:55.532 13459] [swap_chain.cpp:dump_image_buffer@164] Dumping image buffer...
init time: 0.00021839141845703125
contact time: 0.002887248992919922
tot contact: 29
contact analysis time: 0.0004374980926513672
solving time: 0.4074699878692627 iter: 8
tot_time: 0.4456298351287842
init time: 0.0002970695495605469
contact time: 0.0030612945556640625
tot contact: 26
contact analysis time: 0.00043702125549316406
solving time: 0.4532468318939209 iter: 9
tot_time: 0.9073717594146729
init time: 0.00028824806213378906
contact time: 0.003262758255004883
tot contact: 23
contact analysis time: 0.00043511390686035156
solving time: 0.45204734802246094 iter: 9
tot_time: 1.3681631088256836
init time: 0.00021886825561523438
contact time: 0.003435373306274414
tot contact: 26
contact analysis time: 0.00043272972106933594
solving time: 0.5625755786895752 iter: 11
tot_time: 1.9396421909332275
init time: 0.00021457672119140625
contact time: 0.0035829544067382812
tot contact: 28
contact analysis time: 0.0004467964172363281
solving time: 0.6599922180175781 iter: 12
tot_time: 2.6087327003479004
init time: 0.00022459030151367188
contact time: 0.003475189208984375
tot contact: 25
contact analysis time: 0.00044727325439453125
solving time: 0.771935224533081 iter: 14
tot_time: 3.3896515369415283
init time: 0.0002219676971435547
contact time: 0.0035309791564941406
tot contact: 24
contact analysis time: 0.0004448890686035156
solving time: 0.6996891498565674 iter: 13
tot_time: 4.098294258117676
init time: 0.0002162456512451172
contact time: 0.0035271644592285156
tot contact: 28
contact analysis time: 0.0004630088806152344
solving time: 0.8430957794189453 iter: 15
tot_time: 4.95038628578186
init time: 0.00021982192993164062
contact time: 0.003618478775024414
tot contact: 30
contact analysis time: 0.0004546642303466797
solving time: 0.9177095890045166 iter: 15
tot_time: 5.877279281616211
init time: 0.0002315044403076172
contact time: 0.0035784244537353516
tot contact: 30
contact analysis time: 0.0004534721374511719
solving time: 0.91483473777771 iter: 15
tot_time: 6.801286220550537
init time: 0.00022864341735839844
contact time: 0.0035545825958251953
tot contact: 29
contact analysis time: 0.00045561790466308594
solving time: 0.9289755821228027 iter: 15
tot_time: 7.739374876022339
init time: 0.00029087066650390625
contact time: 0.0036041736602783203
tot contact: 29
contact analysis time: 0.0004622936248779297
solving time: 0.923865556716919 iter: 15
tot_time: 8.672602653503418
init time: 0.0002243518829345703
contact time: 0.0035719871520996094
tot contact: 28
contact analysis time: 0.0004439353942871094
solving time: 0.9236681461334229 iter: 15
tot_time: 9.605329990386963
init time: 0.0002865791320800781
contact time: 0.0037453174591064453
tot contact: 29
contact analysis time: 0.0005078315734863281
solving time: 0.859870195388794 iter: 14
tot_time: 10.474661350250244
init time: 0.00022149085998535156
contact time: 0.0036623477935791016
tot contact: 28
contact analysis time: 0.0004467964172363281
solving time: 0.9269437789916992 iter: 15
tot_time: 11.410733699798584
init time: 0.0003407001495361328
contact time: 0.0036287307739257812
tot contact: 29
contact analysis time: 0.0005307197570800781
solving time: 0.9214603900909424 iter: 15
tot_time: 12.341637372970581
init time: 0.00022101402282714844
contact time: 0.003640413284301758
tot contact: 32
contact analysis time: 0.0004374980926513672
solving time: 0.9414277076721191 iter: 15
tot_time: 13.292139530181885
init time: 0.00022721290588378906
contact time: 0.0037424564361572266
tot contact: 32
contact analysis time: 0.00045013427734375
solving time: 0.928037166595459 iter: 15
tot_time: 14.229601860046387
init time: 0.0002224445343017578
contact time: 0.0036771297454833984
tot contact: 33
contact analysis time: 0.00043487548828125
solving time: 0.9247591495513916 iter: 15
tot_time: 15.163544416427612
init time: 0.000217437744140625
contact time: 0.003587484359741211
tot contact: 32
contact analysis time: 0.00043892860412597656
solving time: 0.931189775466919 iter: 15
tot_time: 16.10384511947632
init time: 0.000278472900390625
contact time: 0.003724813461303711
tot contact: 33
contact analysis time: 0.0004432201385498047
solving time: 0.9235391616821289 iter: 15
tot_time: 17.03679895401001
init time: 0.00023031234741210938
contact time: 0.003665447235107422
tot contact: 35
contact analysis time: 0.0004565715789794922
solving time: 0.9400985240936279 iter: 15
tot_time: 17.98605442047119
init time: 0.0002968311309814453
contact time: 0.003668546676635742
tot contact: 34
contact analysis time: 0.000522613525390625
solving time: 0.9372577667236328 iter: 15
tot_time: 18.9327871799469
init time: 0.0002257823944091797
contact time: 0.0037796497344970703
tot contact: 33
contact analysis time: 0.0004553794860839844
solving time: 0.9315078258514404 iter: 15
tot_time: 19.87368369102478
init time: 0.0002186298370361328
contact time: 0.003785848617553711
tot contact: 34
contact analysis time: 0.000438690185546875
solving time: 0.9347288608551025 iter: 15
tot_time: 20.817737817764282
init time: 0.00021910667419433594
contact time: 0.0037450790405273438
tot contact: 33
contact analysis time: 0.00045299530029296875
solving time: 0.939274787902832 iter: 15
tot_time: 21.76625108718872
init time: 0.00022745132446289062
contact time: 0.0037698745727539062
tot contact: 34
contact analysis time: 0.0004394054412841797
solving time: 0.9508862495422363 iter: 15
tot_time: 22.726372718811035
init time: 0.00028896331787109375
contact time: 0.0038335323333740234
tot contact: 34
contact analysis time: 0.00045013427734375
solving time: 0.9418621063232422 iter: 15
tot_time: 23.677830934524536
init time: 0.00021719932556152344
contact time: 0.0037484169006347656
tot contact: 36
contact analysis time: 0.0004439353942871094
solving time: 0.9396100044250488 iter: 15
tot_time: 24.62673568725586
init time: 0.0002899169921875
contact time: 0.003748655319213867
tot contact: 32
contact analysis time: 0.0005364418029785156
solving time: 0.9324040412902832 iter: 15
tot_time: 25.568528175354004
init time: 0.00023245811462402344
contact time: 0.0038013458251953125
tot contact: 26
contact analysis time: 0.0004475116729736328
solving time: 0.9191238880157471 iter: 15
tot_time: 26.497020959854126
init time: 0.00023174285888671875
contact time: 0.0037660598754882812
tot contact: 24
contact analysis time: 0.00046324729919433594
solving time: 0.8963713645935059 iter: 15
tot_time: 27.40278148651123
init time: 0.00022673606872558594
contact time: 0.00379180908203125
tot contact: 27
contact analysis time: 0.0005025863647460938
solving time: 0.8595142364501953 iter: 14
tot_time: 28.271667003631592
init time: 0.00021767616271972656
contact time: 0.0036897659301757812
tot contact: 23
contact analysis time: 0.0004999637603759766
solving time: 0.6351799964904785 iter: 11
tot_time: 28.916071891784668
init time: 0.00028967857360839844
contact time: 0.0038101673126220703
tot contact: 26
contact analysis time: 0.0005276203155517578
solving time: 0.9250273704528809 iter: 15
tot_time: 29.85046911239624
init time: 0.00022220611572265625
contact time: 0.0037374496459960938
tot contact: 30
contact analysis time: 0.00045943260192871094
solving time: 0.9489758014678955 iter: 15
tot_time: 30.80876612663269
init time: 0.00022649765014648438
contact time: 0.0038285255432128906
tot contact: 25
contact analysis time: 0.0005204677581787109
solving time: 0.9326171875 iter: 15
tot_time: 31.750839948654175
init time: 0.00023126602172851562
contact time: 0.0037043094635009766
tot contact: 23
contact analysis time: 0.0004782676696777344
solving time: 0.9308669567108154 iter: 15
tot_time: 32.691022634506226
init time: 0.0002467632293701172
contact time: 0.003561258316040039
tot contact: 18
contact analysis time: 0.0004494190216064453
solving time: 0.7288210391998291 iter: 12
tot_time: 33.42904281616211
init time: 0.00024580955505371094
contact time: 0.0036270618438720703
tot contact: 19
contact analysis time: 0.0004343986511230469
solving time: 0.7980115413665771 iter: 13
tot_time: 34.236172676086426
init time: 0.00022745132446289062
contact time: 0.003785371780395508
tot contact: 19
contact analysis time: 0.0004508495330810547
solving time: 0.8246614933013916 iter: 13
tot_time: 35.070151805877686
init time: 0.0002818107604980469
contact time: 0.0036504268646240234
tot contact: 18
contact analysis time: 0.0004985332489013672
solving time: 0.905703067779541 iter: 15
tot_time: 35.985002756118774
init time: 0.0002505779266357422
contact time: 0.0038084983825683594
tot contact: 19
contact analysis time: 0.0004856586456298828
solving time: 0.9221644401550293 iter: 15
tot_time: 36.917006969451904
init time: 0.00022721290588378906
contact time: 0.0036809444427490234
tot contact: 19
contact analysis time: 0.0004570484161376953
solving time: 0.7549211978912354 iter: 12
tot_time: 37.681196451187134
init time: 0.00021982192993164062
contact time: 0.0036079883575439453
tot contact: 17
contact analysis time: 0.0004410743713378906
solving time: 0.8708949089050293 iter: 15
tot_time: 38.56105613708496
init time: 0.00028443336486816406
contact time: 0.0036208629608154297
tot contact: 20
contact analysis time: 0.0005276203155517578
solving time: 0.846235990524292 iter: 14
tot_time: 39.4164776802063
init time: 0.00021767616271972656
contact time: 0.003644704818725586
tot contact: 17
contact analysis time: 0.0004482269287109375
solving time: 0.8506064414978027 iter: 15
tot_time: 40.27618455886841
init time: 0.00021791458129882812
contact time: 0.0037238597869873047
tot contact: 17
contact analysis time: 0.0004596710205078125
solving time: 0.9163236618041992 iter: 15
tot_time: 41.20173239707947
init time: 0.00023102760314941406
contact time: 0.003673076629638672
tot contact: 18
contact analysis time: 0.0004582405090332031
solving time: 0.8446528911590576 iter: 14
tot_time: 42.05557155609131
tot_time: 42.05557870864868
total_reward: [-0.04620989212614203, -0.051045026778930795, -0.049063862245701424, -0.04555719427763499, -0.042305867104589605, -0.042046247478152304, -0.04164040828424509, -0.04109133113719108, -0.04043226725454258, -0.03959938750640834, -0.03876027473468915, -0.037969473580183634, -0.03717861840202258, -0.03635159403330129, -0.03553194466303139, -0.034727524800255705, -0.03370254409235803, -0.0328167401736682, -0.031804773181141444, -0.030827704501422616]
tot contact: 18
tot contact: 17
tot contact: 17
tot contact: 20
tot contact: 17
tot contact: 19
tot contact: 19
tot contact: 18
tot contact: 19
tot contact: 19
tot contact: 18
tot contact: 23
tot contact: 25
tot contact: 30
tot contact: 26
tot contact: 23
tot contact: 27
tot contact: 24
tot contact: 26
tot contact: 32
tot contact: 36
tot contact: 34
tot contact: 34
tot contact: 33
tot contact: 34
tot contact: 33
tot contact: 34
tot contact: 35
tot contact: 33
tot contact: 32
tot contact: 33
tot contact: 32
tot contact: 32
tot contact: 29
tot contact: 28
tot contact: 29
tot contact: 28
tot contact: 29
tot contact: 29
tot contact: 30
tot contact: 30
tot contact: 28
tot contact: 24
tot contact: 25
tot contact: 28
tot contact: 26
tot contact: 23
tot contact: 26
tot contact: 29
done grad
iter:  20
[I 10/02/26 14:36:40.718 13459] [swap_chain.cpp:dump_image_buffer@164] Dumping image buffer...
init time: 0.00024271011352539062
contact time: 0.002947092056274414
tot contact: 29
contact analysis time: 0.0004646778106689453
solving time: 0.43996381759643555 iter: 8
tot_time: 0.47991514205932617
init time: 0.00022864341735839844
contact time: 0.003110647201538086
tot contact: 26
contact analysis time: 0.0004417896270751953
solving time: 0.45740246772766113 iter: 9
tot_time: 0.9461214542388916
init time: 0.00025844573974609375
contact time: 0.003304719924926758
tot contact: 23
contact analysis time: 0.0004451274871826172
solving time: 0.4559609889984131 iter: 9
tot_time: 1.4109044075012207
init time: 0.0002808570861816406
contact time: 0.003446340560913086
tot contact: 26
contact analysis time: 0.0005087852478027344
solving time: 0.5543501377105713 iter: 11
tot_time: 1.9741978645324707
init time: 0.0002200603485107422
contact time: 0.003629446029663086
tot contact: 28
contact analysis time: 0.0004267692565917969
solving time: 0.6650562286376953 iter: 12
tot_time: 2.648334503173828
init time: 0.00021958351135253906
contact time: 0.0035004615783691406
tot contact: 25
contact analysis time: 0.00043463706970214844
solving time: 0.7740428447723389 iter: 14
tot_time: 3.4313912391662598
init time: 0.00022602081298828125
contact time: 0.0035407543182373047
tot contact: 24
contact analysis time: 0.0004520416259765625
solving time: 0.8197312355041504 iter: 15
tot_time: 4.260252237319946
init time: 0.00021982192993164062
contact time: 0.003531217575073242
tot contact: 29
contact analysis time: 0.00045180320739746094
solving time: 0.843637228012085 iter: 15
tot_time: 5.112819671630859
init time: 0.00022172927856445312
contact time: 0.0034949779510498047
tot contact: 29
contact analysis time: 0.0004992485046386719
solving time: 0.9179737567901611 iter: 15
tot_time: 6.03976845741272
init time: 0.00022673606872558594
contact time: 0.0035486221313476562
tot contact: 30
contact analysis time: 0.0004360675811767578
solving time: 0.9127335548400879 iter: 15
tot_time: 6.96165657043457
init time: 0.00023603439331054688
contact time: 0.0035581588745117188
tot contact: 29
contact analysis time: 0.00044417381286621094
solving time: 0.9248247146606445 iter: 15
tot_time: 7.8955628871917725
init time: 0.00022864341735839844
contact time: 0.0036344528198242188
tot contact: 29
contact analysis time: 0.00045299530029296875
solving time: 0.9252533912658691 iter: 15
tot_time: 8.830174207687378
init time: 0.0002295970916748047
contact time: 0.0035915374755859375
tot contact: 28
contact analysis time: 0.0004513263702392578
solving time: 0.9194154739379883 iter: 15
tot_time: 9.758745193481445
init time: 0.0003192424774169922
contact time: 0.0037593841552734375
tot contact: 29
contact analysis time: 0.0004508495330810547
solving time: 0.813178300857544 iter: 13
tot_time: 10.581327438354492
init time: 0.000217437744140625
contact time: 0.0036695003509521484
tot contact: 28
contact analysis time: 0.0004987716674804688
solving time: 0.9172742366790771 iter: 15
tot_time: 11.507772445678711
init time: 0.0002486705780029297
contact time: 0.0037412643432617188
tot contact: 29
contact analysis time: 0.0004563331604003906
solving time: 0.9197890758514404 iter: 15
tot_time: 12.43701720237732
init time: 0.0002295970916748047
contact time: 0.00362396240234375
tot contact: 32
contact analysis time: 0.0004680156707763672
solving time: 0.9350705146789551 iter: 15
tot_time: 13.38125991821289
init time: 0.0002231597900390625
contact time: 0.003721952438354492
tot contact: 31
contact analysis time: 0.00043010711669921875
solving time: 0.9379017353057861 iter: 15
tot_time: 14.328418493270874
init time: 0.00022530555725097656
contact time: 0.0037200450897216797
tot contact: 34
contact analysis time: 0.00043702125549316406
solving time: 0.9263150691986084 iter: 15
tot_time: 15.26388692855835
init time: 0.0003108978271484375
contact time: 0.0036776065826416016
tot contact: 32
contact analysis time: 0.00047326087951660156
solving time: 0.9304354190826416 iter: 15
tot_time: 16.203744649887085
init time: 0.000225067138671875
contact time: 0.003648042678833008
tot contact: 33
contact analysis time: 0.0004582405090332031
solving time: 0.9170467853546143 iter: 15
tot_time: 17.129949808120728
init time: 0.0002841949462890625
contact time: 0.00365447998046875
tot contact: 34
contact analysis time: 0.0005068778991699219
solving time: 0.9313557147979736 iter: 15
tot_time: 18.07065773010254
init time: 0.00022649765014648438
contact time: 0.0037178993225097656
tot contact: 34
contact analysis time: 0.0004582405090332031
solving time: 0.9396300315856934 iter: 15
tot_time: 19.01945209503174
init time: 0.00028252601623535156
contact time: 0.0036563873291015625
tot contact: 33
contact analysis time: 0.0005080699920654297
solving time: 0.9323933124542236 iter: 15
tot_time: 19.96114945411682
init time: 0.0002243518829345703
contact time: 0.003741741180419922
tot contact: 34
contact analysis time: 0.0004475116729736328
solving time: 0.9429757595062256 iter: 15
tot_time: 20.91345524787903
init time: 0.000232696533203125
contact time: 0.003773927688598633
tot contact: 33
contact analysis time: 0.00045299530029296875
solving time: 0.935772180557251 iter: 15
tot_time: 21.858547687530518
init time: 0.000225067138671875
contact time: 0.003763914108276367
tot contact: 34
contact analysis time: 0.00044274330139160156
solving time: 0.937169075012207 iter: 15
tot_time: 22.805047035217285
init time: 0.00023055076599121094
contact time: 0.003770112991333008
tot contact: 34
contact analysis time: 0.00045037269592285156
solving time: 0.9417324066162109 iter: 15
tot_time: 23.756008625030518
init time: 0.00028061866760253906
contact time: 0.003785371780395508
tot contact: 36
contact analysis time: 0.0004448890686035156
solving time: 0.9383034706115723 iter: 15
tot_time: 24.703811645507812
init time: 0.0002295970916748047
contact time: 0.0037195682525634766
tot contact: 32
contact analysis time: 0.0004711151123046875
solving time: 0.9338729381561279 iter: 15
tot_time: 25.6470046043396
init time: 0.0002856254577636719
contact time: 0.003744840621948242
tot contact: 26
contact analysis time: 0.0005030632019042969
solving time: 0.9168531894683838 iter: 15
tot_time: 26.573325872421265
init time: 0.00022864341735839844
contact time: 0.0038051605224609375
tot contact: 23
contact analysis time: 0.0005016326904296875
solving time: 0.9227697849273682 iter: 15
tot_time: 27.505533695220947
init time: 0.00021910667419433594
contact time: 0.0037322044372558594
tot contact: 27
contact analysis time: 0.00044226646423339844
solving time: 0.8618004322052002 iter: 14
tot_time: 28.376546382904053
init time: 0.00021576881408691406
contact time: 0.003701925277709961
tot contact: 23
contact analysis time: 0.00043129920959472656
solving time: 0.6367611885070801 iter: 11
tot_time: 29.022491931915283
init time: 0.00022935867309570312
contact time: 0.003806591033935547
tot contact: 26
contact analysis time: 0.00044536590576171875
solving time: 0.9272594451904297 iter: 15
tot_time: 29.95902729034424
init time: 0.00023436546325683594
contact time: 0.003820657730102539
tot contact: 30
contact analysis time: 0.0004363059997558594
solving time: 0.935579776763916 iter: 15
tot_time: 30.90407967567444
init time: 0.0002257823944091797
contact time: 0.0038535594940185547
tot contact: 26
contact analysis time: 0.0004773139953613281
solving time: 0.9368302822113037 iter: 15
tot_time: 31.85030221939087
init time: 0.00021886825561523438
contact time: 0.003743410110473633
tot contact: 24
contact analysis time: 0.0004494190216064453
solving time: 0.9342796802520752 iter: 15
tot_time: 32.79379105567932
init time: 0.0002605915069580078
contact time: 0.0036258697509765625
tot contact: 18
contact analysis time: 0.0004916191101074219
solving time: 0.7292599678039551 iter: 12
tot_time: 33.53239059448242
init time: 0.0003056526184082031
contact time: 0.0037937164306640625
tot contact: 20
contact analysis time: 0.0005533695220947266
solving time: 0.8059079647064209 iter: 13
tot_time: 34.347954750061035
init time: 0.00028514862060546875
contact time: 0.003867626190185547
tot contact: 19
contact analysis time: 0.0004565715789794922
solving time: 0.6823623180389404 iter: 11
tot_time: 35.03985905647278
init time: 0.0002617835998535156
contact time: 0.003798961639404297
tot contact: 18
contact analysis time: 0.0005102157592773438
solving time: 0.9030053615570068 iter: 15
tot_time: 35.952372789382935
init time: 0.00022411346435546875
contact time: 0.0036840438842773438
tot contact: 19
contact analysis time: 0.00043702125549316406
solving time: 0.9197802543640137 iter: 15
tot_time: 36.88134527206421
init time: 0.0002288818359375
contact time: 0.003729581832885742
tot contact: 19
contact analysis time: 0.0004420280456542969
solving time: 0.8567936420440674 iter: 14
tot_time: 37.747289180755615
init time: 0.0002262592315673828
contact time: 0.0036559104919433594
tot contact: 17
contact analysis time: 0.00045609474182128906
solving time: 0.8380048274993896 iter: 14
tot_time: 38.59457302093506
init time: 0.00021600723266601562
contact time: 0.003723621368408203
tot contact: 20
contact analysis time: 0.0004391670227050781
solving time: 0.9047956466674805 iter: 15
tot_time: 39.50847291946411
init time: 0.00022125244140625
contact time: 0.0036509037017822266
tot contact: 17
contact analysis time: 0.0004405975341796875
solving time: 0.8484463691711426 iter: 15
tot_time: 40.366082429885864
init time: 0.0002143383026123047
contact time: 0.0035991668701171875
tot contact: 17
contact analysis time: 0.0004553794860839844
solving time: 0.9159398078918457 iter: 15
tot_time: 41.29105496406555
init time: 0.00022649765014648438
contact time: 0.0036373138427734375
tot contact: 18
contact analysis time: 0.0004451274871826172
solving time: 0.8482277393341064 iter: 14
tot_time: 42.14850616455078
tot_time: 42.14851450920105
total_reward: [-0.04620989212614203, -0.051045026778930795, -0.049063862245701424, -0.04555719427763499, -0.042305867104589605, -0.042046247478152304, -0.04164040828424509, -0.04109133113719108, -0.04043226725454258, -0.03959938750640834, -0.03876027473468915, -0.037969473580183634, -0.03717861840202258, -0.03635159403330129, -0.03553194466303139, -0.034727524800255705, -0.03370254409235803, -0.0328167401736682, -0.031804773181141444, -0.030827704501422616, -0.029826156080288192]
tot contact: 18
tot contact: 17
tot contact: 17
tot contact: 20
tot contact: 17
tot contact: 19
tot contact: 19
tot contact: 18
tot contact: 19
tot contact: 20
tot contact: 18
tot contact: 24
tot contact: 26
tot contact: 30
tot contact: 26
tot contact: 23
tot contact: 27
tot contact: 23
tot contact: 26
tot contact: 32
tot contact: 36
tot contact: 34
tot contact: 34
tot contact: 33
tot contact: 34
tot contact: 33
tot contact: 34
tot contact: 34
tot contact: 33
tot contact: 32
tot contact: 34
tot contact: 31
tot contact: 32
tot contact: 29
tot contact: 28
tot contact: 29
tot contact: 28
tot contact: 29
tot contact: 29
tot contact: 30
tot contact: 29
tot contact: 29
tot contact: 24
tot contact: 25
tot contact: 28
tot contact: 26
tot contact: 23
tot contact: 26
tot contact: 29
done grad
iter:  21
[I 10/02/26 14:37:26.001 13459] [swap_chain.cpp:dump_image_buffer@164] Dumping image buffer...
init time: 0.00023317337036132812
contact time: 0.002968311309814453
tot contact: 29
contact analysis time: 0.0004773139953613281
solving time: 0.4300076961517334 iter: 8
tot_time: 0.4687385559082031
init time: 0.00021982192993164062
contact time: 0.0030999183654785156
tot contact: 26
contact analysis time: 0.0004429817199707031
solving time: 0.4647691249847412 iter: 9
tot_time: 0.9420766830444336
init time: 0.0002799034118652344
contact time: 0.003187417984008789
tot contact: 23
contact analysis time: 0.0005166530609130859
solving time: 0.4532945156097412 iter: 9
tot_time: 1.4042072296142578
init time: 0.0002262592315673828
contact time: 0.0035276412963867188
tot contact: 26
contact analysis time: 0.0004341602325439453
solving time: 0.5543739795684814 iter: 11
tot_time: 1.9675884246826172
init time: 0.00022220611572265625
contact time: 0.003599405288696289
tot contact: 28
contact analysis time: 0.00044465065002441406
solving time: 0.6624066829681396 iter: 12
tot_time: 2.639155626296997
init time: 0.00022554397583007812
contact time: 0.0035262107849121094
tot contact: 25
contact analysis time: 0.00045490264892578125
solving time: 0.7727248668670654 iter: 14
tot_time: 3.4208593368530273
init time: 0.0002205371856689453
contact time: 0.0035037994384765625
tot contact: 24
contact analysis time: 0.0004985332489013672
solving time: 0.8209092617034912 iter: 15
tot_time: 4.250773191452026
init time: 0.00022268295288085938
contact time: 0.003548860549926758
tot contact: 29
contact analysis time: 0.00045180320739746094
solving time: 0.8535127639770508 iter: 15
tot_time: 5.113221168518066
init time: 0.0002779960632324219
contact time: 0.0035457611083984375
tot contact: 29
contact analysis time: 0.0004372596740722656
solving time: 0.9194793701171875 iter: 15
tot_time: 6.041874408721924
init time: 0.00022268295288085938
contact time: 0.0034961700439453125
tot contact: 30
contact analysis time: 0.00044465065002441406
solving time: 0.9149894714355469 iter: 15
tot_time: 6.965823650360107
init time: 0.00029540061950683594
contact time: 0.0035555362701416016
tot contact: 29
contact analysis time: 0.0005366802215576172
solving time: 0.9237616062164307 iter: 15
tot_time: 7.898879528045654
init time: 0.000232696533203125
contact time: 0.0036211013793945312
tot contact: 29
contact analysis time: 0.00045418739318847656
solving time: 0.9202558994293213 iter: 15
tot_time: 8.828354597091675
init time: 0.00021839141845703125
contact time: 0.0035431385040283203
tot contact: 28
contact analysis time: 0.000446319580078125
solving time: 0.9183897972106934 iter: 15
tot_time: 9.7559175491333
init time: 0.00021886825561523438
contact time: 0.0037527084350585938
tot contact: 29
contact analysis time: 0.0004372596740722656
solving time: 0.7977416515350342 iter: 13
tot_time: 10.562847375869751
init time: 0.00028967857360839844
contact time: 0.003673076629638672
tot contact: 29
contact analysis time: 0.0005214214324951172
solving time: 0.9282290935516357 iter: 15
tot_time: 11.5004403591156
init time: 0.00022292137145996094
contact time: 0.003751039505004883
tot contact: 29
contact analysis time: 0.0004451274871826172
solving time: 0.9175839424133301 iter: 15
tot_time: 12.42729139328003
init time: 0.0002827644348144531
contact time: 0.0036191940307617188
tot contact: 32
contact analysis time: 0.0005195140838623047
solving time: 0.9243547916412354 iter: 15
tot_time: 13.360968828201294
init time: 0.00022935867309570312
contact time: 0.0037789344787597656
tot contact: 31
contact analysis time: 0.00045108795166015625
solving time: 0.9359118938446045 iter: 15
tot_time: 14.306524991989136
init time: 0.0002505779266357422
contact time: 0.003760099411010742
tot contact: 34
contact analysis time: 0.00046539306640625
solving time: 0.9289844036102295 iter: 15
tot_time: 15.245125770568848
init time: 0.00022363662719726562
contact time: 0.0036563873291015625
tot contact: 32
contact analysis time: 0.00046563148498535156
solving time: 0.9301621913909912 iter: 15
tot_time: 16.18455982208252
init time: 0.00023555755615234375
contact time: 0.0036592483520507812
tot contact: 33
contact analysis time: 0.00046062469482421875
solving time: 0.9173471927642822 iter: 15
tot_time: 17.111052751541138
init time: 0.00027680397033691406
contact time: 0.0036818981170654297
tot contact: 33
contact analysis time: 0.0004410743713378906
solving time: 0.9312732219696045 iter: 15
tot_time: 18.05160665512085
init time: 0.00024366378784179688
contact time: 0.003664255142211914
tot contact: 33
contact analysis time: 0.00045943260192871094
solving time: 0.9356684684753418 iter: 15
tot_time: 18.996531009674072
init time: 0.0002989768981933594
contact time: 0.0036923885345458984
tot contact: 33
contact analysis time: 0.0005779266357421875
solving time: 0.9354054927825928 iter: 15
tot_time: 19.941402435302734
init time: 0.00022101402282714844
contact time: 0.0037207603454589844
tot contact: 36
contact analysis time: 0.00044727325439453125
solving time: 0.934075117111206 iter: 15
tot_time: 20.884742259979248
init time: 0.00022411346435546875
contact time: 0.003741741180419922
tot contact: 33
contact analysis time: 0.0004622936248779297
solving time: 0.9386353492736816 iter: 15
tot_time: 21.832609176635742
init time: 0.00022292137145996094
contact time: 0.003781557083129883
tot contact: 34
contact analysis time: 0.0004563331604003906
solving time: 0.9373648166656494 iter: 15
tot_time: 22.779294729232788
init time: 0.00021457672119140625
contact time: 0.0037250518798828125
tot contact: 34
contact analysis time: 0.00044417381286621094
solving time: 0.937283992767334 iter: 15
tot_time: 23.7256920337677
init time: 0.00029730796813964844
contact time: 0.0037965774536132812
tot contact: 36
contact analysis time: 0.00043582916259765625
solving time: 0.9400672912597656 iter: 15
tot_time: 24.67515730857849
init time: 0.00021696090698242188
contact time: 0.0037298202514648438
tot contact: 32
contact analysis time: 0.00043773651123046875
solving time: 0.9314959049224854 iter: 15
tot_time: 25.61586356163025
init time: 0.0002903938293457031
contact time: 0.0037267208099365234
tot contact: 26
contact analysis time: 0.0005748271942138672
solving time: 0.9205906391143799 iter: 15
tot_time: 26.54585838317871
init time: 0.00022459030151367188
contact time: 0.0038144588470458984
tot contact: 23
contact analysis time: 0.000446319580078125
solving time: 0.9136941432952881 iter: 15
tot_time: 27.46893048286438
init time: 0.0002269744873046875
contact time: 0.003780364990234375
tot contact: 27
contact analysis time: 0.0004572868347167969
solving time: 0.9195284843444824 iter: 15
tot_time: 28.3978328704834
init time: 0.000240325927734375
contact time: 0.003688335418701172
tot contact: 23
contact analysis time: 0.0004405975341796875
solving time: 0.6361465454101562 iter: 11
tot_time: 29.0431866645813
init time: 0.0002181529998779297
contact time: 0.003809690475463867
tot contact: 27
contact analysis time: 0.000446319580078125
solving time: 0.9292218685150146 iter: 15
tot_time: 29.981724977493286
init time: 0.00024890899658203125
contact time: 0.0038895606994628906
tot contact: 30
contact analysis time: 0.0004887580871582031
solving time: 0.93985915184021 iter: 15
tot_time: 30.931334018707275
init time: 0.0002269744873046875
contact time: 0.003815889358520508
tot contact: 26
contact analysis time: 0.0004546642303466797
solving time: 0.9306917190551758 iter: 15
tot_time: 31.871424198150635
init time: 0.00022363662719726562
contact time: 0.0036547183990478516
tot contact: 24
contact analysis time: 0.0004899501800537109
solving time: 0.933194637298584 iter: 15
tot_time: 32.81373071670532
init time: 0.00028061866760253906
contact time: 0.003713369369506836
tot contact: 18
contact analysis time: 0.0004665851593017578
solving time: 0.7264151573181152 iter: 12
tot_time: 33.549275636672974
init time: 0.00027751922607421875
contact time: 0.0038177967071533203
tot contact: 20
contact analysis time: 0.00046253204345703125
solving time: 0.7988417148590088 iter: 13
tot_time: 34.35756492614746
init time: 0.0002200603485107422
contact time: 0.003795146942138672
tot contact: 19
contact analysis time: 0.0005218982696533203
solving time: 0.7678072452545166 iter: 12
tot_time: 35.13469433784485
init time: 0.00022101402282714844
contact time: 0.0037424564361572266
tot contact: 18
contact analysis time: 0.0004603862762451172
solving time: 0.9049258232116699 iter: 15
tot_time: 36.04879307746887
init time: 0.00021910667419433594
contact time: 0.0037183761596679688
tot contact: 19
contact analysis time: 0.0004937648773193359
solving time: 0.9222803115844727 iter: 15
tot_time: 36.98031187057495
init time: 0.00025844573974609375
contact time: 0.003748655319213867
tot contact: 19
contact analysis time: 0.0004475116729736328
solving time: 0.9202823638916016 iter: 15
tot_time: 37.9098584651947
init time: 0.0002295970916748047
contact time: 0.0036923885345458984
tot contact: 17
contact analysis time: 0.0004832744598388672
solving time: 0.8096997737884521 iter: 14
tot_time: 38.72880554199219
init time: 0.0002281665802001953
contact time: 0.0037031173706054688
tot contact: 19
contact analysis time: 0.0005068778991699219
solving time: 0.9080915451049805 iter: 15
tot_time: 39.64623236656189
init time: 0.0002238750457763672
contact time: 0.003641366958618164
tot contact: 17
contact analysis time: 0.0004444122314453125
solving time: 0.8491706848144531 iter: 15
tot_time: 40.50455975532532
init time: 0.00024127960205078125
contact time: 0.0036089420318603516
tot contact: 18
contact analysis time: 0.0004391670227050781
solving time: 0.9050660133361816 iter: 15
tot_time: 41.418906688690186
init time: 0.0002377033233642578
contact time: 0.0036263465881347656
tot contact: 18
contact analysis time: 0.00047135353088378906
solving time: 0.9069581031799316 iter: 15
tot_time: 42.3351845741272
tot_time: 42.33519172668457
total_reward: [-0.04620989212614203, -0.051045026778930795, -0.049063862245701424, -0.04555719427763499, -0.042305867104589605, -0.042046247478152304, -0.04164040828424509, -0.04109133113719108, -0.04043226725454258, -0.03959938750640834, -0.03876027473468915, -0.037969473580183634, -0.03717861840202258, -0.03635159403330129, -0.03553194466303139, -0.034727524800255705, -0.03370254409235803, -0.0328167401736682, -0.031804773181141444, -0.030827704501422616, -0.029826156080288192, -0.02895437376139311]
tot contact: 18
tot contact: 18
tot contact: 17
tot contact: 19
tot contact: 17
tot contact: 19
tot contact: 19
tot contact: 18
tot contact: 19
tot contact: 20
tot contact: 18
tot contact: 24
tot contact: 26
tot contact: 30
tot contact: 27
tot contact: 23
tot contact: 27
tot contact: 23
tot contact: 26
tot contact: 32
tot contact: 36
tot contact: 34
tot contact: 34
tot contact: 33
tot contact: 36
tot contact: 33
tot contact: 33
tot contact: 33
tot contact: 33
tot contact: 32
tot contact: 34
tot contact: 31
tot contact: 32
tot contact: 29
tot contact: 29
tot contact: 29
tot contact: 28
tot contact: 29
tot contact: 29
tot contact: 30
tot contact: 29
tot contact: 29
tot contact: 24
tot contact: 25
tot contact: 28
tot contact: 26
tot contact: 23
tot contact: 26
tot contact: 29
done grad
iter:  22
[I 10/02/26 14:38:11.469 13459] [swap_chain.cpp:dump_image_buffer@164] Dumping image buffer...
init time: 0.00023317337036132812
contact time: 0.0029137134552001953
tot contact: 29
contact analysis time: 0.0004410743713378906
solving time: 0.40700244903564453 iter: 8
tot_time: 0.4457707405090332
init time: 0.00022268295288085938
contact time: 0.003120899200439453
tot contact: 26
contact analysis time: 0.0005040168762207031
solving time: 0.45578551292419434 iter: 9
tot_time: 0.9101512432098389
init time: 0.00023031234741210938
contact time: 0.003275156021118164
tot contact: 23
contact analysis time: 0.00045871734619140625
solving time: 0.4538240432739258 iter: 9
tot_time: 1.3728909492492676
init time: 0.0002703666687011719
contact time: 0.003534078598022461
tot contact: 26
contact analysis time: 0.0004849433898925781
solving time: 0.5604979991912842 iter: 11
tot_time: 1.9423954486846924
init time: 0.00022125244140625
contact time: 0.003651857376098633
tot contact: 28
contact analysis time: 0.00043272972106933594
solving time: 0.6629648208618164 iter: 12
tot_time: 2.614513397216797
init time: 0.00025177001953125
contact time: 0.003508329391479492
tot contact: 26
contact analysis time: 0.00044417381286621094
solving time: 0.7739331722259521 iter: 14
tot_time: 3.3974196910858154
init time: 0.000225067138671875
contact time: 0.003499746322631836
tot contact: 24
contact analysis time: 0.0004608631134033203
solving time: 0.7411801815032959 iter: 14
tot_time: 4.147521257400513
init time: 0.000225067138671875
contact time: 0.0035521984100341797
tot contact: 29
contact analysis time: 0.0004439353942871094
solving time: 0.8456423282623291 iter: 15
tot_time: 5.002265691757202
init time: 0.00022077560424804688
contact time: 0.0034842491149902344
tot contact: 29
contact analysis time: 0.0004646778106689453
solving time: 0.9215927124023438 iter: 15
tot_time: 5.932812213897705
init time: 0.00021958351135253906
contact time: 0.0035495758056640625
tot contact: 30
contact analysis time: 0.0004513263702392578
solving time: 0.9137089252471924 iter: 15
tot_time: 6.85560417175293
init time: 0.0002224445343017578
contact time: 0.0035321712493896484
tot contact: 29
contact analysis time: 0.00045609474182128906
solving time: 0.9312219619750977 iter: 15
tot_time: 7.7958996295928955
init time: 0.0002911090850830078
contact time: 0.003556966781616211
tot contact: 29
contact analysis time: 0.0004742145538330078
solving time: 0.9219326972961426 iter: 15
tot_time: 8.727107048034668
init time: 0.00022220611572265625
contact time: 0.0034859180450439453
tot contact: 28
contact analysis time: 0.0004477500915527344
solving time: 0.9235382080078125 iter: 15
tot_time: 9.659717082977295
init time: 0.000293731689453125
contact time: 0.0037050247192382812
tot contact: 29
contact analysis time: 0.0005071163177490234
solving time: 0.7958927154541016 iter: 13
tot_time: 10.465008735656738
init time: 0.0002162456512451172
contact time: 0.003710031509399414
tot contact: 29
contact analysis time: 0.00043773651123046875
solving time: 0.927382230758667 iter: 15
tot_time: 11.401570796966553
init time: 0.0002460479736328125
contact time: 0.003780364990234375
tot contact: 29
contact analysis time: 0.00045800209045410156
solving time: 0.9201934337615967 iter: 15
tot_time: 12.331106662750244
init time: 0.00022530555725097656
contact time: 0.0036313533782958984
tot contact: 32
contact analysis time: 0.0004477500915527344
solving time: 0.9237253665924072 iter: 15
tot_time: 13.26398253440857
init time: 0.00031185150146484375
contact time: 0.003852367401123047
tot contact: 31
contact analysis time: 0.0004737377166748047
solving time: 0.9390840530395508 iter: 15
tot_time: 14.21274447441101
init time: 0.000225067138671875
contact time: 0.0036678314208984375
tot contact: 34
contact analysis time: 0.0004546642303466797
solving time: 0.929563045501709 iter: 15
tot_time: 15.151432275772095
init time: 0.0002963542938232422
contact time: 0.0035851001739501953
tot contact: 32
contact analysis time: 0.0005390644073486328
solving time: 0.9300165176391602 iter: 15
tot_time: 16.09066915512085
init time: 0.00024437904357910156
contact time: 0.0036859512329101562
tot contact: 33
contact analysis time: 0.0004401206970214844
solving time: 0.9169473648071289 iter: 15
tot_time: 17.017048597335815
init time: 0.00022459030151367188
contact time: 0.0037038326263427734
tot contact: 33
contact analysis time: 0.00045013427734375
solving time: 0.933610200881958 iter: 15
tot_time: 17.959930658340454
init time: 0.0002315044403076172
contact time: 0.0037407875061035156
tot contact: 34
contact analysis time: 0.00044655799865722656
solving time: 0.934197187423706 iter: 15
tot_time: 18.903464555740356
init time: 0.0002243518829345703
contact time: 0.0036995410919189453
tot contact: 32
contact analysis time: 0.0005114078521728516
solving time: 0.936711311340332 iter: 15
tot_time: 19.849400281906128
init time: 0.00029540061950683594
contact time: 0.0036759376525878906
tot contact: 36
contact analysis time: 0.00042629241943359375
solving time: 0.9458498954772949 iter: 15
tot_time: 20.804499864578247
init time: 0.00023627281188964844
contact time: 0.003675699234008789
tot contact: 33
contact analysis time: 0.00045108795166015625
solving time: 0.9369406700134277 iter: 15
tot_time: 21.75060272216797
init time: 0.00028014183044433594
contact time: 0.003727436065673828
tot contact: 34
contact analysis time: 0.0005257129669189453
solving time: 0.9393806457519531 iter: 15
tot_time: 22.699374675750732
init time: 0.0002357959747314453
contact time: 0.0038056373596191406
tot contact: 35
contact analysis time: 0.0004520416259765625
solving time: 0.9323458671569824 iter: 15
tot_time: 23.641295194625854
init time: 0.00022935867309570312
contact time: 0.003804445266723633
tot contact: 35
contact analysis time: 0.00045228004455566406
solving time: 0.934246301651001 iter: 15
tot_time: 24.58491802215576
init time: 0.00021958351135253906
contact time: 0.0037953853607177734
tot contact: 32
contact analysis time: 0.0004456043243408203
solving time: 0.9294693470001221 iter: 15
tot_time: 25.523736000061035
init time: 0.0002319812774658203
contact time: 0.0036988258361816406
tot contact: 26
contact analysis time: 0.0004699230194091797
solving time: 0.9194395542144775 iter: 15
tot_time: 26.452415466308594
init time: 0.00028824806213378906
contact time: 0.0038270950317382812
tot contact: 23
contact analysis time: 0.00045680999755859375
solving time: 0.9143686294555664 iter: 15
tot_time: 27.376298904418945
init time: 0.0002346038818359375
contact time: 0.0037276744842529297
tot contact: 27
contact analysis time: 0.0004534721374511719
solving time: 0.915917158126831 iter: 15
tot_time: 28.301543951034546
init time: 0.00021982192993164062
contact time: 0.0036835670471191406
tot contact: 23
contact analysis time: 0.0004398822784423828
solving time: 0.6414191722869873 iter: 11
tot_time: 28.952121019363403
init time: 0.0002219676971435547
contact time: 0.0037689208984375
tot contact: 27
contact analysis time: 0.0004494190216064453
solving time: 0.9258172512054443 iter: 15
tot_time: 29.887285709381104
init time: 0.0002243518829345703
contact time: 0.0037975311279296875
tot contact: 31
contact analysis time: 0.0004565715789794922
solving time: 0.9376893043518066 iter: 15
tot_time: 30.834271907806396
init time: 0.00021958351135253906
contact time: 0.0037627220153808594
tot contact: 27
contact analysis time: 0.00043463706970214844
solving time: 0.9314732551574707 iter: 15
tot_time: 31.774975061416626
init time: 0.00022745132446289062
contact time: 0.003691434860229492
tot contact: 25
contact analysis time: 0.00045371055603027344
solving time: 0.9324338436126709 iter: 15
tot_time: 32.71652913093567
init time: 0.0002751350402832031
contact time: 0.0038306713104248047
tot contact: 18
contact analysis time: 0.0004341602325439453
solving time: 0.6650757789611816 iter: 11
tot_time: 33.39094948768616
init time: 0.00023221969604492188
contact time: 0.003823995590209961
tot contact: 20
contact analysis time: 0.0004620552062988281
solving time: 0.8001575469970703 iter: 13
tot_time: 34.20050501823425
init time: 0.0002830028533935547
contact time: 0.003780841827392578
tot contact: 19
contact analysis time: 0.0004546642303466797
solving time: 0.745732307434082 iter: 12
tot_time: 34.95552945137024
init time: 0.0002818107604980469
contact time: 0.003708362579345703
tot contact: 18
contact analysis time: 0.0004680156707763672
solving time: 0.9014863967895508 iter: 15
tot_time: 35.86640644073486
init time: 0.0002269744873046875
contact time: 0.003660917282104492
tot contact: 19
contact analysis time: 0.0004506111145019531
solving time: 0.9157724380493164 iter: 15
tot_time: 36.79128694534302
init time: 0.0002853870391845703
contact time: 0.003741025924682617
tot contact: 20
contact analysis time: 0.0005104541778564453
solving time: 0.9214584827423096 iter: 15
tot_time: 37.72201132774353
init time: 0.0002281665802001953
contact time: 0.0036602020263671875
tot contact: 17
contact analysis time: 0.0004496574401855469
solving time: 0.8184378147125244 iter: 14
tot_time: 38.54964828491211
init time: 0.0002186298370361328
contact time: 0.003729581832885742
tot contact: 19
contact analysis time: 0.00044083595275878906
solving time: 0.9081923961639404 iter: 15
tot_time: 39.46692180633545
init time: 0.0002281665802001953
contact time: 0.0036389827728271484
tot contact: 17
contact analysis time: 0.0004329681396484375
solving time: 0.8496332168579102 iter: 15
tot_time: 40.3257372379303
init time: 0.00022292137145996094
contact time: 0.003589630126953125
tot contact: 18
contact analysis time: 0.0004839897155761719
solving time: 0.9143881797790527 iter: 15
tot_time: 41.24922204017639
init time: 0.00021958351135253906
contact time: 0.003665924072265625
tot contact: 17
contact analysis time: 0.0004582405090332031
solving time: 0.9101245403289795 iter: 15
tot_time: 42.16857862472534
tot_time: 42.16859459877014
total_reward: [-0.04620989212614203, -0.051045026778930795, -0.049063862245701424, -0.04555719427763499, -0.042305867104589605, -0.042046247478152304, -0.04164040828424509, -0.04109133113719108, -0.04043226725454258, -0.03959938750640834, -0.03876027473468915, -0.037969473580183634, -0.03717861840202258, -0.03635159403330129, -0.03553194466303139, -0.034727524800255705, -0.03370254409235803, -0.0328167401736682, -0.031804773181141444, -0.030827704501422616, -0.029826156080288192, -0.02895437376139311, -0.028081059106566185]
tot contact: 17
tot contact: 18
tot contact: 17
tot contact: 19
tot contact: 17
tot contact: 20
tot contact: 19
tot contact: 18
tot contact: 19
tot contact: 20
tot contact: 18
tot contact: 25
tot contact: 27
tot contact: 31
tot contact: 27
tot contact: 23
tot contact: 27
tot contact: 23
tot contact: 26
tot contact: 32
tot contact: 35
tot contact: 35
tot contact: 34
tot contact: 33
tot contact: 36
tot contact: 32
tot contact: 34
tot contact: 33
tot contact: 33
tot contact: 32
tot contact: 34
tot contact: 31
tot contact: 32
tot contact: 29
tot contact: 29
tot contact: 29
tot contact: 28
tot contact: 29
tot contact: 29
tot contact: 30
tot contact: 29
tot contact: 29
tot contact: 24
tot contact: 26
tot contact: 28
tot contact: 26
tot contact: 23
tot contact: 26
tot contact: 29
done grad
iter:  23
[I 10/02/26 14:38:56.772 13459] [swap_chain.cpp:dump_image_buffer@164] Dumping image buffer...
init time: 0.00022745132446289062
contact time: 0.0029458999633789062
tot contact: 29
contact analysis time: 0.0004229545593261719
solving time: 0.41080307960510254 iter: 8
tot_time: 0.4491872787475586
init time: 0.00022363662719726562
contact time: 0.003128528594970703
tot contact: 26
contact analysis time: 0.0004439353942871094
solving time: 0.4577310085296631 iter: 9
tot_time: 0.9156193733215332
init time: 0.00022268295288085938
contact time: 0.003283977508544922
tot contact: 23
contact analysis time: 0.00044155120849609375
solving time: 0.45433902740478516 iter: 9
tot_time: 1.3786020278930664
init time: 0.0002181529998779297
contact time: 0.0034105777740478516
tot contact: 26
contact analysis time: 0.0004398822784423828
solving time: 0.5588123798370361 iter: 11
tot_time: 1.9462950229644775
init time: 0.00021409988403320312
contact time: 0.00359344482421875
tot contact: 28
contact analysis time: 0.00044989585876464844
solving time: 0.7171692848205566 iter: 13
tot_time: 2.6724812984466553
init time: 0.00021719932556152344
contact time: 0.003516674041748047
tot contact: 26
contact analysis time: 0.0004425048828125
solving time: 0.7699356079101562 iter: 14
tot_time: 3.4514267444610596
init time: 0.0002262592315673828
contact time: 0.0035140514373779297
tot contact: 24
contact analysis time: 0.0005199909210205078
solving time: 0.6919772624969482 iter: 13
tot_time: 4.152429819107056
init time: 0.00021123886108398438
contact time: 0.003487825393676758
tot contact: 29
contact analysis time: 0.0004553794860839844
solving time: 0.845407247543335 iter: 15
tot_time: 5.00670599937439
init time: 0.0002994537353515625
contact time: 0.0035390853881835938
tot contact: 29
contact analysis time: 0.0004432201385498047
solving time: 0.9188730716705322 iter: 15
tot_time: 5.934805393218994
init time: 0.0002269744873046875
contact time: 0.003552675247192383
tot contact: 29
contact analysis time: 0.00044345855712890625
solving time: 0.923253059387207 iter: 15
tot_time: 6.867105960845947
init time: 0.00028896331787109375
contact time: 0.0035550594329833984
tot contact: 29
contact analysis time: 0.0005402565002441406
solving time: 0.9235866069793701 iter: 15
tot_time: 7.799868583679199
init time: 0.00022125244140625
contact time: 0.0036225318908691406
tot contact: 29
contact analysis time: 0.00044727325439453125
solving time: 0.9238755702972412 iter: 15
tot_time: 8.732807874679565
init time: 0.00023674964904785156
contact time: 0.003591775894165039
tot contact: 28
contact analysis time: 0.00046253204345703125
solving time: 0.9175193309783936 iter: 15
tot_time: 9.659496307373047
init time: 0.0002257823944091797
contact time: 0.003795146942138672
tot contact: 29
contact analysis time: 0.0004343986511230469
solving time: 0.7987723350524902 iter: 13
tot_time: 10.467702388763428
init time: 0.0002865791320800781
contact time: 0.0037078857421875
tot contact: 29
contact analysis time: 0.0005142688751220703
solving time: 0.9283123016357422 iter: 15
tot_time: 11.405433654785156
init time: 0.0002219676971435547
contact time: 0.0037920475006103516
tot contact: 29
contact analysis time: 0.00044417381286621094
solving time: 0.920220136642456 iter: 15
tot_time: 12.334978103637695
init time: 0.0002932548522949219
contact time: 0.0036754608154296875
tot contact: 32
contact analysis time: 0.0005176067352294922
solving time: 0.9242098331451416 iter: 15
tot_time: 13.268493890762329
init time: 0.0002238750457763672
contact time: 0.003763437271118164
tot contact: 31
contact analysis time: 0.00045299530029296875
solving time: 0.9424102306365967 iter: 15
tot_time: 14.220220565795898
init time: 0.00022268295288085938
contact time: 0.003717660903930664
tot contact: 33
contact analysis time: 0.00044655799865722656
solving time: 0.9290392398834229 iter: 15
tot_time: 15.158504486083984
init time: 0.0002460479736328125
contact time: 0.0037376880645751953
tot contact: 32
contact analysis time: 0.0004904270172119141
solving time: 0.9306120872497559 iter: 15
tot_time: 16.098830699920654
init time: 0.00022721290588378906
contact time: 0.003772258758544922
tot contact: 33
contact analysis time: 0.0004425048828125
solving time: 0.918938398361206 iter: 15
tot_time: 17.027122974395752
init time: 0.0002872943878173828
contact time: 0.00372314453125
tot contact: 33
contact analysis time: 0.0004363059997558594
solving time: 0.9330761432647705 iter: 15
tot_time: 17.969552278518677
init time: 0.00022363662719726562
contact time: 0.0036499500274658203
tot contact: 33
contact analysis time: 0.0004513263702392578
solving time: 0.9318044185638428 iter: 15
tot_time: 18.91046929359436
init time: 0.00028634071350097656
contact time: 0.0036253929138183594
tot contact: 32
contact analysis time: 0.0005259513854980469
solving time: 0.9329590797424316 iter: 15
tot_time: 19.852724075317383
init time: 0.0002315044403076172
contact time: 0.003728151321411133
tot contact: 36
contact analysis time: 0.00045752525329589844
solving time: 0.9302623271942139 iter: 15
tot_time: 20.792301177978516
init time: 0.00022411346435546875
contact time: 0.003685474395751953
tot contact: 33
contact analysis time: 0.0004367828369140625
solving time: 0.9348382949829102 iter: 15
tot_time: 21.73630118370056
init time: 0.00022149085998535156
contact time: 0.0037908554077148438
tot contact: 34
contact analysis time: 0.0004611015319824219
solving time: 0.9398412704467773 iter: 15
tot_time: 22.68558979034424
init time: 0.00021767616271972656
contact time: 0.0037920475006103516
tot contact: 36
contact analysis time: 0.00043892860412597656
solving time: 0.9400980472564697 iter: 15
tot_time: 23.634928703308105
init time: 0.00031280517578125
contact time: 0.003755331039428711
tot contact: 35
contact analysis time: 0.0004405975341796875
solving time: 0.9345550537109375 iter: 15
tot_time: 24.578874826431274
init time: 0.0002262592315673828
contact time: 0.003692626953125
tot contact: 33
contact analysis time: 0.00045990943908691406
solving time: 0.9334328174591064 iter: 15
tot_time: 25.521544218063354
init time: 0.0002899169921875
contact time: 0.0037598609924316406
tot contact: 26
contact analysis time: 0.0005357265472412109
solving time: 0.9175233840942383 iter: 15
tot_time: 26.448577642440796
init time: 0.00022745132446289062
contact time: 0.003755331039428711
tot contact: 23
contact analysis time: 0.0004417896270751953
solving time: 0.9392564296722412 iter: 15
tot_time: 27.397124528884888
init time: 0.00022220611572265625
contact time: 0.0038056373596191406
tot contact: 26
contact analysis time: 0.00046253204345703125
solving time: 0.9217064380645752 iter: 15
tot_time: 28.32816743850708
init time: 0.0002231597900390625
contact time: 0.003654003143310547
tot contact: 23
contact analysis time: 0.00043582916259765625
solving time: 0.7029149532318115 iter: 12
tot_time: 29.040382862091064
init time: 0.000217437744140625
contact time: 0.003742694854736328
tot contact: 27
contact analysis time: 0.0004420280456542969
solving time: 0.9325802326202393 iter: 15
tot_time: 29.98203468322754
init time: 0.0002827644348144531
contact time: 0.0037429332733154297
tot contact: 32
contact analysis time: 0.0005013942718505859
solving time: 0.9515001773834229 iter: 15
tot_time: 30.94308638572693
init time: 0.00022745132446289062
contact time: 0.003836393356323242
tot contact: 27
contact analysis time: 0.0004382133483886719
solving time: 0.9328489303588867 iter: 15
tot_time: 31.885191679000854
init time: 0.0002796649932861328
contact time: 0.0037279129028320312
tot contact: 24
contact analysis time: 0.0005011558532714844
solving time: 0.9323923587799072 iter: 15
tot_time: 32.826892137527466
init time: 0.00022983551025390625
contact time: 0.0037865638732910156
tot contact: 17
contact analysis time: 0.00045037269592285156
solving time: 0.8088397979736328 iter: 14
tot_time: 33.64499092102051
init time: 0.00022840499877929688
contact time: 0.0038056373596191406
tot contact: 24
contact analysis time: 0.0005440711975097656
solving time: 0.8803224563598633 iter: 14
tot_time: 34.53475475311279
init time: 0.00022673606872558594
contact time: 0.0037889480590820312
tot contact: 22
contact analysis time: 0.0004525184631347656
solving time: 0.8084671497344971 iter: 13
tot_time: 35.3525652885437
init time: 0.00022745132446289062
contact time: 0.003771066665649414
tot contact: 18
contact analysis time: 0.0004520416259765625
solving time: 0.9028401374816895 iter: 15
tot_time: 36.26478171348572
init time: 0.0002231597900390625
contact time: 0.0037195682525634766
tot contact: 19
contact analysis time: 0.0004563331604003906
solving time: 0.9254109859466553 iter: 15
tot_time: 37.199448585510254
init time: 0.00022602081298828125
contact time: 0.0037736892700195312
tot contact: 18
contact analysis time: 0.00043272972106933594
solving time: 0.9243440628051758 iter: 15
tot_time: 38.1330087184906
init time: 0.00023484230041503906
contact time: 0.0036461353302001953
tot contact: 17
contact analysis time: 0.00044846534729003906
solving time: 0.8703794479370117 iter: 15
tot_time: 39.01251721382141
init time: 0.00027370452880859375
contact time: 0.0037190914154052734
tot contact: 19
contact analysis time: 0.00044345855712890625
solving time: 0.9216921329498291 iter: 15
tot_time: 39.94370079040527
init time: 0.00022554397583007812
contact time: 0.003511190414428711
tot contact: 16
contact analysis time: 0.0004470348358154297
solving time: 0.8655798435211182 iter: 15
tot_time: 40.81816506385803
init time: 0.00027489662170410156
contact time: 0.0035037994384765625
tot contact: 17
contact analysis time: 0.0004963874816894531
solving time: 0.9041435718536377 iter: 15
tot_time: 41.731460094451904
init time: 0.00023245811462402344
contact time: 0.0037250518798828125
tot contact: 18
contact analysis time: 0.00046062469482421875
solving time: 0.9028506278991699 iter: 15
tot_time: 42.64362359046936
tot_time: 42.643634557724
total_reward: [-0.04620989212614203, -0.051045026778930795, -0.049063862245701424, -0.04555719427763499, -0.042305867104589605, -0.042046247478152304, -0.04164040828424509, -0.04109133113719108, -0.04043226725454258, -0.03959938750640834, -0.03876027473468915, -0.037969473580183634, -0.03717861840202258, -0.03635159403330129, -0.03553194466303139, -0.034727524800255705, -0.03370254409235803, -0.0328167401736682, -0.031804773181141444, -0.030827704501422616, -0.029826156080288192, -0.02895437376139311, -0.028081059106566185, -0.02691096212011135]
tot contact: 18
tot contact: 17
tot contact: 16
tot contact: 19
tot contact: 17
tot contact: 18
tot contact: 19
tot contact: 18
tot contact: 22
tot contact: 24
tot contact: 17
tot contact: 24
tot contact: 27
tot contact: 32
tot contact: 27
tot contact: 23
tot contact: 26
tot contact: 23
tot contact: 26
tot contact: 33
tot contact: 35
tot contact: 36
tot contact: 34
tot contact: 33
tot contact: 36
tot contact: 32
tot contact: 33
tot contact: 33
tot contact: 33
tot contact: 32
tot contact: 33
tot contact: 31
tot contact: 32
tot contact: 29
tot contact: 29
tot contact: 29
tot contact: 28
tot contact: 29
tot contact: 29
tot contact: 29
tot contact: 29
tot contact: 29
tot contact: 24
tot contact: 26
tot contact: 28
tot contact: 26
tot contact: 23
tot contact: 26
tot contact: 29
done grad
iter:  24
[I 10/02/26 14:39:42.549 13459] [swap_chain.cpp:dump_image_buffer@164] Dumping image buffer...
init time: 0.00022721290588378906
contact time: 0.002894878387451172
tot contact: 29
contact analysis time: 0.00045013427734375
solving time: 0.4613938331604004 iter: 9
tot_time: 0.5001928806304932
init time: 0.0002837181091308594
contact time: 0.0030395984649658203
tot contact: 26
contact analysis time: 0.000522613525390625
solving time: 0.4532592296600342 iter: 9
tot_time: 0.9620769023895264
init time: 0.00022172927856445312
contact time: 0.0032737255096435547
tot contact: 23
contact analysis time: 0.0004534721374511719
solving time: 0.4527122974395752 iter: 9
tot_time: 1.4235963821411133
init time: 0.00023031234741210938
contact time: 0.003414630889892578
tot contact: 26
contact analysis time: 0.00044465065002441406
solving time: 0.5556929111480713 iter: 11
tot_time: 1.9881322383880615
init time: 0.00022363662719726562
contact time: 0.003578662872314453
tot contact: 28
contact analysis time: 0.00045609474182128906
solving time: 0.7157943248748779 iter: 13
tot_time: 2.712993621826172
init time: 0.0002415180206298828
contact time: 0.003452301025390625
tot contact: 26
contact analysis time: 0.0004506111145019531
solving time: 0.770899772644043 iter: 14
tot_time: 3.4928972721099854
init time: 0.00027441978454589844
contact time: 0.003417491912841797
tot contact: 24
contact analysis time: 0.0004963874816894531
solving time: 0.6927106380462646 iter: 13
tot_time: 4.194547653198242
init time: 0.00025081634521484375
contact time: 0.003450632095336914
tot contact: 29
contact analysis time: 0.0005240440368652344
solving time: 0.8436281681060791 iter: 15
tot_time: 5.04725456237793
init time: 0.00022339820861816406
contact time: 0.003530740737915039
tot contact: 28
contact analysis time: 0.0004487037658691406
solving time: 0.9182817935943604 iter: 15
tot_time: 5.974716424942017
init time: 0.00022411346435546875
contact time: 0.0035605430603027344
tot contact: 29
contact analysis time: 0.00044083595275878906
solving time: 0.921135663986206 iter: 15
tot_time: 6.904829740524292
init time: 0.0002288818359375
contact time: 0.00362396240234375
tot contact: 29
contact analysis time: 0.0004489421844482422
solving time: 0.923720121383667 iter: 15
tot_time: 7.837684154510498
init time: 0.00022530555725097656
contact time: 0.0035877227783203125
tot contact: 29
contact analysis time: 0.00045371055603027344
solving time: 0.9226071834564209 iter: 15
tot_time: 8.769440174102783
init time: 0.00027942657470703125
contact time: 0.0035877227783203125
tot contact: 28
contact analysis time: 0.0004417896270751953
solving time: 0.9184417724609375 iter: 15
tot_time: 9.697153568267822
init time: 0.00022292137145996094
contact time: 0.0037603378295898438
tot contact: 29
contact analysis time: 0.00044798851013183594
solving time: 0.8690776824951172 iter: 14
tot_time: 10.5755615234375
init time: 0.0002181529998779297
contact time: 0.0037271976470947266
tot contact: 29
contact analysis time: 0.0004420280456542969
solving time: 0.9270780086517334 iter: 15
tot_time: 11.511871099472046
init time: 0.0002777576446533203
contact time: 0.0037546157836914062
tot contact: 29
contact analysis time: 0.0005173683166503906
solving time: 0.9187443256378174 iter: 15
tot_time: 12.440062522888184
init time: 0.00022864341735839844
contact time: 0.003749847412109375
tot contact: 32
contact analysis time: 0.00046133995056152344
solving time: 0.9272012710571289 iter: 15
tot_time: 13.376621961593628
init time: 0.00022602081298828125
contact time: 0.0036618709564208984
tot contact: 31
contact analysis time: 0.0004532337188720703
solving time: 0.9316637516021729 iter: 15
tot_time: 14.317442893981934
init time: 0.00022268295288085938
contact time: 0.003746509552001953
tot contact: 33
contact analysis time: 0.0004601478576660156
solving time: 0.9246490001678467 iter: 15
tot_time: 15.251477479934692
init time: 0.0002541542053222656
contact time: 0.003736734390258789
tot contact: 32
contact analysis time: 0.0004942417144775391
solving time: 0.9288692474365234 iter: 15
tot_time: 16.189948558807373
init time: 0.0002837181091308594
contact time: 0.003697633743286133
tot contact: 33
contact analysis time: 0.0004432201385498047
solving time: 0.9176101684570312 iter: 15
tot_time: 17.116909742355347
init time: 0.0002276897430419922
contact time: 0.0036482810974121094
tot contact: 33
contact analysis time: 0.0004341602325439453
solving time: 0.9321048259735107 iter: 15
tot_time: 18.058064460754395
init time: 0.0002980232238769531
contact time: 0.003659963607788086
tot contact: 33
contact analysis time: 0.0005314350128173828
solving time: 0.9446172714233398 iter: 15
tot_time: 19.012185096740723
init time: 0.00022459030151367188
contact time: 0.0037441253662109375
tot contact: 32
contact analysis time: 0.0004661083221435547
solving time: 0.9426088333129883 iter: 15
tot_time: 19.9641056060791
init time: 0.0002894401550292969
contact time: 0.0036678314208984375
tot contact: 36
contact analysis time: 0.0005183219909667969
solving time: 0.9281737804412842 iter: 15
tot_time: 20.901592254638672
init time: 0.0002238750457763672
contact time: 0.0037331581115722656
tot contact: 33
contact analysis time: 0.00044465065002441406
solving time: 0.9379017353057861 iter: 15
tot_time: 21.84879231452942
init time: 0.00023651123046875
contact time: 0.0038127899169921875
tot contact: 36
contact analysis time: 0.0004649162292480469
solving time: 0.9318490028381348 iter: 15
tot_time: 22.790035724639893
init time: 0.0002243518829345703
contact time: 0.003809213638305664
tot contact: 35
contact analysis time: 0.0004572868347167969
solving time: 0.9276244640350342 iter: 15
tot_time: 23.72693705558777
init time: 0.0002231597900390625
contact time: 0.0037527084350585938
tot contact: 35
contact analysis time: 0.0004725456237792969
solving time: 0.9328136444091797 iter: 15
tot_time: 24.66900658607483
init time: 0.0002887248992919922
contact time: 0.003696918487548828
tot contact: 33
contact analysis time: 0.00045943260192871094
solving time: 0.9403152465820312 iter: 15
tot_time: 25.61871576309204
init time: 0.00022292137145996094
contact time: 0.0036377906799316406
tot contact: 26
contact analysis time: 0.0004413127899169922
solving time: 0.9217641353607178 iter: 15
tot_time: 26.54957938194275
init time: 0.0002865791320800781
contact time: 0.00371551513671875
tot contact: 24
contact analysis time: 0.0005238056182861328
solving time: 0.9193375110626221 iter: 15
tot_time: 27.478296995162964
init time: 0.0002224445343017578
contact time: 0.00379180908203125
tot contact: 26
contact analysis time: 0.00044608116149902344
solving time: 0.9281489849090576 iter: 15
tot_time: 28.415729522705078
init time: 0.0002288818359375
contact time: 0.0036978721618652344
tot contact: 23
contact analysis time: 0.0004649162292480469
solving time: 0.6989767551422119 iter: 12
tot_time: 29.123873710632324
init time: 0.0002815723419189453
contact time: 0.0037229061126708984
tot contact: 29
contact analysis time: 0.0005130767822265625
solving time: 0.9301345348358154 iter: 15
tot_time: 30.063389778137207
init time: 0.00022554397583007812
contact time: 0.0038242340087890625
tot contact: 31
contact analysis time: 0.00045037269592285156
solving time: 0.9308996200561523 iter: 15
tot_time: 31.00362229347229
init time: 0.0003330707550048828
contact time: 0.0037355422973632812
tot contact: 30
contact analysis time: 0.0005283355712890625
solving time: 0.9452061653137207 iter: 15
tot_time: 31.958258867263794
init time: 0.0002193450927734375
contact time: 0.0037908554077148438
tot contact: 24
contact analysis time: 0.00044417381286621094
solving time: 0.9313950538635254 iter: 15
tot_time: 32.89890241622925
init time: 0.00022125244140625
contact time: 0.0036966800689697266
tot contact: 16
contact analysis time: 0.0004570484161376953
solving time: 0.8811275959014893 iter: 15
tot_time: 33.78920936584473
init time: 0.00021886825561523438
contact time: 0.003726959228515625
tot contact: 24
contact analysis time: 0.0004456043243408203
solving time: 0.8659114837646484 iter: 14
tot_time: 34.66422939300537
init time: 0.0002231597900390625
contact time: 0.0037233829498291016
tot contact: 22
contact analysis time: 0.00044465065002441406
solving time: 0.8068063259124756 iter: 13
tot_time: 35.48023223876953
init time: 0.0002808570861816406
contact time: 0.0037679672241210938
tot contact: 19
contact analysis time: 0.0004496574401855469
solving time: 0.9151661396026611 iter: 15
tot_time: 36.40477514266968
init time: 0.00022482872009277344
contact time: 0.003698110580444336
tot contact: 19
contact analysis time: 0.0004591941833496094
solving time: 0.9177627563476562 iter: 15
tot_time: 37.33166456222534
init time: 0.00029730796813964844
contact time: 0.003726482391357422
tot contact: 18
contact analysis time: 0.0005269050598144531
solving time: 0.9205152988433838 iter: 15
tot_time: 38.261595726013184
init time: 0.00022602081298828125
contact time: 0.0036499500274658203
tot contact: 17
contact analysis time: 0.0004413127899169922
solving time: 0.8767275810241699 iter: 15
tot_time: 39.14751172065735
init time: 0.0002799034118652344
contact time: 0.0036077499389648438
tot contact: 19
contact analysis time: 0.0005097389221191406
solving time: 0.9150958061218262 iter: 15
tot_time: 40.07175064086914
init time: 0.00024318695068359375
contact time: 0.003570556640625
tot contact: 16
contact analysis time: 0.00044536590576171875
solving time: 0.8620262145996094 iter: 15
tot_time: 40.94289755821228
init time: 0.000217437744140625
contact time: 0.003599882125854492
tot contact: 16
contact analysis time: 0.00044274330139160156
solving time: 0.9059884548187256 iter: 15
tot_time: 41.85796117782593
init time: 0.00022172927856445312
contact time: 0.0036568641662597656
tot contact: 17
contact analysis time: 0.000453948974609375
solving time: 0.9218316078186035 iter: 15
tot_time: 42.788947343826294
tot_time: 42.78895592689514
total_reward: [-0.04620989212614203, -0.051045026778930795, -0.049063862245701424, -0.04555719427763499, -0.042305867104589605, -0.042046247478152304, -0.04164040828424509, -0.04109133113719108, -0.04043226725454258, -0.03959938750640834, -0.03876027473468915, -0.037969473580183634, -0.03717861840202258, -0.03635159403330129, -0.03553194466303139, -0.034727524800255705, -0.03370254409235803, -0.0328167401736682, -0.031804773181141444, -0.030827704501422616, -0.029826156080288192, -0.02895437376139311, -0.028081059106566185, -0.02691096212011135, -0.026093715482119095]
tot contact: 17
tot contact: 16
tot contact: 16
tot contact: 19
tot contact: 17
tot contact: 18
tot contact: 19
tot contact: 19
tot contact: 22
tot contact: 24
tot contact: 16
tot contact: 24
tot contact: 30
tot contact: 31
tot contact: 29
tot contact: 23
tot contact: 26
tot contact: 24
tot contact: 26
tot contact: 33
tot contact: 35
tot contact: 35
tot contact: 36
tot contact: 33
tot contact: 36
tot contact: 32
tot contact: 33
tot contact: 33
tot contact: 33
tot contact: 32
tot contact: 33
tot contact: 31
tot contact: 32
tot contact: 29
tot contact: 29
tot contact: 29
tot contact: 28
tot contact: 29
tot contact: 29
tot contact: 29
tot contact: 28
tot contact: 29
tot contact: 24
tot contact: 26
tot contact: 28
tot contact: 26
tot contact: 23
tot contact: 26
tot contact: 29
done grad
iter:  25
[I 10/02/26 14:40:28.481 13459] [swap_chain.cpp:dump_image_buffer@164] Dumping image buffer...
init time: 0.0002446174621582031
contact time: 0.0029027462005615234
tot contact: 29
contact analysis time: 0.0004532337188720703
solving time: 0.5342535972595215 iter: 10
tot_time: 0.5725367069244385
init time: 0.00021839141845703125
contact time: 0.0030639171600341797
tot contact: 26
contact analysis time: 0.0005075931549072266
solving time: 0.4537801742553711 iter: 9
tot_time: 1.0348048210144043
init time: 0.00022101402282714844
contact time: 0.003282308578491211
tot contact: 23
contact analysis time: 0.0004482269287109375
solving time: 0.4658980369567871 iter: 9
tot_time: 1.5094289779663086
init time: 0.00021338462829589844
contact time: 0.00341796875
tot contact: 26
contact analysis time: 0.0004792213439941406
solving time: 0.5554163455963135 iter: 11
tot_time: 2.0737454891204834
init time: 0.0002193450927734375
contact time: 0.0035605430603027344
tot contact: 28
contact analysis time: 0.0004611015319824219
solving time: 0.717087984085083 iter: 13
tot_time: 2.799860715866089
init time: 0.00022935867309570312
contact time: 0.0035088062286376953
tot contact: 26
contact analysis time: 0.0004544258117675781
solving time: 0.828284740447998 iter: 15
tot_time: 3.637209415435791
init time: 0.0002512931823730469
contact time: 0.0034706592559814453
tot contact: 24
contact analysis time: 0.000438690185546875
solving time: 0.6958916187286377 iter: 13
tot_time: 4.342142581939697
init time: 0.0002193450927734375
contact time: 0.0034263134002685547
tot contact: 29
contact analysis time: 0.0004839897155761719
solving time: 0.8448724746704102 iter: 15
tot_time: 5.19595193862915
init time: 0.0002446174621582031
contact time: 0.003461599349975586
tot contact: 28
contact analysis time: 0.0005481243133544922
solving time: 0.9188179969787598 iter: 15
tot_time: 6.123964548110962
init time: 0.00021576881408691406
contact time: 0.0035943984985351562
tot contact: 29
contact analysis time: 0.0004677772521972656
solving time: 0.9207561016082764 iter: 15
tot_time: 7.053854465484619
init time: 0.0002205371856689453
contact time: 0.0036263465881347656
tot contact: 30
contact analysis time: 0.0004851818084716797
solving time: 0.9127602577209473 iter: 15
tot_time: 7.975751638412476
init time: 0.00022363662719726562
contact time: 0.0035827159881591797
tot contact: 29
contact analysis time: 0.00046253204345703125
solving time: 0.9250097274780273 iter: 15
tot_time: 8.909969091415405
init time: 0.00022029876708984375
contact time: 0.0035834312438964844
tot contact: 28
contact analysis time: 0.0004923343658447266
solving time: 0.918933629989624 iter: 15
tot_time: 9.838059425354004
init time: 0.00028252601623535156
contact time: 0.003864765167236328
tot contact: 30
contact analysis time: 0.0004966259002685547
solving time: 0.9232709407806396 iter: 15
tot_time: 10.770935297012329
init time: 0.0002276897430419922
contact time: 0.0037314891815185547
tot contact: 29
contact analysis time: 0.0004787445068359375
solving time: 0.939507246017456 iter: 15
tot_time: 11.719664812088013
init time: 0.00028443336486816406
contact time: 0.0036978721618652344
tot contact: 29
contact analysis time: 0.0005249977111816406
solving time: 0.9239795207977295 iter: 15
tot_time: 12.65297555923462
init time: 0.00022935867309570312
contact time: 0.0037810802459716797
tot contact: 32
contact analysis time: 0.0004715919494628906
solving time: 0.9216644763946533 iter: 15
tot_time: 13.584027528762817
init time: 0.0002186298370361328
contact time: 0.003766775131225586
tot contact: 31
contact analysis time: 0.00044655799865722656
solving time: 0.9319233894348145 iter: 15
tot_time: 14.525183916091919
init time: 0.00021958351135253906
contact time: 0.0037603378295898438
tot contact: 33
contact analysis time: 0.0004646778106689453
solving time: 0.9273350238800049 iter: 15
tot_time: 15.461931943893433
init time: 0.00022363662719726562
contact time: 0.0037055015563964844
tot contact: 31
contact analysis time: 0.0004646778106689453
solving time: 0.9224503040313721 iter: 15
tot_time: 16.393593549728394
init time: 0.0003039836883544922
contact time: 0.003727436065673828
tot contact: 33
contact analysis time: 0.0004818439483642578
solving time: 0.9214785099029541 iter: 15
tot_time: 17.324548721313477
init time: 0.00023031234741210938
contact time: 0.003687620162963867
tot contact: 33
contact analysis time: 0.0005061626434326172
solving time: 0.9303357601165771 iter: 15
tot_time: 18.264161348342896
init time: 0.00028228759765625
contact time: 0.0036623477935791016
tot contact: 33
contact analysis time: 0.0005304813385009766
solving time: 0.9315521717071533 iter: 15
tot_time: 19.204975605010986
init time: 0.00023293495178222656
contact time: 0.003749847412109375
tot contact: 32
contact analysis time: 0.0004734992980957031
solving time: 0.9381968975067139 iter: 15
tot_time: 20.152503490447998
init time: 0.00022840499877929688
contact time: 0.0037369728088378906
tot contact: 35
contact analysis time: 0.0004723072052001953
solving time: 0.9387180805206299 iter: 15
tot_time: 21.100547313690186
init time: 0.0002238750457763672
contact time: 0.0037279129028320312
tot contact: 33
contact analysis time: 0.00046825408935546875
solving time: 0.940312385559082 iter: 15
tot_time: 22.0501971244812
init time: 0.0002243518829345703
contact time: 0.003704547882080078
tot contact: 37
contact analysis time: 0.0004723072052001953
solving time: 0.9340322017669678 iter: 15
tot_time: 22.993491649627686
init time: 0.0002758502960205078
contact time: 0.003794431686401367
tot contact: 37
contact analysis time: 0.0004570484161376953
solving time: 0.941354513168335 iter: 15
tot_time: 23.94433283805847
init time: 0.0002219676971435547
contact time: 0.003671884536743164
tot contact: 36
contact analysis time: 0.00046539306640625
solving time: 0.9368500709533691 iter: 15
tot_time: 24.890459060668945
init time: 0.00027489662170410156
contact time: 0.0036551952362060547
tot contact: 33
contact analysis time: 0.0005145072937011719
solving time: 0.9360213279724121 iter: 15
tot_time: 25.835742950439453
init time: 0.00022912025451660156
contact time: 0.0037555694580078125
tot contact: 26
contact analysis time: 0.00046515464782714844
solving time: 0.9217157363891602 iter: 15
tot_time: 26.76676034927368
init time: 0.00022220611572265625
contact time: 0.0037813186645507812
tot contact: 24
contact analysis time: 0.000457763671875
solving time: 0.9152987003326416 iter: 15
tot_time: 27.69135093688965
init time: 0.00021648406982421875
contact time: 0.0037102699279785156
tot contact: 25
contact analysis time: 0.0004367828369140625
solving time: 0.9318201541900635 iter: 15
tot_time: 28.63234543800354
init time: 0.000232696533203125
contact time: 0.00366973876953125
tot contact: 24
contact analysis time: 0.00046133995056152344
solving time: 0.7083377838134766 iter: 12
tot_time: 29.349920988082886
init time: 0.0002884864807128906
contact time: 0.003667116165161133
tot contact: 27
contact analysis time: 0.0005240440368652344
solving time: 0.937403678894043 iter: 15
tot_time: 30.296635627746582
init time: 0.0002262592315673828
contact time: 0.0037653446197509766
tot contact: 33
contact analysis time: 0.0004684925079345703
solving time: 0.9393103122711182 iter: 15
tot_time: 31.24521827697754
init time: 0.0002295970916748047
contact time: 0.0038628578186035156
tot contact: 28
contact analysis time: 0.0004608631134033203
solving time: 0.9507017135620117 iter: 15
tot_time: 32.20531177520752
init time: 0.00022029876708984375
contact time: 0.0038306713104248047
tot contact: 26
contact analysis time: 0.00048160552978515625
solving time: 0.9466028213500977 iter: 15
tot_time: 33.16128087043762
init time: 0.0002353191375732422
contact time: 0.0036923885345458984
tot contact: 16
contact analysis time: 0.00046896934509277344
solving time: 0.8621203899383545 iter: 15
tot_time: 34.032851696014404
init time: 0.00021839141845703125
contact time: 0.003772735595703125
tot contact: 24
contact analysis time: 0.0004324913024902344
solving time: 0.8722057342529297 iter: 14
tot_time: 34.91447067260742
init time: 0.0002186298370361328
contact time: 0.0037119388580322266
tot contact: 23
contact analysis time: 0.0004982948303222656
solving time: 0.8067984580993652 iter: 13
tot_time: 35.73043370246887
init time: 0.0002753734588623047
contact time: 0.003692150115966797
tot contact: 19
contact analysis time: 0.0004954338073730469
solving time: 0.9165282249450684 iter: 15
tot_time: 36.656280517578125
init time: 0.0002205371856689453
contact time: 0.0037131309509277344
tot contact: 19
contact analysis time: 0.00044655799865722656
solving time: 0.9166793823242188 iter: 15
tot_time: 37.58202147483826
init time: 0.0002818107604980469
contact time: 0.003725767135620117
tot contact: 18
contact analysis time: 0.0005221366882324219
solving time: 0.921123743057251 iter: 15
tot_time: 38.51244640350342
init time: 0.00022125244140625
contact time: 0.0036191940307617188
tot contact: 17
contact analysis time: 0.0004444122314453125
solving time: 0.8656909465789795 iter: 15
tot_time: 39.38721251487732
init time: 0.00022077560424804688
contact time: 0.0037043094635009766
tot contact: 19
contact analysis time: 0.00044918060302734375
solving time: 0.9140987396240234 iter: 15
tot_time: 40.31047010421753
init time: 0.0002205371856689453
contact time: 0.0035588741302490234
tot contact: 15
contact analysis time: 0.00045752525329589844
solving time: 0.8623402118682861 iter: 15
tot_time: 41.181946992874146
init time: 0.00023746490478515625
contact time: 0.0037076473236083984
tot contact: 14
contact analysis time: 0.0004436969757080078
solving time: 0.8672065734863281 iter: 15
tot_time: 42.05822706222534
init time: 0.00028586387634277344
contact time: 0.0036046504974365234
tot contact: 16
contact analysis time: 0.0004570484161376953
solving time: 0.9062540531158447 iter: 15
tot_time: 42.97369074821472
tot_time: 42.973700284957886
total_reward: [-0.04620989212614203, -0.051045026778930795, -0.049063862245701424, -0.04555719427763499, -0.042305867104589605, -0.042046247478152304, -0.04164040828424509, -0.04109133113719108, -0.04043226725454258, -0.03959938750640834, -0.03876027473468915, -0.037969473580183634, -0.03717861840202258, -0.03635159403330129, -0.03553194466303139, -0.034727524800255705, -0.03370254409235803, -0.0328167401736682, -0.031804773181141444, -0.030827704501422616, -0.029826156080288192, -0.02895437376139311, -0.028081059106566185, -0.02691096212011135, -0.026093715482119095, -0.025263670045807766]
tot contact: 16
tot contact: 14
tot contact: 15
tot contact: 19
tot contact: 17
tot contact: 18
tot contact: 19
tot contact: 19
tot contact: 23
tot contact: 24
tot contact: 16
tot contact: 26
tot contact: 28
tot contact: 33
tot contact: 27
tot contact: 24
tot contact: 25
tot contact: 24
tot contact: 26
tot contact: 33
tot contact: 36
tot contact: 37
tot contact: 37
tot contact: 33
tot contact: 35
tot contact: 32
tot contact: 33
tot contact: 33
tot contact: 33
tot contact: 31
tot contact: 33
tot contact: 31
tot contact: 32
tot contact: 29
tot contact: 29
tot contact: 30
tot contact: 28
tot contact: 29
tot contact: 30
tot contact: 29
tot contact: 28
tot contact: 29
tot contact: 24
tot contact: 26
tot contact: 28
tot contact: 26
tot contact: 23
tot contact: 26
tot contact: 29
done grad
iter:  26
[I 10/02/26 14:41:14.584 13459] [swap_chain.cpp:dump_image_buffer@164] Dumping image buffer...
init time: 0.0002219676971435547
contact time: 0.002844095230102539
tot contact: 29
contact analysis time: 0.0004229545593261719
solving time: 0.46311378479003906 iter: 9
tot_time: 0.5015039443969727
init time: 0.0002276897430419922
contact time: 0.0031023025512695312
tot contact: 26
contact analysis time: 0.00045013427734375
solving time: 0.4520835876464844 iter: 9
tot_time: 0.9621715545654297
init time: 0.00022411346435546875
contact time: 0.0032384395599365234
tot contact: 23
contact analysis time: 0.0004360675811767578
solving time: 0.45855093002319336 iter: 9
tot_time: 1.429476022720337
init time: 0.0002529621124267578
contact time: 0.0034821033477783203
tot contact: 26
contact analysis time: 0.00044083595275878906
solving time: 0.5541868209838867 iter: 11
tot_time: 1.9925849437713623
init time: 0.00021386146545410156
contact time: 0.003584623336791992
tot contact: 28
contact analysis time: 0.0004420280456542969
solving time: 0.7169196605682373 iter: 13
tot_time: 2.7185661792755127
init time: 0.0002856254577636719
contact time: 0.003503084182739258
tot contact: 26
contact analysis time: 0.00045680999755859375
solving time: 0.8414099216461182 iter: 15
tot_time: 3.5692594051361084
init time: 0.00022125244140625
contact time: 0.0034189224243164062
tot contact: 25
contact analysis time: 0.00044727325439453125
solving time: 0.6924781799316406 iter: 13
tot_time: 4.270555019378662
init time: 0.0002830028533935547
contact time: 0.0033981800079345703
tot contact: 29
contact analysis time: 0.0005314350128173828
solving time: 0.8458788394927979 iter: 15
tot_time: 5.125500202178955
init time: 0.00021767616271972656
contact time: 0.0034890174865722656
tot contact: 27
contact analysis time: 0.0004355907440185547
solving time: 0.9333553314208984 iter: 15
tot_time: 6.067768335342407
init time: 0.0002186298370361328
contact time: 0.0035600662231445312
tot contact: 29
contact analysis time: 0.00048542022705078125
solving time: 0.9183681011199951 iter: 15
tot_time: 6.995143175125122
init time: 0.00024437904357910156
contact time: 0.003576517105102539
tot contact: 30
contact analysis time: 0.0004506111145019531
solving time: 0.911466121673584 iter: 15
tot_time: 7.915820837020874
init time: 0.0002391338348388672
contact time: 0.003545522689819336
tot contact: 30
contact analysis time: 0.0004582405090332031
solving time: 0.9146928787231445 iter: 15
tot_time: 8.839561700820923
init time: 0.0002880096435546875
contact time: 0.0036056041717529297
tot contact: 28
contact analysis time: 0.00046825408935546875
solving time: 0.918536901473999 iter: 15
tot_time: 9.767358541488647
init time: 0.0002193450927734375
contact time: 0.0037736892700195312
tot contact: 31
contact analysis time: 0.00043964385986328125
solving time: 0.9245789051055908 iter: 15
tot_time: 10.70112943649292
init time: 0.00031757354736328125
contact time: 0.0037343502044677734
tot contact: 29
contact analysis time: 0.0005238056182861328
solving time: 0.9262645244598389 iter: 15
tot_time: 11.636773347854614
init time: 0.00021696090698242188
contact time: 0.003767251968383789
tot contact: 30
contact analysis time: 0.00043511390686035156
solving time: 0.930330753326416 iter: 15
tot_time: 12.57633662223816
init time: 0.00022983551025390625
contact time: 0.003766775131225586
tot contact: 32
contact analysis time: 0.00046515464782714844
solving time: 0.9242217540740967 iter: 15
tot_time: 13.509804010391235
init time: 0.00021719932556152344
contact time: 0.003711223602294922
tot contact: 31
contact analysis time: 0.0004372596740722656
solving time: 0.932720422744751 iter: 15
tot_time: 14.451757192611694
init time: 0.0002231597900390625
contact time: 0.003648996353149414
tot contact: 33
contact analysis time: 0.0004527568817138672
solving time: 0.9280951023101807 iter: 15
tot_time: 15.388983964920044
init time: 0.00029778480529785156
contact time: 0.0036818981170654297
tot contact: 31
contact analysis time: 0.0004649162292480469
solving time: 0.9211339950561523 iter: 15
tot_time: 16.319565296173096
init time: 0.0002262592315673828
contact time: 0.0036699771881103516
tot contact: 32
contact analysis time: 0.00043892860412597656
solving time: 0.9349229335784912 iter: 15
tot_time: 17.263726711273193
init time: 0.0002722740173339844
contact time: 0.0036563873291015625
tot contact: 33
contact analysis time: 0.0004930496215820312
solving time: 0.9505655765533447 iter: 15
tot_time: 18.223526000976562
init time: 0.00023412704467773438
contact time: 0.0037033557891845703
tot contact: 33
contact analysis time: 0.0004551410675048828
solving time: 0.9456372261047363 iter: 15
tot_time: 19.17846965789795
init time: 0.00022363662719726562
contact time: 0.0036516189575195312
tot contact: 31
contact analysis time: 0.00046443939208984375
solving time: 0.9388883113861084 iter: 15
tot_time: 20.1265766620636
init time: 0.0002257823944091797
contact time: 0.003716707229614258
tot contact: 35
contact analysis time: 0.0004513263702392578
solving time: 0.9422452449798584 iter: 15
tot_time: 21.078072547912598
init time: 0.00021982192993164062
contact time: 0.0037908554077148438
tot contact: 33
contact analysis time: 0.0004718303680419922
solving time: 0.9401021003723145 iter: 15
tot_time: 22.027482748031616
init time: 0.0002911090850830078
contact time: 0.0038073062896728516
tot contact: 37
contact analysis time: 0.00045108795166015625
solving time: 0.9330863952636719 iter: 15
tot_time: 22.97000813484192
init time: 0.00022363662719726562
contact time: 0.0037419795989990234
tot contact: 37
contact analysis time: 0.000461578369140625
solving time: 0.9339838027954102 iter: 15
tot_time: 23.913297176361084
init time: 0.0002818107604980469
contact time: 0.0036530494689941406
tot contact: 36
contact analysis time: 0.0005338191986083984
solving time: 0.9379453659057617 iter: 15
tot_time: 24.8605797290802
init time: 0.0002238750457763672
contact time: 0.0037162303924560547
tot contact: 33
contact analysis time: 0.0004334449768066406
solving time: 0.9423458576202393 iter: 15
tot_time: 25.812129735946655
init time: 0.0002849102020263672
contact time: 0.0037031173706054688
tot contact: 26
contact analysis time: 0.0005166530609130859
solving time: 0.9238612651824951 iter: 15
tot_time: 26.7453773021698
init time: 0.00022292137145996094
contact time: 0.0037622451782226562
tot contact: 24
contact analysis time: 0.0004627704620361328
solving time: 0.9170386791229248 iter: 15
tot_time: 27.671765327453613
init time: 0.0002257823944091797
contact time: 0.0037109851837158203
tot contact: 23
contact analysis time: 0.0004742145538330078
solving time: 0.9144909381866455 iter: 15
tot_time: 28.595479011535645
init time: 0.00022077560424804688
contact time: 0.0037126541137695312
tot contact: 23
contact analysis time: 0.00045180320739746094
solving time: 0.693331241607666 iter: 12
tot_time: 29.29801297187805
init time: 0.0002262592315673828
contact time: 0.0037894248962402344
tot contact: 28
contact analysis time: 0.0004622936248779297
solving time: 0.9291906356811523 iter: 15
tot_time: 30.2365665435791
init time: 0.00022482872009277344
contact time: 0.0038552284240722656
tot contact: 32
contact analysis time: 0.0004444122314453125
solving time: 0.9244382381439209 iter: 15
tot_time: 31.170323848724365
init time: 0.0002899169921875
contact time: 0.0038874149322509766
tot contact: 27
contact analysis time: 0.00045180320739746094
solving time: 0.944178581237793 iter: 15
tot_time: 32.12394976615906
init time: 0.00022745132446289062
contact time: 0.003713369369506836
tot contact: 26
contact analysis time: 0.00044727325439453125
solving time: 0.9448251724243164 iter: 15
tot_time: 33.077991247177124
init time: 0.0002837181091308594
contact time: 0.0036187171936035156
tot contact: 15
contact analysis time: 0.0005064010620117188
solving time: 0.8075559139251709 iter: 15
tot_time: 33.8947548866272
init time: 0.00022792816162109375
contact time: 0.0037996768951416016
tot contact: 27
contact analysis time: 0.00045871734619140625
solving time: 0.9147765636444092 iter: 15
tot_time: 34.818774461746216
init time: 0.0002224445343017578
contact time: 0.0037908554077148438
tot contact: 22
contact analysis time: 0.00043845176696777344
solving time: 0.8593246936798096 iter: 14
tot_time: 35.68731212615967
init time: 0.00024628639221191406
contact time: 0.0036995410919189453
tot contact: 21
contact analysis time: 0.00044536590576171875
solving time: 0.9261751174926758 iter: 15
tot_time: 36.62273168563843
init time: 0.00022459030151367188
contact time: 0.0036470890045166016
tot contact: 19
contact analysis time: 0.0004646778106689453
solving time: 0.9170742034912109 iter: 15
tot_time: 37.54890298843384
init time: 0.00022125244140625
contact time: 0.003717660903930664
tot contact: 19
contact analysis time: 0.00044536590576171875
solving time: 0.9284183979034424 iter: 15
tot_time: 38.4866304397583
init time: 0.0002243518829345703
contact time: 0.0036818981170654297
tot contact: 16
contact analysis time: 0.00045871734619140625
solving time: 0.8737103939056396 iter: 15
tot_time: 39.36944818496704
init time: 0.0002930164337158203
contact time: 0.003764629364013672
tot contact: 18
contact analysis time: 0.0004520416259765625
solving time: 0.9133505821228027 iter: 15
tot_time: 40.2922637462616
init time: 0.0002162456512451172
contact time: 0.0035851001739501953
tot contact: 16
contact analysis time: 0.0004417896270751953
solving time: 0.8582229614257812 iter: 15
tot_time: 41.15944147109985
init time: 0.0002963542938232422
contact time: 0.003550291061401367
tot contact: 13
contact analysis time: 0.0005006790161132812
solving time: 0.8715226650238037 iter: 15
tot_time: 42.04017114639282
init time: 0.0002276897430419922
contact time: 0.0036284923553466797
tot contact: 14
contact analysis time: 0.0004513263702392578
solving time: 0.867950439453125 iter: 15
tot_time: 42.91719174385071
tot_time: 42.91719937324524
total_reward: [-0.04620989212614203, -0.051045026778930795, -0.049063862245701424, -0.04555719427763499, -0.042305867104589605, -0.042046247478152304, -0.04164040828424509, -0.04109133113719108, -0.04043226725454258, -0.03959938750640834, -0.03876027473468915, -0.037969473580183634, -0.03717861840202258, -0.03635159403330129, -0.03553194466303139, -0.034727524800255705, -0.03370254409235803, -0.0328167401736682, -0.031804773181141444, -0.030827704501422616, -0.029826156080288192, -0.02895437376139311, -0.028081059106566185, -0.02691096212011135, -0.026093715482119095, -0.025263670045807766, -0.02462042917094174]
tot contact: 14
tot contact: 13
tot contact: 16
tot contact: 18
tot contact: 16
tot contact: 19
tot contact: 19
tot contact: 21
tot contact: 22
tot contact: 27
tot contact: 15
tot contact: 26
tot contact: 27
tot contact: 32
tot contact: 28
tot contact: 23
tot contact: 23
tot contact: 24
tot contact: 26
tot contact: 33
tot contact: 36
tot contact: 37
tot contact: 37
tot contact: 33
tot contact: 35
tot contact: 31
tot contact: 33
tot contact: 33
tot contact: 32
tot contact: 31
tot contact: 33
tot contact: 31
tot contact: 32
tot contact: 30
tot contact: 29
tot contact: 31
tot contact: 28
tot contact: 30
tot contact: 30
tot contact: 29
tot contact: 27
tot contact: 29
tot contact: 25
tot contact: 26
tot contact: 28
tot contact: 26
tot contact: 23
tot contact: 26
tot contact: 29
done grad
iter:  27
[I 10/02/26 14:42:00.625 13459] [swap_chain.cpp:dump_image_buffer@164] Dumping image buffer...
init time: 0.0002186298370361328
contact time: 0.0029175281524658203
tot contact: 29
contact analysis time: 0.0004570484161376953
solving time: 0.4829409122467041 iter: 9
tot_time: 0.5215559005737305
init time: 0.0002224445343017578
contact time: 0.0031158924102783203
tot contact: 26
contact analysis time: 0.0004417896270751953
solving time: 0.45538330078125 iter: 9
tot_time: 0.9854483604431152
init time: 0.00021958351135253906
contact time: 0.003216981887817383
tot contact: 23
contact analysis time: 0.0005011558532714844
solving time: 0.456301212310791 iter: 9
tot_time: 1.4504330158233643
init time: 0.00031304359436035156
contact time: 0.003500223159790039
tot contact: 26
contact analysis time: 0.00046753883361816406
solving time: 0.5558359622955322 iter: 11
tot_time: 2.0153214931488037
init time: 0.0002155303955078125
contact time: 0.003604888916015625
tot contact: 28
contact analysis time: 0.0004506111145019531
solving time: 0.7198941707611084 iter: 13
tot_time: 2.744318723678589
init time: 0.0003044605255126953
contact time: 0.003464221954345703
tot contact: 26
contact analysis time: 0.000461578369140625
solving time: 0.8393416404724121 iter: 15
tot_time: 3.5926709175109863
init time: 0.00027632713317871094
contact time: 0.003419160842895508
tot contact: 25
contact analysis time: 0.0005233287811279297
solving time: 0.6918110847473145 iter: 13
tot_time: 4.2935192584991455
init time: 0.00022172927856445312
contact time: 0.003459453582763672
tot contact: 29
contact analysis time: 0.0004622936248779297
solving time: 0.8478732109069824 iter: 15
tot_time: 5.150341987609863
init time: 0.0002162456512451172
contact time: 0.0034792423248291016
tot contact: 27
contact analysis time: 0.00044727325439453125
solving time: 0.9388785362243652 iter: 15
tot_time: 6.098112344741821
init time: 0.00028705596923828125
contact time: 0.0035257339477539062
tot contact: 29
contact analysis time: 0.0004611015319824219
solving time: 0.9275922775268555 iter: 15
tot_time: 7.034970998764038
init time: 0.00024819374084472656
contact time: 0.04474949836730957
tot contact: 30
contact analysis time: 0.0005278587341308594
solving time: 0.9144806861877441 iter: 15
tot_time: 8.000131130218506
init time: 0.0002193450927734375
contact time: 0.003589153289794922
tot contact: 32
contact analysis time: 0.00045990943908691406
solving time: 0.9389255046844482 iter: 15
tot_time: 8.948243379592896
init time: 0.00021386146545410156
contact time: 0.003579854965209961
tot contact: 29
contact analysis time: 0.0004432201385498047
solving time: 0.9326460361480713 iter: 15
tot_time: 9.889824867248535
init time: 0.00021696090698242188
contact time: 0.003789663314819336
tot contact: 32
contact analysis time: 0.0004329681396484375
solving time: 0.8592808246612549 iter: 14
tot_time: 10.758318901062012
init time: 0.0002338886260986328
contact time: 0.0037870407104492188
tot contact: 33
contact analysis time: 0.00047016143798828125
solving time: 0.9160082340240479 iter: 15
tot_time: 11.68366003036499
init time: 0.0002295970916748047
contact time: 0.0037021636962890625
tot contact: 33
contact analysis time: 0.0004458427429199219
solving time: 0.9120323657989502 iter: 15
tot_time: 12.60492992401123
init time: 0.00022125244140625
contact time: 0.0037279129028320312
tot contact: 34
contact analysis time: 0.0004341602325439453
solving time: 0.9112300872802734 iter: 15
tot_time: 13.525351524353027
init time: 0.000217437744140625
contact time: 0.0036902427673339844
tot contact: 34
contact analysis time: 0.0005164146423339844
solving time: 0.9145936965942383 iter: 15
tot_time: 14.449291944503784
init time: 0.0002510547637939453
contact time: 0.003671407699584961
tot contact: 33
contact analysis time: 0.00045680999755859375
solving time: 0.9220788478851318 iter: 15
tot_time: 15.380690097808838
init time: 0.00023221969604492188
contact time: 0.003616809844970703
tot contact: 30
contact analysis time: 0.0005245208740234375
solving time: 0.7389953136444092 iter: 12
tot_time: 16.128924131393433
init time: 0.00021529197692871094
contact time: 0.003681659698486328
tot contact: 31
contact analysis time: 0.0004992485046386719
solving time: 0.815819501876831 iter: 13
tot_time: 16.954046726226807
init time: 0.00021576881408691406
contact time: 0.0037436485290527344
tot contact: 31
contact analysis time: 0.0004527568817138672
solving time: 0.9345173835754395 iter: 15
tot_time: 17.897732496261597
init time: 0.00021576881408691406
contact time: 0.003684520721435547
tot contact: 29
contact analysis time: 0.00043702125549316406
solving time: 0.9397757053375244 iter: 15
tot_time: 18.846694707870483
init time: 0.00022220611572265625
contact time: 0.003656148910522461
tot contact: 28
contact analysis time: 0.00045609474182128906
solving time: 0.9376544952392578 iter: 15
tot_time: 19.793493270874023
init time: 0.00022673606872558594
contact time: 0.0036368370056152344
tot contact: 31
contact analysis time: 0.0004515647888183594
solving time: 0.9314670562744141 iter: 15
tot_time: 20.734042406082153
init time: 0.00022459030151367188
contact time: 0.0037238597869873047
tot contact: 31
contact analysis time: 0.00042629241943359375
solving time: 0.9323008060455322 iter: 15
tot_time: 21.675629377365112
init time: 0.00021696090698242188
contact time: 0.0037941932678222656
tot contact: 34
contact analysis time: 0.0004885196685791016
solving time: 0.9367098808288574 iter: 15
tot_time: 22.621594667434692
init time: 0.00022149085998535156
contact time: 0.003815889358520508
tot contact: 32
contact analysis time: 0.0004487037658691406
solving time: 0.9263637065887451 iter: 15
tot_time: 23.55725336074829
init time: 0.0002238750457763672
contact time: 0.0037102699279785156
tot contact: 33
contact analysis time: 0.0004744529724121094
solving time: 0.9302012920379639 iter: 15
tot_time: 24.496692895889282
init time: 0.000217437744140625
contact time: 0.003685474395751953
tot contact: 30
contact analysis time: 0.00043463706970214844
solving time: 0.9152717590332031 iter: 15
tot_time: 25.42115306854248
init time: 0.00020933151245117188
contact time: 0.0037298202514648438
tot contact: 30
contact analysis time: 0.000446319580078125
solving time: 0.8812496662139893 iter: 15
tot_time: 26.31158471107483
init time: 0.0002167224884033203
contact time: 0.003719806671142578
tot contact: 27
contact analysis time: 0.00043487548828125
solving time: 0.905451774597168 iter: 15
tot_time: 27.22626280784607
init time: 0.00021886825561523438
contact time: 0.0037615299224853516
tot contact: 35
contact analysis time: 0.0004570484161376953
solving time: 0.8937280178070068 iter: 15
tot_time: 28.1292622089386
init time: 0.00025177001953125
contact time: 0.0037627220153808594
tot contact: 28
contact analysis time: 0.0004718303680419922
solving time: 0.9340341091156006 iter: 15
tot_time: 29.072758197784424
init time: 0.00023245811462402344
contact time: 0.003878355026245117
tot contact: 26
contact analysis time: 0.00046133995056152344
solving time: 0.9094924926757812 iter: 15
tot_time: 29.991577625274658
init time: 0.00021886825561523438
contact time: 0.0040416717529296875
tot contact: 28
contact analysis time: 0.0004706382751464844
solving time: 0.9540607929229736 iter: 15
tot_time: 30.9552903175354
init time: 0.0002181529998779297
contact time: 0.00391387939453125
tot contact: 28
contact analysis time: 0.0004639625549316406
solving time: 0.9510278701782227 iter: 15
tot_time: 31.91573190689087
init time: 0.00021219253540039062
contact time: 0.003961086273193359
tot contact: 43
contact analysis time: 0.0004737377166748047
solving time: 0.9533202648162842 iter: 15
tot_time: 32.878482818603516
init time: 0.00021767616271972656
contact time: 0.0037665367126464844
tot contact: 28
contact analysis time: 0.00043892860412597656
solving time: 0.8862237930297852 iter: 15
tot_time: 33.773900270462036
init time: 0.0002167224884033203
contact time: 0.0039441585540771484
tot contact: 33
contact analysis time: 0.0004520416259765625
solving time: 0.9394116401672363 iter: 15
tot_time: 34.72278428077698
init time: 0.0002162456512451172
contact time: 0.0039031505584716797
tot contact: 20
contact analysis time: 0.0004398822784423828
solving time: 0.9196281433105469 iter: 15
tot_time: 35.65178155899048
init time: 0.00022172927856445312
contact time: 0.0038518905639648438
tot contact: 22
contact analysis time: 0.0004429817199707031
solving time: 0.9271175861358643 iter: 15
tot_time: 36.58836245536804
init time: 0.00024366378784179688
contact time: 0.003875732421875
tot contact: 20
contact analysis time: 0.0004661083221435547
solving time: 0.9434821605682373 iter: 15
tot_time: 37.54126787185669
init time: 0.0002532005310058594
contact time: 0.003981590270996094
tot contact: 21
contact analysis time: 0.0004603862762451172
solving time: 0.9256312847137451 iter: 15
tot_time: 38.476516008377075
init time: 0.00023317337036132812
contact time: 0.0038597583770751953
tot contact: 15
contact analysis time: 0.0004341602325439453
solving time: 0.9242582321166992 iter: 15
tot_time: 39.41010904312134
init time: 0.000270843505859375
contact time: 0.003936290740966797
tot contact: 22
contact analysis time: 0.00044274330139160156
solving time: 0.9174535274505615 iter: 15
tot_time: 40.337143421173096
init time: 0.0002219676971435547
contact time: 0.003774881362915039
tot contact: 15
contact analysis time: 0.0004456043243408203
solving time: 0.9045987129211426 iter: 15
tot_time: 41.25093412399292
init time: 0.0002827644348144531
contact time: 0.0037758350372314453
tot contact: 20
contact analysis time: 0.0005311965942382812
solving time: 0.9140365123748779 iter: 15
tot_time: 42.1743860244751
init time: 0.0002467632293701172
contact time: 0.0038750171661376953
tot contact: 18
contact analysis time: 0.000484466552734375
solving time: 0.9198236465454102 iter: 15
tot_time: 43.10371470451355
tot_time: 43.10372185707092
total_reward: [-0.04620989212614203, -0.051045026778930795, -0.049063862245701424, -0.04555719427763499, -0.042305867104589605, -0.042046247478152304, -0.04164040828424509, -0.04109133113719108, -0.04043226725454258, -0.03959938750640834, -0.03876027473468915, -0.037969473580183634, -0.03717861840202258, -0.03635159403330129, -0.03553194466303139, -0.034727524800255705, -0.03370254409235803, -0.0328167401736682, -0.031804773181141444, -0.030827704501422616, -0.029826156080288192, -0.02895437376139311, -0.028081059106566185, -0.02691096212011135, -0.026093715482119095, -0.025263670045807766, -0.02462042917094174, -0.04503161315775485]
tot contact: 18
tot contact: 20
tot contact: 15
tot contact: 22
tot contact: 15
tot contact: 21
tot contact: 20
tot contact: 22
tot contact: 20
tot contact: 33
tot contact: 28
tot contact: 43
tot contact: 28
tot contact: 28
tot contact: 26
tot contact: 28
tot contact: 35
tot contact: 27
tot contact: 30
tot contact: 30
tot contact: 33
tot contact: 32
tot contact: 34
tot contact: 31
tot contact: 31
tot contact: 28
tot contact: 29
tot contact: 31
tot contact: 31
tot contact: 30
tot contact: 33
tot contact: 34
tot contact: 34
tot contact: 33
tot contact: 33
tot contact: 32
tot contact: 29
tot contact: 32
tot contact: 30
tot contact: 29
tot contact: 27
tot contact: 29
tot contact: 25
tot contact: 26
tot contact: 28
tot contact: 26
tot contact: 23
tot contact: 26
tot contact: 29
done grad
iter:  28
[I 10/02/26 14:42:46.870 13459] [swap_chain.cpp:dump_image_buffer@164] Dumping image buffer...
init time: 0.00021719932556152344
contact time: 0.002895355224609375
tot contact: 29
contact analysis time: 0.0004420280456542969
solving time: 0.40688014030456543 iter: 8
tot_time: 0.44560670852661133
init time: 0.00032782554626464844
contact time: 0.003106355667114258
tot contact: 26
contact analysis time: 0.0004513263702392578
solving time: 0.4547119140625 iter: 9
tot_time: 0.9091458320617676
init time: 0.00021648406982421875
contact time: 0.0032846927642822266
tot contact: 23
contact analysis time: 0.0004622936248779297
solving time: 0.4531843662261963 iter: 9
tot_time: 1.3710684776306152
init time: 0.0002162456512451172
contact time: 0.0034890174865722656
tot contact: 26
contact analysis time: 0.0005099773406982422
solving time: 0.5574722290039062 iter: 11
tot_time: 1.9375123977661133
init time: 0.0002841949462890625
contact time: 0.00353240966796875
tot contact: 28
contact analysis time: 0.0005207061767578125
solving time: 0.7226839065551758 iter: 13
tot_time: 2.6693735122680664
init time: 0.00026035308837890625
contact time: 0.003545522689819336
tot contact: 26
contact analysis time: 0.0004966259002685547
solving time: 0.8319191932678223 iter: 15
tot_time: 3.5108792781829834
init time: 0.0002741813659667969
contact time: 0.0035066604614257812
tot contact: 25
contact analysis time: 0.0004456043243408203
solving time: 0.6943190097808838 iter: 13
tot_time: 4.214207887649536
init time: 0.00028324127197265625
contact time: 0.0034372806549072266
tot contact: 29
contact analysis time: 0.0005078315734863281
solving time: 0.8459529876708984 iter: 15
tot_time: 5.069328784942627
init time: 0.00021910667419433594
contact time: 0.003478527069091797
tot contact: 26
contact analysis time: 0.0004353523254394531
solving time: 0.9286990165710449 iter: 15
tot_time: 6.006978273391724
init time: 0.00022125244140625
contact time: 0.003541231155395508
tot contact: 29
contact analysis time: 0.0004367828369140625
solving time: 0.9184978008270264 iter: 15
tot_time: 6.934479236602783
init time: 0.00023627281188964844
contact time: 0.0035636425018310547
tot contact: 30
contact analysis time: 0.0004558563232421875
solving time: 0.910233736038208 iter: 15
tot_time: 7.853888034820557
init time: 0.00021958351135253906
contact time: 0.0035097599029541016
tot contact: 31
contact analysis time: 0.00044226646423339844
solving time: 0.9183750152587891 iter: 15
tot_time: 8.781157970428467
init time: 0.0003094673156738281
contact time: 0.003628969192504883
tot contact: 29
contact analysis time: 0.0004601478576660156
solving time: 0.9590127468109131 iter: 15
tot_time: 9.749646663665771
init time: 0.0002193450927734375
contact time: 0.003818511962890625
tot contact: 33
contact analysis time: 0.0004703998565673828
solving time: 0.864032506942749 iter: 14
tot_time: 10.622967004776001
init time: 0.00028395652770996094
contact time: 0.003774881362915039
tot contact: 33
contact analysis time: 0.0005335807800292969
solving time: 0.9151368141174316 iter: 15
tot_time: 11.547649621963501
init time: 0.00024628639221191406
contact time: 0.003701925277709961
tot contact: 33
contact analysis time: 0.00044798851013183594
solving time: 0.9162242412567139 iter: 15
tot_time: 12.473190784454346
init time: 0.00022125244140625
contact time: 0.003728151321411133
tot contact: 34
contact analysis time: 0.0004513263702392578
solving time: 0.9273097515106201 iter: 15
tot_time: 13.409664154052734
init time: 0.0002779960632324219
contact time: 0.0037522315979003906
tot contact: 35
contact analysis time: 0.00046753883361816406
solving time: 0.9188058376312256 iter: 15
tot_time: 14.337762832641602
init time: 0.00021719932556152344
contact time: 0.0036416053771972656
tot contact: 34
contact analysis time: 0.0004966259002685547
solving time: 0.9186797142028809 iter: 15
tot_time: 15.265552997589111
init time: 0.0002219676971435547
contact time: 0.003671407699584961
tot contact: 29
contact analysis time: 0.0004401206970214844
solving time: 0.7529830932617188 iter: 13
tot_time: 16.027791261672974
init time: 0.00022220611572265625
contact time: 0.0037124156951904297
tot contact: 31
contact analysis time: 0.00047850608825683594
solving time: 0.8141882419586182 iter: 13
tot_time: 16.851172924041748
init time: 0.00021839141845703125
contact time: 0.0037076473236083984
tot contact: 31
contact analysis time: 0.00046062469482421875
solving time: 0.9410607814788818 iter: 15
tot_time: 17.8015558719635
init time: 0.00026035308837890625
contact time: 0.003709554672241211
tot contact: 27
contact analysis time: 0.0004699230194091797
solving time: 0.9354021549224854 iter: 15
tot_time: 18.746320247650146
init time: 0.00021719932556152344
contact time: 0.003664731979370117
tot contact: 28
contact analysis time: 0.0004355907440185547
solving time: 0.9442651271820068 iter: 15
tot_time: 19.699784517288208
init time: 0.00023865699768066406
contact time: 0.0036721229553222656
tot contact: 32
contact analysis time: 0.0005021095275878906
solving time: 0.9370255470275879 iter: 15
tot_time: 20.64608931541443
init time: 0.000286102294921875
contact time: 0.0037393569946289062
tot contact: 31
contact analysis time: 0.00044989585876464844
solving time: 0.9306249618530273 iter: 15
tot_time: 21.586125135421753
init time: 0.00022363662719726562
contact time: 0.0036869049072265625
tot contact: 34
contact analysis time: 0.0004665851593017578
solving time: 0.9340782165527344 iter: 15
tot_time: 22.529393911361694
init time: 0.00031304359436035156
contact time: 0.0037145614624023438
tot contact: 32
contact analysis time: 0.0005314350128173828
solving time: 0.9278454780578613 iter: 15
tot_time: 23.46668577194214
init time: 0.00021791458129882812
contact time: 0.0037152767181396484
tot contact: 33
contact analysis time: 0.000453948974609375
solving time: 0.9282581806182861 iter: 15
tot_time: 24.404282093048096
init time: 0.0002231597900390625
contact time: 0.0036869049072265625
tot contact: 30
contact analysis time: 0.00045371055603027344
solving time: 0.9140658378601074 iter: 15
tot_time: 25.327534675598145
init time: 0.0002219676971435547
contact time: 0.0036478042602539062
tot contact: 29
contact analysis time: 0.0004372596740722656
solving time: 0.8833935260772705 iter: 15
tot_time: 26.220022678375244
init time: 0.0002224445343017578
contact time: 0.0036194324493408203
tot contact: 27
contact analysis time: 0.0004622936248779297
solving time: 0.9115874767303467 iter: 15
tot_time: 27.14069414138794
init time: 0.00029540061950683594
contact time: 0.0037946701049804688
tot contact: 35
contact analysis time: 0.0004489421844482422
solving time: 0.899874210357666 iter: 15
tot_time: 28.050119876861572
init time: 0.00022363662719726562
contact time: 0.0036537647247314453
tot contact: 27
contact analysis time: 0.00046372413635253906
solving time: 0.9323000907897949 iter: 15
tot_time: 28.99161171913147
init time: 0.0002791881561279297
contact time: 0.003836393356323242
tot contact: 26
contact analysis time: 0.0004923343658447266
solving time: 0.9118049144744873 iter: 15
tot_time: 29.912810802459717
init time: 0.0002257823944091797
contact time: 0.0040585994720458984
tot contact: 28
contact analysis time: 0.0004553794860839844
solving time: 0.9480330944061279 iter: 15
tot_time: 30.87047576904297
init time: 0.00023174285888671875
contact time: 0.003859996795654297
tot contact: 28
contact analysis time: 0.0004711151123046875
solving time: 0.9421408176422119 iter: 15
tot_time: 31.821977615356445
init time: 0.00022125244140625
contact time: 0.003973960876464844
tot contact: 44
contact analysis time: 0.00045108795166015625
solving time: 0.9544484615325928 iter: 15
tot_time: 32.786153078079224
init time: 0.00022721290588378906
contact time: 0.0038356781005859375
tot contact: 28
contact analysis time: 0.0004591941833496094
solving time: 0.8758974075317383 iter: 15
tot_time: 33.671363830566406
init time: 0.00027441978454589844
contact time: 0.003925323486328125
tot contact: 30
contact analysis time: 0.0004475116729736328
solving time: 0.938805341720581 iter: 15
tot_time: 34.619754791259766
init time: 0.00022125244140625
contact time: 0.003885984420776367
tot contact: 20
contact analysis time: 0.0004856586456298828
solving time: 0.9170143604278564 iter: 15
tot_time: 35.54628348350525
init time: 0.0002827644348144531
contact time: 0.0038013458251953125
tot contact: 22
contact analysis time: 0.0005450248718261719
solving time: 0.9308314323425293 iter: 15
tot_time: 36.48666262626648
init time: 0.0002231597900390625
contact time: 0.0038383007049560547
tot contact: 20
contact analysis time: 0.0004572868347167969
solving time: 0.944404125213623 iter: 15
tot_time: 37.44041562080383
init time: 0.0002887248992919922
contact time: 0.0038518905639648438
tot contact: 21
contact analysis time: 0.0005092620849609375
solving time: 0.9139330387115479 iter: 15
tot_time: 38.36382603645325
init time: 0.0002295970916748047
contact time: 0.003920078277587891
tot contact: 15
contact analysis time: 0.0004506111145019531
solving time: 0.925025463104248 iter: 15
tot_time: 39.29827666282654
init time: 0.00021767616271972656
contact time: 0.004014730453491211
tot contact: 23
contact analysis time: 0.0004780292510986328
solving time: 0.9174044132232666 iter: 15
tot_time: 40.22516679763794
init time: 0.0002205371856689453
contact time: 0.0038280487060546875
tot contact: 16
contact analysis time: 0.0005214214324951172
solving time: 0.9033856391906738 iter: 15
tot_time: 41.13802194595337
init time: 0.00022602081298828125
contact time: 0.0038242340087890625
tot contact: 19
contact analysis time: 0.0004830360412597656
solving time: 0.9170546531677246 iter: 15
tot_time: 42.064486265182495
init time: 0.00028777122497558594
contact time: 0.0038008689880371094
tot contact: 18
contact analysis time: 0.0004374980926513672
solving time: 0.9270186424255371 iter: 15
tot_time: 43.00092816352844
tot_time: 43.00093603134155
total_reward: [-0.04620989212614203, -0.051045026778930795, -0.049063862245701424, -0.04555719427763499, -0.042305867104589605, -0.042046247478152304, -0.04164040828424509, -0.04109133113719108, -0.04043226725454258, -0.03959938750640834, -0.03876027473468915, -0.037969473580183634, -0.03717861840202258, -0.03635159403330129, -0.03553194466303139, -0.034727524800255705, -0.03370254409235803, -0.0328167401736682, -0.031804773181141444, -0.030827704501422616, -0.029826156080288192, -0.02895437376139311, -0.028081059106566185, -0.02691096212011135, -0.026093715482119095, -0.025263670045807766, -0.02462042917094174, -0.04503161315775485, -0.04438839836558041]
tot contact: 18
tot contact: 19
tot contact: 16
tot contact: 23
tot contact: 15
tot contact: 21
tot contact: 20
tot contact: 22
tot contact: 20
tot contact: 30
tot contact: 28
tot contact: 44
tot contact: 28
tot contact: 28
tot contact: 26
tot contact: 27
tot contact: 35
tot contact: 27
tot contact: 29
tot contact: 30
tot contact: 33
tot contact: 32
tot contact: 34
tot contact: 31
tot contact: 32
tot contact: 28
tot contact: 27
tot contact: 31
tot contact: 31
tot contact: 29
tot contact: 34
tot contact: 35
tot contact: 34
tot contact: 33
tot contact: 33
tot contact: 33
tot contact: 29
tot contact: 31
tot contact: 30
tot contact: 29
tot contact: 26
tot contact: 29
tot contact: 25
tot contact: 26
tot contact: 28
tot contact: 26
tot contact: 23
tot contact: 26
tot contact: 29
done grad
iter:  29
[I 10/02/26 14:43:33.010 13459] [swap_chain.cpp:dump_image_buffer@164] Dumping image buffer...
init time: 0.00025200843811035156
contact time: 0.002929210662841797
tot contact: 29
contact analysis time: 0.0004374980926513672
solving time: 0.40891146659851074 iter: 8
tot_time: 0.4476168155670166
init time: 0.0002219676971435547
contact time: 0.0030760765075683594
tot contact: 26
contact analysis time: 0.0004811286926269531
solving time: 0.45743870735168457 iter: 9
tot_time: 0.9136645793914795
init time: 0.0003135204315185547
contact time: 0.0031740665435791016
tot contact: 23
contact analysis time: 0.0005204677581787109
solving time: 0.4549710750579834 iter: 9
tot_time: 1.3773393630981445
init time: 0.00021266937255859375
contact time: 0.00347900390625
tot contact: 26
contact analysis time: 0.0004298686981201172
solving time: 0.5781795978546143 iter: 11
tot_time: 1.9644391536712646
init time: 0.00022029876708984375
contact time: 0.003580808639526367
tot contact: 28
contact analysis time: 0.00043201446533203125
solving time: 0.7412083148956299 iter: 13
tot_time: 2.71457839012146
init time: 0.00021767616271972656
contact time: 0.003434896469116211
tot contact: 26
contact analysis time: 0.00044465065002441406
solving time: 0.8278763294219971 iter: 15
tot_time: 3.551332712173462
init time: 0.00022149085998535156
contact time: 0.0033676624298095703
tot contact: 25
contact analysis time: 0.00047779083251953125
solving time: 0.6956756114959717 iter: 13
tot_time: 4.255887508392334
init time: 0.00022602081298828125
contact time: 0.0033884048461914062
tot contact: 29
contact analysis time: 0.0004398822784423828
solving time: 0.8494455814361572 iter: 15
tot_time: 5.114229679107666
init time: 0.00021767616271972656
contact time: 0.003464221954345703
tot contact: 26
contact analysis time: 0.0004417896270751953
solving time: 0.926182746887207 iter: 15
tot_time: 6.04929518699646
init time: 0.00025272369384765625
contact time: 0.003565073013305664
tot contact: 29
contact analysis time: 0.0004363059997558594
solving time: 0.9277262687683105 iter: 15
tot_time: 6.986077785491943
init time: 0.0002167224884033203
contact time: 0.0036020278930664062
tot contact: 30
contact analysis time: 0.00045180320739746094
solving time: 0.9133219718933105 iter: 15
tot_time: 7.90845513343811
init time: 0.00021457672119140625
contact time: 0.003594636917114258
tot contact: 31
contact analysis time: 0.0004401206970214844
solving time: 0.9179043769836426 iter: 15
tot_time: 8.835521936416626
init time: 0.00022172927856445312
contact time: 0.003526926040649414
tot contact: 29
contact analysis time: 0.00044226646423339844
solving time: 0.9317929744720459 iter: 15
tot_time: 9.776230096817017
init time: 0.00029277801513671875
contact time: 0.003802776336669922
tot contact: 33
contact analysis time: 0.0004687309265136719
solving time: 0.8642818927764893 iter: 14
tot_time: 10.649852275848389
init time: 0.00023174285888671875
contact time: 0.003808259963989258
tot contact: 33
contact analysis time: 0.00045037269592285156
solving time: 0.9239370822906494 iter: 15
tot_time: 11.583195686340332
init time: 0.0002200603485107422
contact time: 0.003666400909423828
tot contact: 33
contact analysis time: 0.00045680999755859375
solving time: 0.9308440685272217 iter: 15
tot_time: 12.523280620574951
init time: 0.00024366378784179688
contact time: 0.0037565231323242188
tot contact: 34
contact analysis time: 0.00046706199645996094
solving time: 0.9467635154724121 iter: 15
tot_time: 13.479334115982056
init time: 0.0002903938293457031
contact time: 0.003843545913696289
tot contact: 35
contact analysis time: 0.0004589557647705078
solving time: 0.9408657550811768 iter: 15
tot_time: 14.429715633392334
init time: 0.00023221969604492188
contact time: 0.003628253936767578
tot contact: 34
contact analysis time: 0.0004904270172119141
solving time: 0.9184625148773193 iter: 15
tot_time: 15.35733413696289
init time: 0.0002720355987548828
contact time: 0.0036160945892333984
tot contact: 29
contact analysis time: 0.0005028247833251953
solving time: 0.6753222942352295 iter: 12
tot_time: 16.04183554649353
init time: 0.0002231597900390625
contact time: 0.003714323043823242
tot contact: 31
contact analysis time: 0.0005092620849609375
solving time: 0.8140425682067871 iter: 13
tot_time: 16.86511516571045
init time: 0.0002257823944091797
contact time: 0.0036437511444091797
tot contact: 31
contact analysis time: 0.0004589557647705078
solving time: 0.9399864673614502 iter: 15
tot_time: 17.814236164093018
init time: 0.0002892017364501953
contact time: 0.0037183761596679688
tot contact: 27
contact analysis time: 0.0004544258117675781
solving time: 0.9319295883178711 iter: 15
tot_time: 18.755524396896362
init time: 0.00021982192993164062
contact time: 0.0037047863006591797
tot contact: 28
contact analysis time: 0.0004813671112060547
solving time: 0.9411065578460693 iter: 15
tot_time: 19.70584511756897
init time: 0.0003542900085449219
contact time: 0.0036389827728271484
tot contact: 33
contact analysis time: 0.0005185604095458984
solving time: 0.9486525058746338 iter: 15
tot_time: 20.664098978042603
init time: 0.00021910667419433594
contact time: 0.0037102699279785156
tot contact: 30
contact analysis time: 0.00046324729919433594
solving time: 0.9463181495666504 iter: 15
tot_time: 21.61963677406311
init time: 0.00023174285888671875
contact time: 0.0038454532623291016
tot contact: 34
contact analysis time: 0.0004546642303466797
solving time: 0.9401299953460693 iter: 15
tot_time: 22.56913137435913
init time: 0.0002307891845703125
contact time: 0.003855466842651367
tot contact: 32
contact analysis time: 0.00045418739318847656
solving time: 0.9282314777374268 iter: 15
tot_time: 23.50680708885193
init time: 0.00021839141845703125
contact time: 0.0036695003509521484
tot contact: 32
contact analysis time: 0.00043702125549316406
solving time: 0.9232685565948486 iter: 15
tot_time: 24.43915820121765
init time: 0.0002753734588623047
contact time: 0.0035903453826904297
tot contact: 30
contact analysis time: 0.00043773651123046875
solving time: 0.9126887321472168 iter: 15
tot_time: 25.361005306243896
init time: 0.00023937225341796875
contact time: 0.0036573410034179688
tot contact: 29
contact analysis time: 0.00047326087951660156
solving time: 0.8847987651824951 iter: 15
tot_time: 26.25532031059265
init time: 0.00028204917907714844
contact time: 0.003614664077758789
tot contact: 25
contact analysis time: 0.0005457401275634766
solving time: 0.8796758651733398 iter: 15
tot_time: 27.144286632537842
init time: 0.000217437744140625
contact time: 0.003765106201171875
tot contact: 35
contact analysis time: 0.00044345855712890625
solving time: 0.8993487358093262 iter: 15
tot_time: 28.052828073501587
init time: 0.00024437904357910156
contact time: 0.0037984848022460938
tot contact: 27
contact analysis time: 0.00045990943908691406
solving time: 0.935321569442749 iter: 15
tot_time: 28.99765944480896
init time: 0.00023436546325683594
contact time: 0.003931522369384766
tot contact: 26
contact analysis time: 0.00045490264892578125
solving time: 0.9135465621948242 iter: 15
tot_time: 29.920756340026855
init time: 0.00024366378784179688
contact time: 0.0038995742797851562
tot contact: 28
contact analysis time: 0.000446319580078125
solving time: 0.9468288421630859 iter: 15
tot_time: 30.87703537940979
init time: 0.0002925395965576172
contact time: 0.003978729248046875
tot contact: 27
contact analysis time: 0.0004525184631347656
solving time: 0.9409801959991455 iter: 15
tot_time: 31.827739238739014
init time: 0.00022935867309570312
contact time: 0.003932476043701172
tot contact: 44
contact analysis time: 0.00045561790466308594
solving time: 0.95137619972229 iter: 15
tot_time: 32.78855562210083
init time: 0.0002987384796142578
contact time: 0.0037326812744140625
tot contact: 29
contact analysis time: 0.0005068778991699219
solving time: 0.8773641586303711 iter: 15
tot_time: 33.67518663406372
init time: 0.00022459030151367188
contact time: 0.00398707389831543
tot contact: 30
contact analysis time: 0.0004532337188720703
solving time: 0.9363691806793213 iter: 15
tot_time: 34.62120318412781
init time: 0.0002257823944091797
contact time: 0.003966093063354492
tot contact: 20
contact analysis time: 0.00047087669372558594
solving time: 0.9184658527374268 iter: 15
tot_time: 35.54919958114624
init time: 0.00022721290588378906
contact time: 0.0038881301879882812
tot contact: 21
contact analysis time: 0.0004591941833496094
solving time: 0.923778772354126 iter: 15
tot_time: 36.48253607749939
init time: 0.0002205371856689453
contact time: 0.0038886070251464844
tot contact: 19
contact analysis time: 0.0004513263702392578
solving time: 0.9418630599975586 iter: 15
tot_time: 37.43373489379883
init time: 0.0002715587615966797
contact time: 0.003979206085205078
tot contact: 19
contact analysis time: 0.0004801750183105469
solving time: 0.9023501873016357 iter: 15
tot_time: 38.34570384025574
init time: 0.00021839141845703125
contact time: 0.003918647766113281
tot contact: 15
contact analysis time: 0.0004649162292480469
solving time: 0.9350781440734863 iter: 15
tot_time: 39.290141344070435
init time: 0.00028705596923828125
contact time: 0.003975391387939453
tot contact: 23
contact analysis time: 0.0005300045013427734
solving time: 0.9221055507659912 iter: 15
tot_time: 40.221872091293335
init time: 0.0002193450927734375
contact time: 0.0037953853607177734
tot contact: 16
contact analysis time: 0.00046896934509277344
solving time: 0.9083969593048096 iter: 15
tot_time: 41.13958430290222
init time: 0.00024247169494628906
contact time: 0.0037827491760253906
tot contact: 20
contact analysis time: 0.0004608631134033203
solving time: 0.9407532215118408 iter: 15
tot_time: 42.08970665931702
init time: 0.0002446174621582031
contact time: 0.0038251876831054688
tot contact: 18
contact analysis time: 0.0004630088806152344
solving time: 0.9236886501312256 iter: 15
tot_time: 43.022972106933594
tot_time: 43.02298021316528
total_reward: [-0.04620989212614203, -0.051045026778930795, -0.049063862245701424, -0.04555719427763499, -0.042305867104589605, -0.042046247478152304, -0.04164040828424509, -0.04109133113719108, -0.04043226725454258, -0.03959938750640834, -0.03876027473468915, -0.037969473580183634, -0.03717861840202258, -0.03635159403330129, -0.03553194466303139, -0.034727524800255705, -0.03370254409235803, -0.0328167401736682, -0.031804773181141444, -0.030827704501422616, -0.029826156080288192, -0.02895437376139311, -0.028081059106566185, -0.02691096212011135, -0.026093715482119095, -0.025263670045807766, -0.02462042917094174, -0.04503161315775485, -0.04438839836558041, -0.04362705812739668]
tot contact: 18
tot contact: 20
tot contact: 16
tot contact: 23
tot contact: 15
tot contact: 19
tot contact: 19
tot contact: 21
tot contact: 20
tot contact: 30
tot contact: 29
tot contact: 44
tot contact: 27
tot contact: 28
tot contact: 26
tot contact: 27
tot contact: 35
tot contact: 25
tot contact: 29
tot contact: 30
tot contact: 32
tot contact: 32
tot contact: 34
tot contact: 30
tot contact: 33
tot contact: 28
tot contact: 27
tot contact: 31
tot contact: 31
tot contact: 29
tot contact: 34
tot contact: 35
tot contact: 34
tot contact: 33
tot contact: 33
tot contact: 33
tot contact: 29
tot contact: 31
tot contact: 30
tot contact: 29
tot contact: 26
tot contact: 29
tot contact: 25
tot contact: 26
tot contact: 28
tot contact: 26
tot contact: 23
tot contact: 26
tot contact: 29
done grad
iter:  30
[I 10/02/26 14:44:19.201 13459] [swap_chain.cpp:dump_image_buffer@164] Dumping image buffer...
init time: 0.00022268295288085938
contact time: 0.002843141555786133
tot contact: 29
contact analysis time: 0.00045871734619140625
solving time: 0.410003662109375 iter: 8
tot_time: 0.4486660957336426
init time: 0.00022101402282714844
contact time: 0.003049612045288086
tot contact: 26
contact analysis time: 0.00045943260192871094
solving time: 0.45559239387512207 iter: 9
tot_time: 0.9127795696258545
init time: 0.0003070831298828125
contact time: 0.003208160400390625
tot contact: 23
contact analysis time: 0.0005180835723876953
solving time: 0.4578988552093506 iter: 9
tot_time: 1.3796985149383545
init time: 0.00025725364685058594
contact time: 0.003487825393676758
tot contact: 26
contact analysis time: 0.0004322528839111328
solving time: 0.5563318729400635 iter: 11
tot_time: 1.9450600147247314
init time: 0.00022029876708984375
contact time: 0.003559589385986328
tot contact: 29
contact analysis time: 0.0004627704620361328
solving time: 0.7843568325042725 iter: 14
tot_time: 2.738402843475342
init time: 0.0003192424774169922
contact time: 0.0034246444702148438
tot contact: 26
contact analysis time: 0.000530242919921875
solving time: 0.8258397579193115 iter: 15
tot_time: 3.5734572410583496
init time: 0.0002410411834716797
contact time: 0.003452777862548828
tot contact: 25
contact analysis time: 0.000469207763671875
solving time: 0.6927876472473145 iter: 13
tot_time: 4.275266885757446
init time: 0.0002193450927734375
contact time: 0.003452777862548828
tot contact: 29
contact analysis time: 0.0004382133483886719
solving time: 0.8456342220306396 iter: 15
tot_time: 5.129836082458496
init time: 0.0002257823944091797
contact time: 0.003475189208984375
tot contact: 26
contact analysis time: 0.0004723072052001953
solving time: 0.9262218475341797 iter: 15
tot_time: 6.065019845962524
init time: 0.00022459030151367188
contact time: 0.0035359859466552734
tot contact: 29
contact analysis time: 0.00047135353088378906
solving time: 0.9160022735595703 iter: 15
tot_time: 6.990293741226196
init time: 0.00022864341735839844
contact time: 0.0036547183990478516
tot contact: 30
contact analysis time: 0.000453948974609375
solving time: 0.9117817878723145 iter: 15
tot_time: 7.911205053329468
init time: 0.0002875328063964844
contact time: 0.003628969192504883
tot contact: 31
contact analysis time: 0.00045299530029296875
solving time: 0.9380462169647217 iter: 15
tot_time: 8.858408212661743
init time: 0.00021648406982421875
contact time: 0.003567934036254883
tot contact: 29
contact analysis time: 0.0004401206970214844
solving time: 0.9301955699920654 iter: 15
tot_time: 9.797604084014893
init time: 0.0002808570861816406
contact time: 0.0038194656372070312
tot contact: 33
contact analysis time: 0.0005009174346923828
solving time: 0.8637440204620361 iter: 14
tot_time: 10.670758962631226
init time: 0.0002193450927734375
contact time: 0.003779172897338867
tot contact: 33
contact analysis time: 0.00045609474182128906
solving time: 0.9582958221435547 iter: 15
tot_time: 11.638325691223145
init time: 0.00030040740966796875
contact time: 0.0036840438842773438
tot contact: 33
contact analysis time: 0.0004718303680419922
solving time: 0.9225354194641113 iter: 15
tot_time: 12.570195436477661
init time: 0.00022172927856445312
contact time: 0.003742218017578125
tot contact: 34
contact analysis time: 0.0004482269287109375
solving time: 0.9280760288238525 iter: 15
tot_time: 13.507453441619873
init time: 0.0002167224884033203
contact time: 0.0037827491760253906
tot contact: 34
contact analysis time: 0.0004303455352783203
solving time: 0.9396405220031738 iter: 15
tot_time: 14.456362009048462
init time: 0.00025272369384765625
contact time: 0.0037622451782226562
tot contact: 35
contact analysis time: 0.0004439353942871094
solving time: 0.9284365177154541 iter: 15
tot_time: 15.394199132919312
init time: 0.00022912025451660156
contact time: 0.003711700439453125
tot contact: 29
contact analysis time: 0.0004611015319824219
solving time: 0.676243782043457 iter: 12
tot_time: 16.079721689224243
init time: 0.0002722740173339844
contact time: 0.003683805465698242
tot contact: 31
contact analysis time: 0.0005345344543457031
solving time: 0.882183313369751 iter: 14
tot_time: 16.971166372299194
init time: 0.00021576881408691406
contact time: 0.003765583038330078
tot contact: 31
contact analysis time: 0.0004982948303222656
solving time: 0.9392874240875244 iter: 15
tot_time: 17.919724702835083
init time: 0.0002243518829345703
contact time: 0.0036640167236328125
tot contact: 27
contact analysis time: 0.00045013427734375
solving time: 0.9310665130615234 iter: 15
tot_time: 18.860027074813843
init time: 0.00022149085998535156
contact time: 0.0036935806274414062
tot contact: 28
contact analysis time: 0.00045609474182128906
solving time: 0.9499449729919434 iter: 15
tot_time: 19.819132804870605
init time: 0.0002167224884033203
contact time: 0.0037746429443359375
tot contact: 34
contact analysis time: 0.0004379749298095703
solving time: 0.9390575885772705 iter: 15
tot_time: 20.76755952835083
init time: 0.00021982192993164062
contact time: 0.0037419795989990234
tot contact: 30
contact analysis time: 0.0004639625549316406
solving time: 0.9292440414428711 iter: 15
tot_time: 21.705974102020264
init time: 0.00028777122497558594
contact time: 0.003854513168334961
tot contact: 34
contact analysis time: 0.0004570484161376953
solving time: 0.9400050640106201 iter: 15
tot_time: 22.65546989440918
init time: 0.00022292137145996094
contact time: 0.003786802291870117
tot contact: 32
contact analysis time: 0.00045800209045410156
solving time: 0.9307005405426025 iter: 15
tot_time: 23.595406532287598
init time: 0.000278472900390625
contact time: 0.0036406517028808594
tot contact: 32
contact analysis time: 0.0005109310150146484
solving time: 0.9241323471069336 iter: 15
tot_time: 24.528841972351074
init time: 0.00024247169494628906
contact time: 0.0036797523498535156
tot contact: 30
contact analysis time: 0.0004451274871826172
solving time: 0.9174990653991699 iter: 15
tot_time: 25.455568313598633
init time: 0.00021719932556152344
contact time: 0.003650665283203125
tot contact: 28
contact analysis time: 0.0004496574401855469
solving time: 0.8817336559295654 iter: 15
tot_time: 26.34647560119629
init time: 0.0002186298370361328
contact time: 0.003697633743286133
tot contact: 27
contact analysis time: 0.0004470348358154297
solving time: 0.8803989887237549 iter: 15
tot_time: 27.23608684539795
init time: 0.0002346038818359375
contact time: 0.0036559104919433594
tot contact: 35
contact analysis time: 0.00045680999755859375
solving time: 0.8990423679351807 iter: 15
tot_time: 28.14431095123291
init time: 0.0002732276916503906
contact time: 0.0037031173706054688
tot contact: 25
contact analysis time: 0.00047659873962402344
solving time: 0.931851863861084 iter: 15
tot_time: 29.085475206375122
init time: 0.00021386146545410156
contact time: 0.003839254379272461
tot contact: 26
contact analysis time: 0.0004811286926269531
solving time: 0.9100081920623779 iter: 15
tot_time: 30.004854917526245
init time: 0.0002818107604980469
contact time: 0.0039157867431640625
tot contact: 28
contact analysis time: 0.0005202293395996094
solving time: 0.9424216747283936 iter: 15
tot_time: 30.95687437057495
init time: 0.0002243518829345703
contact time: 0.00401616096496582
tot contact: 28
contact analysis time: 0.000446319580078125
solving time: 0.9523355960845947 iter: 15
tot_time: 31.918835639953613
init time: 0.00022268295288085938
contact time: 0.0040094852447509766
tot contact: 44
contact analysis time: 0.0004649162292480469
solving time: 0.9602096080780029 iter: 15
tot_time: 32.888521671295166
init time: 0.00022149085998535156
contact time: 0.0038826465606689453
tot contact: 30
contact analysis time: 0.00044655799865722656
solving time: 0.8776326179504395 iter: 15
tot_time: 33.775593519210815
init time: 0.0002262592315673828
contact time: 0.0038192272186279297
tot contact: 29
contact analysis time: 0.0004343986511230469
solving time: 0.9306607246398926 iter: 15
tot_time: 34.71554899215698
init time: 0.0003008842468261719
contact time: 0.003877878189086914
tot contact: 20
contact analysis time: 0.0004696846008300781
solving time: 0.9163205623626709 iter: 15
tot_time: 35.64146661758423
init time: 0.00023174285888671875
contact time: 0.0038225650787353516
tot contact: 21
contact analysis time: 0.000469207763671875
solving time: 0.9280366897583008 iter: 15
tot_time: 36.57904052734375
init time: 0.00028395652770996094
contact time: 0.0038771629333496094
tot contact: 18
contact analysis time: 0.0005857944488525391
solving time: 0.9179811477661133 iter: 15
tot_time: 37.50665855407715
init time: 0.00022459030151367188
contact time: 0.003921985626220703
tot contact: 18
contact analysis time: 0.00045871734619140625
solving time: 0.9262809753417969 iter: 15
tot_time: 38.442386627197266
init time: 0.0002231597900390625
contact time: 0.003896951675415039
tot contact: 15
contact analysis time: 0.00045108795166015625
solving time: 0.9352636337280273 iter: 15
tot_time: 39.387065410614014
init time: 0.00022792816162109375
contact time: 0.003935575485229492
tot contact: 23
contact analysis time: 0.00045871734619140625
solving time: 0.9435899257659912 iter: 15
tot_time: 40.34026837348938
init time: 0.00022077560424804688
contact time: 0.0037584304809570312
tot contact: 15
contact analysis time: 0.00044798851013183594
solving time: 0.9082767963409424 iter: 15
tot_time: 41.257826805114746
init time: 0.0003383159637451172
contact time: 0.0038175582885742188
tot contact: 20
contact analysis time: 0.00046634674072265625
solving time: 0.9541003704071045 iter: 15
tot_time: 42.22146272659302
init time: 0.0002269744873046875
contact time: 0.0037555694580078125
tot contact: 18
contact analysis time: 0.00046133995056152344
solving time: 0.952216625213623 iter: 15
tot_time: 43.183067321777344
tot_time: 43.183074712753296
total_reward: [-0.04620989212614203, -0.051045026778930795, -0.049063862245701424, -0.04555719427763499, -0.042305867104589605, -0.042046247478152304, -0.04164040828424509, -0.04109133113719108, -0.04043226725454258, -0.03959938750640834, -0.03876027473468915, -0.037969473580183634, -0.03717861840202258, -0.03635159403330129, -0.03553194466303139, -0.034727524800255705, -0.03370254409235803, -0.0328167401736682, -0.031804773181141444, -0.030827704501422616, -0.029826156080288192, -0.02895437376139311, -0.028081059106566185, -0.02691096212011135, -0.026093715482119095, -0.025263670045807766, -0.02462042917094174, -0.04503161315775485, -0.04438839836558041, -0.04362705812739668, -0.04279850639942392]
tot contact: 18
tot contact: 20
tot contact: 15
tot contact: 23
tot contact: 15
tot contact: 18
tot contact: 18
tot contact: 21
tot contact: 20
tot contact: 29
tot contact: 30
tot contact: 44
tot contact: 28
tot contact: 28
tot contact: 26
tot contact: 25
tot contact: 35
tot contact: 27
tot contact: 28
tot contact: 30
tot contact: 32
tot contact: 32
tot contact: 34
tot contact: 30
tot contact: 34
tot contact: 28
tot contact: 27
tot contact: 31
tot contact: 31
tot contact: 29
tot contact: 35
tot contact: 34
tot contact: 34
tot contact: 33
tot contact: 33
tot contact: 33
tot contact: 29
tot contact: 31
tot contact: 30
tot contact: 29
tot contact: 26
tot contact: 29
tot contact: 25
tot contact: 26
tot contact: 29
tot contact: 26
tot contact: 23
tot contact: 26
tot contact: 29
done grad
iter:  31
[I 10/02/26 14:45:05.526 13459] [swap_chain.cpp:dump_image_buffer@164] Dumping image buffer...
init time: 0.00025773048400878906
contact time: 0.0029137134552001953
tot contact: 29
contact analysis time: 0.00045037269592285156
solving time: 0.428617000579834 iter: 8
tot_time: 0.4676368236541748
init time: 0.0002193450927734375
contact time: 0.0031180381774902344
tot contact: 26
contact analysis time: 0.0004513263702392578
solving time: 0.5066220760345459 iter: 10
tot_time: 0.9828429222106934
init time: 0.0002124309539794922
contact time: 0.0032939910888671875
tot contact: 23
contact analysis time: 0.000431060791015625
solving time: 0.47656941413879395 iter: 9
tot_time: 1.4682135581970215
init time: 0.0002148151397705078
contact time: 0.0034682750701904297
tot contact: 26
contact analysis time: 0.0004792213439941406
solving time: 0.5597853660583496 iter: 11
tot_time: 2.036940336227417
init time: 0.0002167224884033203
contact time: 0.003513813018798828
tot contact: 29
contact analysis time: 0.0004487037658691406
solving time: 0.7789201736450195 iter: 14
tot_time: 2.8248236179351807
init time: 0.00028204917907714844
contact time: 0.0035665035247802734
tot contact: 26
contact analysis time: 0.0004367828369140625
solving time: 0.828629732131958 iter: 15
tot_time: 3.6627020835876465
init time: 0.0002346038818359375
contact time: 0.0034439563751220703
tot contact: 25
contact analysis time: 0.0004696846008300781
solving time: 0.7040157318115234 iter: 13
tot_time: 4.375745058059692
init time: 0.0002205371856689453
contact time: 0.0034651756286621094
tot contact: 29
contact analysis time: 0.0004432201385498047
solving time: 0.847175121307373 iter: 15
tot_time: 5.231858015060425
init time: 0.00022220611572265625
contact time: 0.0035164356231689453
tot contact: 26
contact analysis time: 0.0004439353942871094
solving time: 0.9249615669250488 iter: 15
tot_time: 6.165822744369507
init time: 0.0002231597900390625
contact time: 0.003519773483276367
tot contact: 29
contact analysis time: 0.0004525184631347656
solving time: 0.918104887008667 iter: 15
tot_time: 7.093047142028809
init time: 0.00021648406982421875
contact time: 0.003584146499633789
tot contact: 30
contact analysis time: 0.00044155120849609375
solving time: 0.9170651435852051 iter: 15
tot_time: 8.019163131713867
init time: 0.0002720355987548828
contact time: 0.003638029098510742
tot contact: 31
contact analysis time: 0.0004520416259765625
solving time: 0.9189267158508301 iter: 15
tot_time: 8.947372674942017
init time: 0.0003387928009033203
contact time: 0.003589153289794922
tot contact: 29
contact analysis time: 0.0005476474761962891
solving time: 0.9500751495361328 iter: 15
tot_time: 9.906993389129639
init time: 0.00021696090698242188
contact time: 0.0038008689880371094
tot contact: 33
contact analysis time: 0.0004546642303466797
solving time: 0.8648386001586914 iter: 14
tot_time: 10.781159162521362
init time: 0.0002455711364746094
contact time: 0.0038030147552490234
tot contact: 33
contact analysis time: 0.0005018711090087891
solving time: 0.9241149425506592 iter: 15
tot_time: 11.7146315574646
init time: 0.00022029876708984375
contact time: 0.0037331581115722656
tot contact: 33
contact analysis time: 0.00045108795166015625
solving time: 0.9194285869598389 iter: 15
tot_time: 12.643343687057495
init time: 0.00021529197692871094
contact time: 0.0037860870361328125
tot contact: 34
contact analysis time: 0.0004863739013671875
solving time: 0.9304604530334473 iter: 15
tot_time: 13.583186626434326
init time: 0.00021958351135253906
contact time: 0.0037665367126464844
tot contact: 34
contact analysis time: 0.0004589557647705078
solving time: 0.9380505084991455 iter: 15
tot_time: 14.53049087524414
init time: 0.00030517578125
contact time: 0.0036449432373046875
tot contact: 35
contact analysis time: 0.0005130767822265625
solving time: 0.9258124828338623 iter: 15
tot_time: 15.465780973434448
init time: 0.00024318695068359375
contact time: 0.003719806671142578
tot contact: 28
contact analysis time: 0.0004570484161376953
solving time: 0.6740946769714355 iter: 12
tot_time: 16.149057865142822
init time: 0.0002200603485107422
contact time: 0.0037348270416259766
tot contact: 31
contact analysis time: 0.00045299530029296875
solving time: 0.8111393451690674 iter: 13
tot_time: 16.969630241394043
init time: 0.00021576881408691406
contact time: 0.003782510757446289
tot contact: 31
contact analysis time: 0.00044536590576171875
solving time: 0.9393401145935059 iter: 15
tot_time: 17.918216228485107
init time: 0.00023055076599121094
contact time: 0.003711700439453125
tot contact: 28
contact analysis time: 0.0005252361297607422
solving time: 0.9321410655975342 iter: 15
tot_time: 18.859700679779053
init time: 0.0002231597900390625
contact time: 0.0036754608154296875
tot contact: 28
contact analysis time: 0.00045990943908691406
solving time: 0.9365139007568359 iter: 15
tot_time: 19.805397748947144
init time: 0.0002224445343017578
contact time: 0.003795623779296875
tot contact: 35
contact analysis time: 0.0004391670227050781
solving time: 0.9434289932250977 iter: 15
tot_time: 20.758111000061035
init time: 0.0002288818359375
contact time: 0.0038299560546875
tot contact: 30
contact analysis time: 0.00045108795166015625
solving time: 0.9354469776153564 iter: 15
tot_time: 21.70292592048645
init time: 0.0003399848937988281
contact time: 0.0037965774536132812
tot contact: 34
contact analysis time: 0.0004515647888183594
solving time: 0.9358563423156738 iter: 15
tot_time: 22.64814829826355
init time: 0.00028061866760253906
contact time: 0.0038678646087646484
tot contact: 32
contact analysis time: 0.0004482269287109375
solving time: 0.9260721206665039 iter: 15
tot_time: 23.583826303482056
init time: 0.00022554397583007812
contact time: 0.003626585006713867
tot contact: 32
contact analysis time: 0.0004642009735107422
solving time: 0.9269647598266602 iter: 15
tot_time: 24.519975662231445
init time: 0.0002963542938232422
contact time: 0.0035691261291503906
tot contact: 29
contact analysis time: 0.0005347728729248047
solving time: 0.912163257598877 iter: 15
tot_time: 25.441413402557373
init time: 0.00022292137145996094
contact time: 0.0035827159881591797
tot contact: 28
contact analysis time: 0.0004570484161376953
solving time: 0.8816084861755371 iter: 15
tot_time: 26.332077741622925
init time: 0.00023412704467773438
contact time: 0.0036041736602783203
tot contact: 27
contact analysis time: 0.00046563148498535156
solving time: 0.8787245750427246 iter: 15
tot_time: 27.21998953819275
init time: 0.00022125244140625
contact time: 0.0037522315979003906
tot contact: 33
contact analysis time: 0.0004353523254394531
solving time: 0.9053294658660889 iter: 15
tot_time: 28.134544372558594
init time: 0.0002231597900390625
contact time: 0.0036759376525878906
tot contact: 25
contact analysis time: 0.0004405975341796875
solving time: 0.9309341907501221 iter: 15
tot_time: 29.07457160949707
init time: 0.0002875328063964844
contact time: 0.0038878917694091797
tot contact: 26
contact analysis time: 0.0004439353942871094
solving time: 0.9090685844421387 iter: 15
tot_time: 29.993104457855225
init time: 0.0002493858337402344
contact time: 0.003939390182495117
tot contact: 28
contact analysis time: 0.0004467964172363281
solving time: 0.9361288547515869 iter: 15
tot_time: 30.938695907592773
init time: 0.0002932548522949219
contact time: 0.0039827823638916016
tot contact: 27
contact analysis time: 0.0005145072937011719
solving time: 0.9450399875640869 iter: 15
tot_time: 31.893402576446533
init time: 0.00022912025451660156
contact time: 0.004024028778076172
tot contact: 45
contact analysis time: 0.0004620552062988281
solving time: 0.955272912979126 iter: 15
tot_time: 32.85833263397217
init time: 0.00021958351135253906
contact time: 0.0037937164306640625
tot contact: 30
contact analysis time: 0.0004467964172363281
solving time: 0.8725287914276123 iter: 15
tot_time: 33.74018335342407
init time: 0.00022029876708984375
contact time: 0.0038878917694091797
tot contact: 28
contact analysis time: 0.0004413127899169922
solving time: 0.9289789199829102 iter: 15
tot_time: 34.678603649139404
init time: 0.0002288818359375
contact time: 0.003905057907104492
tot contact: 20
contact analysis time: 0.00046372413635253906
solving time: 0.9265503883361816 iter: 15
tot_time: 35.614564180374146
init time: 0.0002808570861816406
contact time: 0.003862619400024414
tot contact: 20
contact analysis time: 0.0004467964172363281
solving time: 0.9227778911590576 iter: 15
tot_time: 36.54685878753662
init time: 0.0002219676971435547
contact time: 0.0038797855377197266
tot contact: 17
contact analysis time: 0.0004773139953613281
solving time: 0.9159755706787109 iter: 15
tot_time: 37.47238039970398
init time: 0.000274658203125
contact time: 0.003846406936645508
tot contact: 20
contact analysis time: 0.0005044937133789062
solving time: 0.9172384738922119 iter: 15
tot_time: 38.399120807647705
init time: 0.00022602081298828125
contact time: 0.003957271575927734
tot contact: 15
contact analysis time: 0.0004508495330810547
solving time: 0.9425048828125 iter: 15
tot_time: 39.351192235946655
init time: 0.00022220611572265625
contact time: 0.003934383392333984
tot contact: 24
contact analysis time: 0.00043845176696777344
solving time: 0.939769983291626 iter: 15
tot_time: 40.30042743682861
init time: 0.0002186298370361328
contact time: 0.0038650035858154297
tot contact: 16
contact analysis time: 0.00045561790466308594
solving time: 0.9264328479766846 iter: 15
tot_time: 41.23630976676941
init time: 0.0002224445343017578
contact time: 0.003754854202270508
tot contact: 19
contact analysis time: 0.0004534721374511719
solving time: 0.9315245151519775 iter: 15
tot_time: 42.177133321762085
init time: 0.0002753734588623047
contact time: 0.003773927688598633
tot contact: 18
contact analysis time: 0.0004506111145019531
solving time: 0.9204821586608887 iter: 15
tot_time: 43.1069233417511
tot_time: 43.10693073272705
total_reward: [-0.04620989212614203, -0.051045026778930795, -0.049063862245701424, -0.04555719427763499, -0.042305867104589605, -0.042046247478152304, -0.04164040828424509, -0.04109133113719108, -0.04043226725454258, -0.03959938750640834, -0.03876027473468915, -0.037969473580183634, -0.03717861840202258, -0.03635159403330129, -0.03553194466303139, -0.034727524800255705, -0.03370254409235803, -0.0328167401736682, -0.031804773181141444, -0.030827704501422616, -0.029826156080288192, -0.02895437376139311, -0.028081059106566185, -0.02691096212011135, -0.026093715482119095, -0.025263670045807766, -0.02462042917094174, -0.04503161315775485, -0.04438839836558041, -0.04362705812739668, -0.04279850639942392, -0.0419958144868547]
tot contact: 18
tot contact: 19
tot contact: 16
tot contact: 24
tot contact: 15
tot contact: 20
tot contact: 17
tot contact: 20
tot contact: 20
tot contact: 28
tot contact: 30
tot contact: 45
tot contact: 27
tot contact: 28
tot contact: 26
tot contact: 25
tot contact: 33
tot contact: 27
tot contact: 28
tot contact: 29
tot contact: 32
tot contact: 32
tot contact: 34
tot contact: 30
tot contact: 35
tot contact: 28
tot contact: 28
tot contact: 31
tot contact: 31
tot contact: 28
tot contact: 35
tot contact: 34
tot contact: 34
tot contact: 33
tot contact: 33
tot contact: 33
tot contact: 29
tot contact: 31
tot contact: 30
tot contact: 29
tot contact: 26
tot contact: 29
tot contact: 25
tot contact: 26
tot contact: 29
tot contact: 26
tot contact: 23
tot contact: 26
tot contact: 29
done grad
iter:  32
[I 10/02/26 14:45:51.787 13459] [swap_chain.cpp:dump_image_buffer@164] Dumping image buffer...
init time: 0.00022673606872558594
contact time: 0.0029282569885253906
tot contact: 29
contact analysis time: 0.0004448890686035156
solving time: 0.4707624912261963 iter: 9
tot_time: 0.5096700191497803
init time: 0.0002205371856689453
contact time: 0.0031270980834960938
tot contact: 26
contact analysis time: 0.0004968643188476562
solving time: 0.459789514541626 iter: 9
tot_time: 0.9780433177947998
init time: 0.00026869773864746094
contact time: 0.003182649612426758
tot contact: 23
contact analysis time: 0.0005218982696533203
solving time: 0.4570310115814209 iter: 9
tot_time: 1.4437892436981201
init time: 0.0002105236053466797
contact time: 0.0035321712493896484
tot contact: 26
contact analysis time: 0.0004429817199707031
solving time: 0.5580778121948242 iter: 11
tot_time: 2.010826349258423
init time: 0.00023651123046875
contact time: 0.003593921661376953
tot contact: 29
contact analysis time: 0.00046372413635253906
solving time: 0.7777869701385498 iter: 14
tot_time: 2.7978134155273438
init time: 0.0002727508544921875
contact time: 0.003434896469116211
tot contact: 25
contact analysis time: 0.0005109310150146484
solving time: 0.8245165348052979 iter: 15
tot_time: 3.6314444541931152
init time: 0.00024080276489257812
contact time: 0.0035953521728515625
tot contact: 25
contact analysis time: 0.00046896934509277344
solving time: 0.8227288722991943 iter: 15
tot_time: 4.46345329284668
init time: 0.0002646446228027344
contact time: 0.003465890884399414
tot contact: 29
contact analysis time: 0.0004355907440185547
solving time: 0.848491907119751 iter: 15
tot_time: 5.320927858352661
init time: 0.0002741813659667969
contact time: 0.0034656524658203125
tot contact: 27
contact analysis time: 0.0004985332489013672
solving time: 0.9204401969909668 iter: 15
tot_time: 6.250452995300293
init time: 0.0002579689025878906
contact time: 0.003563404083251953
tot contact: 29
contact analysis time: 0.0004401206970214844
solving time: 0.9204730987548828 iter: 15
tot_time: 7.1800971031188965
init time: 0.0002238750457763672
contact time: 0.0036177635192871094
tot contact: 31
contact analysis time: 0.0004458427429199219
solving time: 0.9087145328521729 iter: 15
tot_time: 8.097892045974731
init time: 0.00022411346435546875
contact time: 0.0035970211029052734
tot contact: 31
contact analysis time: 0.00044655799865722656
solving time: 0.919757604598999 iter: 15
tot_time: 9.026793479919434
init time: 0.0002422332763671875
contact time: 0.0036187171936035156
tot contact: 29
contact analysis time: 0.0004620552062988281
solving time: 0.9439225196838379 iter: 15
tot_time: 9.979901552200317
init time: 0.0002186298370361328
contact time: 0.0038368701934814453
tot contact: 34
contact analysis time: 0.000499725341796875
solving time: 0.8660800457000732 iter: 14
tot_time: 10.855284214019775
init time: 0.00021386146545410156
contact time: 0.003810882568359375
tot contact: 33
contact analysis time: 0.00042891502380371094
solving time: 0.9227285385131836 iter: 15
tot_time: 11.787395715713501
init time: 0.0002281665802001953
contact time: 0.003655672073364258
tot contact: 33
contact analysis time: 0.000438690185546875
solving time: 0.9394471645355225 iter: 15
tot_time: 12.736051797866821
init time: 0.00021839141845703125
contact time: 0.0037271976470947266
tot contact: 34
contact analysis time: 0.0004572868347167969
solving time: 0.9278943538665771 iter: 15
tot_time: 13.673136949539185
init time: 0.00022077560424804688
contact time: 0.003728151321411133
tot contact: 34
contact analysis time: 0.0004487037658691406
solving time: 0.9385731220245361 iter: 15
tot_time: 14.620927810668945
init time: 0.00022983551025390625
contact time: 0.0037424564361572266
tot contact: 35
contact analysis time: 0.0004544258117675781
solving time: 0.9352867603302002 iter: 15
tot_time: 15.56552767753601
init time: 0.00027060508728027344
contact time: 0.003708362579345703
tot contact: 27
contact analysis time: 0.00042438507080078125
solving time: 0.6962380409240723 iter: 12
tot_time: 16.271007299423218
init time: 0.00032067298889160156
contact time: 0.0037300586700439453
tot contact: 31
contact analysis time: 0.000431060791015625
solving time: 0.7591831684112549 iter: 12
tot_time: 17.03948402404785
init time: 0.00030994415283203125
contact time: 0.003678560256958008
tot contact: 31
contact analysis time: 0.00042700767517089844
solving time: 0.9509484767913818 iter: 15
tot_time: 17.99980115890503
init time: 0.0002570152282714844
contact time: 0.0036840438842773438
tot contact: 28
contact analysis time: 0.0004467964172363281
solving time: 0.8183667659759521 iter: 13
tot_time: 18.827322721481323
init time: 0.00022602081298828125
contact time: 0.003702878952026367
tot contact: 28
contact analysis time: 0.0004329681396484375
solving time: 0.9451537132263184 iter: 15
tot_time: 19.781683206558228
init time: 0.00022721290588378906
contact time: 0.0038437843322753906
tot contact: 35
contact analysis time: 0.0004584789276123047
solving time: 0.8789613246917725 iter: 14
tot_time: 20.67005181312561
init time: 0.00021982192993164062
contact time: 0.003787517547607422
tot contact: 30
contact analysis time: 0.0004532337188720703
solving time: 0.928065299987793 iter: 15
tot_time: 21.607442617416382
init time: 0.00021505355834960938
contact time: 0.0037665367126464844
tot contact: 34
contact analysis time: 0.00047135353088378906
solving time: 0.9347658157348633 iter: 15
tot_time: 22.55147409439087
init time: 0.00022339820861816406
contact time: 0.0037848949432373047
tot contact: 32
contact analysis time: 0.0004680156707763672
solving time: 0.93766188621521 iter: 15
tot_time: 23.49854063987732
init time: 0.0002601146697998047
contact time: 0.0036468505859375
tot contact: 32
contact analysis time: 0.0004553794860839844
solving time: 0.9311723709106445 iter: 15
tot_time: 24.438929557800293
init time: 0.00028705596923828125
contact time: 0.003635406494140625
tot contact: 28
contact analysis time: 0.00045752525329589844
solving time: 0.9136443138122559 iter: 15
tot_time: 25.36186408996582
init time: 0.000225067138671875
contact time: 0.0035457611083984375
tot contact: 28
contact analysis time: 0.00048661231994628906
solving time: 0.8789768218994141 iter: 15
tot_time: 26.249812126159668
init time: 0.00027298927307128906
contact time: 0.0036246776580810547
tot contact: 29
contact analysis time: 0.0005013942718505859
solving time: 0.8841204643249512 iter: 15
tot_time: 27.143122673034668
init time: 0.0002536773681640625
contact time: 0.0037469863891601562
tot contact: 32
contact analysis time: 0.0004417896270751953
solving time: 0.9045031070709229 iter: 15
tot_time: 28.056920528411865
init time: 0.00025844573974609375
contact time: 0.0036852359771728516
tot contact: 25
contact analysis time: 0.000453948974609375
solving time: 0.928077220916748 iter: 15
tot_time: 28.994263887405396
init time: 0.00022602081298828125
contact time: 0.0038983821868896484
tot contact: 25
contact analysis time: 0.0004756450653076172
solving time: 0.9220027923583984 iter: 15
tot_time: 29.925750732421875
init time: 0.00022077560424804688
contact time: 0.0038712024688720703
tot contact: 29
contact analysis time: 0.00044727325439453125
solving time: 0.945420503616333 iter: 15
tot_time: 30.880579710006714
init time: 0.0002987384796142578
contact time: 0.004060983657836914
tot contact: 29
contact analysis time: 0.0004773139953613281
solving time: 0.9502396583557129 iter: 15
tot_time: 31.840551614761353
init time: 0.000217437744140625
contact time: 0.0038909912109375
tot contact: 45
contact analysis time: 0.00045943260192871094
solving time: 0.9461867809295654 iter: 15
tot_time: 32.79603362083435
init time: 0.00027441978454589844
contact time: 0.003726482391357422
tot contact: 30
contact analysis time: 0.0005118846893310547
solving time: 0.888908863067627 iter: 15
tot_time: 33.69421052932739
init time: 0.00023293495178222656
contact time: 0.0038568973541259766
tot contact: 28
contact analysis time: 0.00043654441833496094
solving time: 0.9254872798919678 iter: 15
tot_time: 34.62922239303589
init time: 0.00021767616271972656
contact time: 0.003920793533325195
tot contact: 22
contact analysis time: 0.0004646778106689453
solving time: 0.935615062713623 iter: 15
tot_time: 35.574286460876465
init time: 0.00023102760314941406
contact time: 0.003903627395629883
tot contact: 21
contact analysis time: 0.0004799365997314453
solving time: 0.9255478382110596 iter: 15
tot_time: 36.50938415527344
init time: 0.00022101402282714844
contact time: 0.0038900375366210938
tot contact: 17
contact analysis time: 0.000446319580078125
solving time: 0.9298827648162842 iter: 15
tot_time: 37.44864511489868
init time: 0.000278472900390625
contact time: 0.0039196014404296875
tot contact: 18
contact analysis time: 0.0004417896270751953
solving time: 0.9263148307800293 iter: 15
tot_time: 38.38442873954773
init time: 0.0002262592315673828
contact time: 0.0038051605224609375
tot contact: 15
contact analysis time: 0.00044798851013183594
solving time: 0.9280633926391602 iter: 15
tot_time: 39.321951389312744
init time: 0.0002741813659667969
contact time: 0.0038933753967285156
tot contact: 23
contact analysis time: 0.0005197525024414062
solving time: 0.9350981712341309 iter: 15
tot_time: 40.26653718948364
init time: 0.0002281665802001953
contact time: 0.003856182098388672
tot contact: 14
contact analysis time: 0.00043320655822753906
solving time: 0.9245684146881104 iter: 15
tot_time: 41.20049071311951
init time: 0.0002243518829345703
contact time: 0.0038492679595947266
tot contact: 19
contact analysis time: 0.00045418739318847656
solving time: 0.9396824836730957 iter: 15
tot_time: 42.14951777458191
init time: 0.0002605915069580078
contact time: 0.0038492679595947266
tot contact: 18
contact analysis time: 0.0004448890686035156
solving time: 0.9382200241088867 iter: 15
tot_time: 43.0972318649292
tot_time: 43.09723877906799
total_reward: [-0.04620989212614203, -0.051045026778930795, -0.049063862245701424, -0.04555719427763499, -0.042305867104589605, -0.042046247478152304, -0.04164040828424509, -0.04109133113719108, -0.04043226725454258, -0.03959938750640834, -0.03876027473468915, -0.037969473580183634, -0.03717861840202258, -0.03635159403330129, -0.03553194466303139, -0.034727524800255705, -0.03370254409235803, -0.0328167401736682, -0.031804773181141444, -0.030827704501422616, -0.029826156080288192, -0.02895437376139311, -0.028081059106566185, -0.02691096212011135, -0.026093715482119095, -0.025263670045807766, -0.02462042917094174, -0.04503161315775485, -0.04438839836558041, -0.04362705812739668, -0.04279850639942392, -0.0419958144868547, -0.04194235801700858]
tot contact: 18
tot contact: 19
tot contact: 14
tot contact: 23
tot contact: 15
tot contact: 18
tot contact: 17
tot contact: 21
tot contact: 22
tot contact: 28
tot contact: 30
tot contact: 45
tot contact: 29
tot contact: 29
tot contact: 25
tot contact: 25
tot contact: 32
tot contact: 29
tot contact: 28
tot contact: 28
tot contact: 32
tot contact: 32
tot contact: 34
tot contact: 30
tot contact: 35
tot contact: 28
tot contact: 28
tot contact: 31
tot contact: 31
tot contact: 27
tot contact: 35
tot contact: 34
tot contact: 34
tot contact: 33
tot contact: 33
tot contact: 34
tot contact: 29
tot contact: 31
tot contact: 31
tot contact: 29
tot contact: 27
tot contact: 29
tot contact: 25
tot contact: 25
tot contact: 29
tot contact: 26
tot contact: 23
tot contact: 26
tot contact: 29
done grad
iter:  33
[I 10/02/26 14:46:38.036 13459] [swap_chain.cpp:dump_image_buffer@164] Dumping image buffer...
init time: 0.0002243518829345703
contact time: 0.0028409957885742188
tot contact: 29
contact analysis time: 0.0004470348358154297
solving time: 0.4355919361114502 iter: 8
tot_time: 0.4740176200866699
init time: 0.00024008750915527344
contact time: 0.0031096935272216797
tot contact: 26
contact analysis time: 0.00043964385986328125
solving time: 0.4604458808898926 iter: 9
tot_time: 0.9430069923400879
init time: 0.0002918243408203125
contact time: 0.003232717514038086
tot contact: 23
contact analysis time: 0.0005202293395996094
solving time: 0.4525587558746338 iter: 9
tot_time: 1.404430866241455
init time: 0.0002238750457763672
contact time: 0.003484487533569336
tot contact: 26
contact analysis time: 0.00047278404235839844
solving time: 0.5721876621246338 iter: 11
tot_time: 1.9855687618255615
init time: 0.0003218650817871094
contact time: 0.0035300254821777344
tot contact: 29
contact analysis time: 0.0004951953887939453
solving time: 0.7777450084686279 iter: 14
tot_time: 2.772498607635498
init time: 0.00021696090698242188
contact time: 0.0034554004669189453
tot contact: 25
contact analysis time: 0.00045990943908691406
solving time: 0.8254809379577637 iter: 15
tot_time: 3.6068782806396484
init time: 0.000274658203125
contact time: 0.0034897327423095703
tot contact: 25
contact analysis time: 0.0005066394805908203
solving time: 0.7488846778869629 iter: 14
tot_time: 4.364836931228638
init time: 0.00021839141845703125
contact time: 0.003443002700805664
tot contact: 29
contact analysis time: 0.00046133995056152344
solving time: 0.8468749523162842 iter: 15
tot_time: 5.220650672912598
init time: 0.0002715587615966797
contact time: 0.003489971160888672
tot contact: 27
contact analysis time: 0.0004410743713378906
solving time: 0.9240202903747559 iter: 15
tot_time: 6.153684616088867
init time: 0.00021767616271972656
contact time: 0.003510713577270508
tot contact: 29
contact analysis time: 0.0004487037658691406
solving time: 0.9279887676239014 iter: 15
tot_time: 7.090607643127441
init time: 0.0002732276916503906
contact time: 0.0035247802734375
tot contact: 31
contact analysis time: 0.0004930496215820312
solving time: 0.9116532802581787 iter: 15
tot_time: 8.011323928833008
init time: 0.00023031234741210938
contact time: 0.0036325454711914062
tot contact: 31
contact analysis time: 0.00047850608825683594
solving time: 0.9196841716766357 iter: 15
tot_time: 8.940402269363403
init time: 0.00021791458129882812
contact time: 0.0035276412963867188
tot contact: 29
contact analysis time: 0.0004324913024902344
solving time: 0.8681895732879639 iter: 14
tot_time: 9.81760025024414
init time: 0.00027441978454589844
contact time: 0.0037331581115722656
tot contact: 33
contact analysis time: 0.0004336833953857422
solving time: 0.8695075511932373 iter: 14
tot_time: 10.696330547332764
init time: 0.0002243518829345703
contact time: 0.003800630569458008
tot contact: 33
contact analysis time: 0.0004410743713378906
solving time: 0.9346837997436523 iter: 15
tot_time: 11.640488862991333
init time: 0.00023031234741210938
contact time: 0.0037124156951904297
tot contact: 34
contact analysis time: 0.0005066394805908203
solving time: 0.9360311031341553 iter: 15
tot_time: 12.585916996002197
init time: 0.0002415180206298828
contact time: 0.0038034915924072266
tot contact: 35
contact analysis time: 0.00045752525329589844
solving time: 0.927269458770752 iter: 15
tot_time: 13.522566556930542
init time: 0.00028133392333984375
contact time: 0.003676891326904297
tot contact: 33
contact analysis time: 0.0005049705505371094
solving time: 0.9369118213653564 iter: 15
tot_time: 14.468815565109253
init time: 0.00022339820861816406
contact time: 0.003791332244873047
tot contact: 35
contact analysis time: 0.00043392181396484375
solving time: 0.9509258270263672 iter: 15
tot_time: 15.429164409637451
init time: 0.0002231597900390625
contact time: 0.0036699771881103516
tot contact: 27
contact analysis time: 0.0004429817199707031
solving time: 0.7002038955688477 iter: 12
tot_time: 16.138383865356445
init time: 0.00022077560424804688
contact time: 0.0037429332733154297
tot contact: 31
contact analysis time: 0.0004801750183105469
solving time: 0.7496991157531738 iter: 12
tot_time: 16.897303581237793
init time: 0.00021886825561523438
contact time: 0.0037755966186523438
tot contact: 31
contact analysis time: 0.0004394054412841797
solving time: 0.9373824596405029 iter: 15
tot_time: 17.84394598007202
init time: 0.0002465248107910156
contact time: 0.0036923885345458984
tot contact: 29
contact analysis time: 0.00044417381286621094
solving time: 0.9274859428405762 iter: 15
tot_time: 18.7807195186615
init time: 0.00023412704467773438
contact time: 0.0036606788635253906
tot contact: 28
contact analysis time: 0.0004482269287109375
solving time: 0.9374382495880127 iter: 15
tot_time: 19.727322101593018
init time: 0.00028777122497558594
contact time: 0.003841876983642578
tot contact: 35
contact analysis time: 0.0004532337188720703
solving time: 0.8791670799255371 iter: 14
tot_time: 20.615951776504517
init time: 0.0002689361572265625
contact time: 0.0037124156951904297
tot contact: 30
contact analysis time: 0.00044035911560058594
solving time: 0.925804853439331 iter: 15
tot_time: 21.55105948448181
init time: 0.00022172927856445312
contact time: 0.0037899017333984375
tot contact: 34
contact analysis time: 0.00046324729919433594
solving time: 0.9291093349456787 iter: 15
tot_time: 22.489466905593872
init time: 0.0002949237823486328
contact time: 0.0037360191345214844
tot contact: 32
contact analysis time: 0.0005042552947998047
solving time: 0.9256110191345215 iter: 15
tot_time: 23.42451786994934
init time: 0.00022339820861816406
contact time: 0.0036728382110595703
tot contact: 32
contact analysis time: 0.0004563331604003906
solving time: 0.9298233985900879 iter: 15
tot_time: 24.36348032951355
init time: 0.00027680397033691406
contact time: 0.003545522689819336
tot contact: 28
contact analysis time: 0.0005021095275878906
solving time: 0.9127023220062256 iter: 15
tot_time: 25.28528594970703
init time: 0.0002353191375732422
contact time: 0.0035982131958007812
tot contact: 28
contact analysis time: 0.00045561790466308594
solving time: 0.8774065971374512 iter: 15
tot_time: 26.17192316055298
init time: 0.00025773048400878906
contact time: 0.0036826133728027344
tot contact: 29
contact analysis time: 0.0005028247833251953
solving time: 0.8783979415893555 iter: 15
tot_time: 27.059776306152344
init time: 0.000263214111328125
contact time: 0.0038175582885742188
tot contact: 31
contact analysis time: 0.0004856586456298828
solving time: 0.9091572761535645 iter: 15
tot_time: 27.978785753250122
init time: 0.00022268295288085938
contact time: 0.0037140846252441406
tot contact: 25
contact analysis time: 0.00046133995056152344
solving time: 0.9334676265716553 iter: 15
tot_time: 28.921507358551025
init time: 0.0002701282501220703
contact time: 0.003870725631713867
tot contact: 27
contact analysis time: 0.00044655799865722656
solving time: 0.9236648082733154 iter: 15
tot_time: 29.854593515396118
init time: 0.00021886825561523438
contact time: 0.00392913818359375
tot contact: 29
contact analysis time: 0.00045037269592285156
solving time: 0.9469594955444336 iter: 15
tot_time: 30.8109610080719
init time: 0.0002853870391845703
contact time: 0.003911018371582031
tot contact: 29
contact analysis time: 0.0005276203155517578
solving time: 0.9535503387451172 iter: 15
tot_time: 31.77413845062256
init time: 0.00022864341735839844
contact time: 0.0038869380950927734
tot contact: 44
contact analysis time: 0.00045490264892578125
solving time: 0.9622132778167725 iter: 15
tot_time: 32.74576997756958
init time: 0.0002200603485107422
contact time: 0.0038607120513916016
tot contact: 30
contact analysis time: 0.0004363059997558594
solving time: 0.8826851844787598 iter: 15
tot_time: 33.637734174728394
init time: 0.00021767616271972656
contact time: 0.003916740417480469
tot contact: 28
contact analysis time: 0.00047898292541503906
solving time: 0.9371535778045654 iter: 15
tot_time: 34.58444929122925
init time: 0.00025844573974609375
contact time: 0.00388336181640625
tot contact: 22
contact analysis time: 0.0004413127899169922
solving time: 0.9452376365661621 iter: 15
tot_time: 35.53924584388733
init time: 0.00029087066650390625
contact time: 0.0040531158447265625
tot contact: 21
contact analysis time: 0.0004513263702392578
solving time: 0.928961992263794 iter: 15
tot_time: 36.47802114486694
init time: 0.00024271011352539062
contact time: 0.003865957260131836
tot contact: 17
contact analysis time: 0.0004563331604003906
solving time: 0.9276368618011475 iter: 15
tot_time: 37.41506910324097
init time: 0.0002923011779785156
contact time: 0.0038526058197021484
tot contact: 18
contact analysis time: 0.0005071163177490234
solving time: 0.9150521755218506 iter: 15
tot_time: 38.3395779132843
init time: 0.00021719932556152344
contact time: 0.003940105438232422
tot contact: 15
contact analysis time: 0.00043845176696777344
solving time: 0.9303255081176758 iter: 15
tot_time: 39.27936625480652
init time: 0.0002269744873046875
contact time: 0.003911733627319336
tot contact: 22
contact analysis time: 0.0004956722259521484
solving time: 0.9216399192810059 iter: 15
tot_time: 40.21043562889099
init time: 0.00022912025451660156
contact time: 0.00396275520324707
tot contact: 15
contact analysis time: 0.0004439353942871094
solving time: 0.9235949516296387 iter: 15
tot_time: 41.1435649394989
init time: 0.0002181529998779297
contact time: 0.0037834644317626953
tot contact: 19
contact analysis time: 0.0004343986511230469
solving time: 0.9330692291259766 iter: 15
tot_time: 42.085827112197876
init time: 0.00027489662170410156
contact time: 0.0038290023803710938
tot contact: 18
contact analysis time: 0.0004792213439941406
solving time: 0.9361224174499512 iter: 15
tot_time: 43.031535148620605
tot_time: 43.03154277801514
total_reward: [-0.04620989212614203, -0.051045026778930795, -0.049063862245701424, -0.04555719427763499, -0.042305867104589605, -0.042046247478152304, -0.04164040828424509, -0.04109133113719108, -0.04043226725454258, -0.03959938750640834, -0.03876027473468915, -0.037969473580183634, -0.03717861840202258, -0.03635159403330129, -0.03553194466303139, -0.034727524800255705, -0.03370254409235803, -0.0328167401736682, -0.031804773181141444, -0.030827704501422616, -0.029826156080288192, -0.02895437376139311, -0.028081059106566185, -0.02691096212011135, -0.026093715482119095, -0.025263670045807766, -0.02462042917094174, -0.04503161315775485, -0.04438839836558041, -0.04362705812739668, -0.04279850639942392, -0.0419958144868547, -0.04194235801700858, -0.04135436776942566]
tot contact: 18
tot contact: 19
tot contact: 15
tot contact: 22
tot contact: 15
tot contact: 18
tot contact: 17
tot contact: 21
tot contact: 22
tot contact: 28
tot contact: 30
tot contact: 44
tot contact: 29
tot contact: 29
tot contact: 27
tot contact: 25
tot contact: 31
tot contact: 29
tot contact: 28
tot contact: 28
tot contact: 32
tot contact: 32
tot contact: 34
tot contact: 30
tot contact: 35
tot contact: 28
tot contact: 29
tot contact: 31
tot contact: 31
tot contact: 27
tot contact: 35
tot contact: 33
tot contact: 35
tot contact: 34
tot contact: 33
tot contact: 33
tot contact: 29
tot contact: 31
tot contact: 31
tot contact: 29
tot contact: 27
tot contact: 29
tot contact: 25
tot contact: 25
tot contact: 29
tot contact: 26
tot contact: 23
tot contact: 26
tot contact: 29
done grad
iter:  34
[I 10/02/26 14:47:24.217 13459] [swap_chain.cpp:dump_image_buffer@164] Dumping image buffer...
init time: 0.00022840499877929688
contact time: 0.0028846263885498047
tot contact: 29
contact analysis time: 0.0005121231079101562
solving time: 0.4121866226196289 iter: 8
tot_time: 0.45096778869628906
init time: 0.00022721290588378906
contact time: 0.003110170364379883
tot contact: 26
contact analysis time: 0.0004582405090332031
solving time: 0.45504117012023926 iter: 9
tot_time: 0.9147813320159912
init time: 0.0002384185791015625
contact time: 0.003246784210205078
tot contact: 23
contact analysis time: 0.000453948974609375
solving time: 0.453662633895874 iter: 9
tot_time: 1.3770928382873535
init time: 0.0003135204315185547
contact time: 0.0035805702209472656
tot contact: 26
contact analysis time: 0.00047278404235839844
solving time: 0.5675754547119141 iter: 11
tot_time: 1.9538521766662598
init time: 0.0002162456512451172
contact time: 0.003584623336791992
tot contact: 29
contact analysis time: 0.00045990943908691406
solving time: 0.7883503437042236 iter: 14
tot_time: 2.7512710094451904
init time: 0.00022292137145996094
contact time: 0.0034983158111572266
tot contact: 25
contact analysis time: 0.0004634857177734375
solving time: 0.8230462074279785 iter: 15
tot_time: 3.5834336280822754
init time: 0.00022935867309570312
contact time: 0.0034303665161132812
tot contact: 25
contact analysis time: 0.00044846534729003906
solving time: 0.7441041469573975 iter: 14
tot_time: 4.336659908294678
init time: 0.0002682209014892578
contact time: 0.003520488739013672
tot contact: 29
contact analysis time: 0.00045871734619140625
solving time: 0.8452072143554688 iter: 15
tot_time: 5.190962791442871
init time: 0.00022459030151367188
contact time: 0.00348663330078125
tot contact: 28
contact analysis time: 0.0004487037658691406
solving time: 0.9246230125427246 iter: 15
tot_time: 6.124497413635254
init time: 0.0003008842468261719
contact time: 0.0035271644592285156
tot contact: 29
contact analysis time: 0.0005195140838623047
solving time: 0.9209790229797363 iter: 15
tot_time: 7.054769515991211
init time: 0.0002682209014892578
contact time: 0.003643035888671875
tot contact: 31
contact analysis time: 0.0004582405090332031
solving time: 0.9118814468383789 iter: 15
tot_time: 7.975953817367554
init time: 0.0002300739288330078
contact time: 0.003647327423095703
tot contact: 30
contact analysis time: 0.0004832744598388672
solving time: 0.910933256149292 iter: 15
tot_time: 8.896109342575073
init time: 0.00022792816162109375
contact time: 0.0036554336547851562
tot contact: 26
contact analysis time: 0.0004448890686035156
solving time: 0.9281108379364014 iter: 15
tot_time: 9.833351373672485
init time: 0.00021719932556152344
contact time: 0.0037009716033935547
tot contact: 32
contact analysis time: 0.00046324729919433594
solving time: 0.9263296127319336 iter: 15
tot_time: 10.768811464309692
init time: 0.00026988983154296875
contact time: 0.0037980079650878906
tot contact: 30
contact analysis time: 0.00042510032653808594
solving time: 0.9205663204193115 iter: 15
tot_time: 11.698715925216675
init time: 0.00024509429931640625
contact time: 0.0037903785705566406
tot contact: 30
contact analysis time: 0.0004899501800537109
solving time: 0.9220714569091797 iter: 15
tot_time: 12.630462884902954
init time: 0.0002741813659667969
contact time: 0.0037293434143066406
tot contact: 32
contact analysis time: 0.0005090236663818359
solving time: 0.931678056716919 iter: 15
tot_time: 13.571671962738037
init time: 0.0002281665802001953
contact time: 0.003744363784790039
tot contact: 33
contact analysis time: 0.0004451274871826172
solving time: 0.9246721267700195 iter: 15
tot_time: 14.505622148513794
init time: 0.00021791458129882812
contact time: 0.003793478012084961
tot contact: 34
contact analysis time: 0.0004451274871826172
solving time: 0.9245941638946533 iter: 15
tot_time: 15.439437866210938
init time: 0.00021457672119140625
contact time: 0.003742694854736328
tot contact: 28
contact analysis time: 0.0004992485046386719
solving time: 0.9368646144866943 iter: 15
tot_time: 16.385615587234497
init time: 0.00027561187744140625
contact time: 0.003826618194580078
tot contact: 34
contact analysis time: 0.0004627704620361328
solving time: 0.948122501373291 iter: 15
tot_time: 17.34312415122986
init time: 0.00027561187744140625
contact time: 0.0038595199584960938
tot contact: 35
contact analysis time: 0.0004680156707763672
solving time: 0.9345967769622803 iter: 15
tot_time: 18.287254571914673
init time: 0.0002181529998779297
contact time: 0.0037779808044433594
tot contact: 33
contact analysis time: 0.00045990943908691406
solving time: 0.9462897777557373 iter: 15
tot_time: 19.242835760116577
init time: 0.00028228759765625
contact time: 0.003826141357421875
tot contact: 32
contact analysis time: 0.0005178451538085938
solving time: 0.9425437450408936 iter: 15
tot_time: 20.195042848587036
init time: 0.0002684593200683594
contact time: 0.003868579864501953
tot contact: 38
contact analysis time: 0.0004756450653076172
solving time: 0.9397392272949219 iter: 15
tot_time: 21.144262313842773
init time: 0.00026917457580566406
contact time: 0.0037755966186523438
tot contact: 34
contact analysis time: 0.0005004405975341797
solving time: 0.9268715381622314 iter: 15
tot_time: 22.080503940582275
init time: 0.0002167224884033203
contact time: 0.003831624984741211
tot contact: 35
contact analysis time: 0.0004584789276123047
solving time: 0.9317693710327148 iter: 15
tot_time: 23.021597862243652
init time: 0.00021600723266601562
contact time: 0.0038187503814697266
tot contact: 40
contact analysis time: 0.0004589557647705078
solving time: 0.9412946701049805 iter: 15
tot_time: 23.97218370437622
init time: 0.00022220611572265625
contact time: 0.003723621368408203
tot contact: 42
contact analysis time: 0.0004949569702148438
solving time: 0.9410488605499268 iter: 15
tot_time: 24.92261028289795
init time: 0.00026345252990722656
contact time: 0.003682374954223633
tot contact: 36
contact analysis time: 0.0004487037658691406
solving time: 0.9175207614898682 iter: 15
tot_time: 25.849286317825317
init time: 0.00029754638671875
contact time: 0.0035445690155029297
tot contact: 30
contact analysis time: 0.00044989585876464844
solving time: 0.8949143886566162 iter: 15
tot_time: 26.753501415252686
init time: 0.00022840499877929688
contact time: 0.003469705581665039
tot contact: 27
contact analysis time: 0.0004723072052001953
solving time: 0.7909026145935059 iter: 15
tot_time: 27.553407907485962
init time: 0.00028967857360839844
contact time: 0.0035448074340820312
tot contact: 25
contact analysis time: 0.0005292892456054688
solving time: 0.7970280647277832 iter: 15
tot_time: 28.3598530292511
init time: 0.00022840499877929688
contact time: 0.0036804676055908203
tot contact: 28
contact analysis time: 0.0004818439483642578
solving time: 0.8116693496704102 iter: 15
tot_time: 29.18082594871521
init time: 0.00022172927856445312
contact time: 0.003881692886352539
tot contact: 33
contact analysis time: 0.0004830360412597656
solving time: 0.9502007961273193 iter: 15
tot_time: 30.140429258346558
init time: 0.00021529197692871094
contact time: 0.003931283950805664
tot contact: 35
contact analysis time: 0.000484466552734375
solving time: 0.9507956504821777 iter: 15
tot_time: 31.100751399993896
init time: 0.00021958351135253906
contact time: 0.0038976669311523438
tot contact: 44
contact analysis time: 0.0004417896270751953
solving time: 0.9484729766845703 iter: 15
tot_time: 32.0586359500885
init time: 0.0002753734588623047
contact time: 0.0038084983825683594
tot contact: 41
contact analysis time: 0.0004494190216064453
solving time: 0.9520308971405029 iter: 15
tot_time: 33.02017140388489
init time: 0.00022840499877929688
contact time: 0.0036468505859375
tot contact: 32
contact analysis time: 0.0004456043243408203
solving time: 0.8024723529815674 iter: 15
tot_time: 33.831717014312744
init time: 0.0002703666687011719
contact time: 0.0038080215454101562
tot contact: 36
contact analysis time: 0.0004935264587402344
solving time: 0.940361499786377 iter: 15
tot_time: 34.78135800361633
init time: 0.00022077560424804688
contact time: 0.0038869380950927734
tot contact: 33
contact analysis time: 0.0004482269287109375
solving time: 0.9418902397155762 iter: 15
tot_time: 35.73270320892334
init time: 0.0002219676971435547
contact time: 0.003824949264526367
tot contact: 35
contact analysis time: 0.0004966259002685547
solving time: 0.945469856262207 iter: 15
tot_time: 36.68748497962952
init time: 0.0002257823944091797
contact time: 0.0038177967071533203
tot contact: 37
contact analysis time: 0.0004904270172119141
solving time: 0.9430336952209473 iter: 15
tot_time: 37.6399450302124
init time: 0.0002269744873046875
contact time: 0.0038161277770996094
tot contact: 35
contact analysis time: 0.0004520416259765625
solving time: 0.9464817047119141 iter: 15
tot_time: 38.59571433067322
init time: 0.0003180503845214844
contact time: 0.0038406848907470703
tot contact: 30
contact analysis time: 0.00045180320739746094
solving time: 0.8848135471343994 iter: 15
tot_time: 39.490171670913696
init time: 0.00021576881408691406
contact time: 0.0037953853607177734
tot contact: 33
contact analysis time: 0.000438690185546875
solving time: 0.9546897411346436 iter: 15
tot_time: 40.45411992073059
init time: 0.0003192424774169922
contact time: 0.003741025924682617
tot contact: 27
contact analysis time: 0.0005106925964355469
solving time: 0.8981528282165527 iter: 15
tot_time: 41.36165428161621
init time: 0.00022482872009277344
contact time: 0.0038394927978515625
tot contact: 23
contact analysis time: 0.0004773139953613281
solving time: 0.918738603591919 iter: 15
tot_time: 42.28972339630127
init time: 0.00022792816162109375
contact time: 0.0038700103759765625
tot contact: 24
contact analysis time: 0.00044846534729003906
solving time: 0.9471738338470459 iter: 15
tot_time: 43.24628806114197
tot_time: 43.246296405792236
total_reward: [-0.04620989212614203, -0.051045026778930795, -0.049063862245701424, -0.04555719427763499, -0.042305867104589605, -0.042046247478152304, -0.04164040828424509, -0.04109133113719108, -0.04043226725454258, -0.03959938750640834, -0.03876027473468915, -0.037969473580183634, -0.03717861840202258, -0.03635159403330129, -0.03553194466303139, -0.034727524800255705, -0.03370254409235803, -0.0328167401736682, -0.031804773181141444, -0.030827704501422616, -0.029826156080288192, -0.02895437376139311, -0.028081059106566185, -0.02691096212011135, -0.026093715482119095, -0.025263670045807766, -0.02462042917094174, -0.04503161315775485, -0.04438839836558041, -0.04362705812739668, -0.04279850639942392, -0.0419958144868547, -0.04194235801700858, -0.04135436776942566, -0.023595581027881226]
tot contact: 24
tot contact: 23
tot contact: 27
tot contact: 33
tot contact: 30
tot contact: 35
tot contact: 37
tot contact: 35
tot contact: 33
tot contact: 36
tot contact: 32
tot contact: 41
tot contact: 44
tot contact: 35
tot contact: 33
tot contact: 28
tot contact: 25
tot contact: 27
tot contact: 30
tot contact: 36
tot contact: 42
tot contact: 40
tot contact: 35
tot contact: 34
tot contact: 38
tot contact: 32
tot contact: 33
tot contact: 35
tot contact: 34
tot contact: 28
tot contact: 34
tot contact: 33
tot contact: 32
tot contact: 30
tot contact: 30
tot contact: 32
tot contact: 26
tot contact: 30
tot contact: 31
tot contact: 29
tot contact: 28
tot contact: 29
tot contact: 25
tot contact: 25
tot contact: 29
tot contact: 26
tot contact: 23
tot contact: 26
tot contact: 29
done grad
iter:  35
[I 10/02/26 14:48:10.611 13459] [swap_chain.cpp:dump_image_buffer@164] Dumping image buffer...
init time: 0.00024127960205078125
contact time: 0.0029506683349609375
tot contact: 29
contact analysis time: 0.0005061626434326172
solving time: 0.40772581100463867 iter: 8
tot_time: 0.4471769332885742
init time: 0.0002205371856689453
contact time: 0.0031549930572509766
tot contact: 26
contact analysis time: 0.00045228004455566406
solving time: 0.4543342590332031 iter: 9
tot_time: 0.9102208614349365
init time: 0.0002143383026123047
contact time: 0.0032362937927246094
tot contact: 23
contact analysis time: 0.00044989585876464844
solving time: 0.46217918395996094 iter: 9
tot_time: 1.381042242050171
init time: 0.0002772808074951172
contact time: 0.0034630298614501953
tot contact: 26
contact analysis time: 0.000522613525390625
solving time: 0.5563616752624512 iter: 11
tot_time: 1.9465084075927734
init time: 0.0002663135528564453
contact time: 0.0036330223083496094
tot contact: 29
contact analysis time: 0.00045800209045410156
solving time: 0.8693990707397461 iter: 15
tot_time: 2.8253226280212402
init time: 0.00022602081298828125
contact time: 0.0035135746002197266
tot contact: 25
contact analysis time: 0.00044226646423339844
solving time: 0.8235745429992676 iter: 15
tot_time: 3.6578261852264404
init time: 0.00021886825561523438
contact time: 0.003561735153198242
tot contact: 25
contact analysis time: 0.0004763603210449219
solving time: 0.7467787265777588 iter: 14
tot_time: 4.413743734359741
init time: 0.00021767616271972656
contact time: 0.003462553024291992
tot contact: 29
contact analysis time: 0.0005054473876953125
solving time: 0.8499472141265869 iter: 15
tot_time: 5.2726969718933105
init time: 0.00022745132446289062
contact time: 0.003492116928100586
tot contact: 28
contact analysis time: 0.00046181678771972656
solving time: 0.9213464260101318 iter: 15
tot_time: 6.203146457672119
init time: 0.00022172927856445312
contact time: 0.0035142898559570312
tot contact: 29
contact analysis time: 0.00047278404235839844
solving time: 0.9171619415283203 iter: 15
tot_time: 7.12930965423584
init time: 0.00024008750915527344
contact time: 0.0036139488220214844
tot contact: 31
contact analysis time: 0.00044846534729003906
solving time: 0.9084882736206055 iter: 15
tot_time: 8.04695749282837
init time: 0.00026679039001464844
contact time: 0.0036001205444335938
tot contact: 30
contact analysis time: 0.0004611015319824219
solving time: 0.9119710922241211 iter: 15
tot_time: 8.96811556816101
init time: 0.0002856254577636719
contact time: 0.0036208629608154297
tot contact: 26
contact analysis time: 0.0004477500915527344
solving time: 0.9266674518585205 iter: 15
tot_time: 9.904005527496338
init time: 0.00021886825561523438
contact time: 0.0037355422973632812
tot contact: 32
contact analysis time: 0.00045752525329589844
solving time: 0.9350645542144775 iter: 15
tot_time: 10.848342895507812
init time: 0.00021576881408691406
contact time: 0.0037660598754882812
tot contact: 30
contact analysis time: 0.00044798851013183594
solving time: 0.9204816818237305 iter: 15
tot_time: 11.778124570846558
init time: 0.0002696514129638672
contact time: 0.0038268566131591797
tot contact: 30
contact analysis time: 0.00047087669372558594
solving time: 0.917555570602417 iter: 15
tot_time: 12.705035209655762
init time: 0.00022172927856445312
contact time: 0.003766298294067383
tot contact: 32
contact analysis time: 0.000431060791015625
solving time: 0.9302268028259277 iter: 15
tot_time: 13.644531488418579
init time: 0.0002181529998779297
contact time: 0.003763437271118164
tot contact: 33
contact analysis time: 0.0004410743713378906
solving time: 0.9263479709625244 iter: 15
tot_time: 14.580086946487427
init time: 0.000308990478515625
contact time: 0.003806591033935547
tot contact: 34
contact analysis time: 0.00045371055603027344
solving time: 0.9272406101226807 iter: 15
tot_time: 15.516948699951172
init time: 0.00022077560424804688
contact time: 0.0037283897399902344
tot contact: 28
contact analysis time: 0.0004410743713378906
solving time: 0.9381279945373535 iter: 15
tot_time: 16.464252471923828
init time: 0.00028228759765625
contact time: 0.0037550926208496094
tot contact: 34
contact analysis time: 0.0005261898040771484
solving time: 0.9406538009643555 iter: 15
tot_time: 17.414294004440308
init time: 0.0002465248107910156
contact time: 0.00396728515625
tot contact: 35
contact analysis time: 0.00044798851013183594
solving time: 0.9364755153656006 iter: 15
tot_time: 18.360257148742676
init time: 0.00021409988403320312
contact time: 0.0037872791290283203
tot contact: 33
contact analysis time: 0.0004360675811767578
solving time: 0.9463386535644531 iter: 15
tot_time: 19.31577157974243
init time: 0.00021338462829589844
contact time: 0.0038433074951171875
tot contact: 32
contact analysis time: 0.00043487548828125
solving time: 0.9378013610839844 iter: 15
tot_time: 20.262905597686768
init time: 0.00021767616271972656
contact time: 0.003809690475463867
tot contact: 38
contact analysis time: 0.0004611015319824219
solving time: 0.938856840133667 iter: 15
tot_time: 21.21109414100647
init time: 0.0002722740173339844
contact time: 0.0038318634033203125
tot contact: 33
contact analysis time: 0.0004417896270751953
solving time: 0.9201951026916504 iter: 15
tot_time: 22.140683889389038
init time: 0.00022482872009277344
contact time: 0.0037550926208496094
tot contact: 35
contact analysis time: 0.00043964385986328125
solving time: 0.9310908317565918 iter: 15
tot_time: 23.0810649394989
init time: 0.0002703666687011719
contact time: 0.0037660598754882812
tot contact: 36
contact analysis time: 0.0005011558532714844
solving time: 0.9407415390014648 iter: 15
tot_time: 24.031182050704956
init time: 0.00022935867309570312
contact time: 0.0038061141967773438
tot contact: 36
contact analysis time: 0.0004444122314453125
solving time: 0.931063175201416 iter: 15
tot_time: 24.971628427505493
init time: 0.00029087066650390625
contact time: 0.003715991973876953
tot contact: 41
contact analysis time: 0.0005145072937011719
solving time: 0.9276676177978516 iter: 15
tot_time: 25.90863013267517
init time: 0.0002193450927734375
contact time: 0.003624439239501953
tot contact: 34
contact analysis time: 0.0004324913024902344
solving time: 0.8837845325469971 iter: 15
tot_time: 26.801496028900146
init time: 0.00021886825561523438
contact time: 0.0035910606384277344
tot contact: 32
contact analysis time: 0.0004627704620361328
solving time: 0.8883621692657471 iter: 15
tot_time: 27.69891929626465
init time: 0.00021696090698242188
contact time: 0.003712892532348633
tot contact: 25
contact analysis time: 0.0004608631134033203
solving time: 0.8679900169372559 iter: 15
tot_time: 28.57616400718689
init time: 0.00022411346435546875
contact time: 0.0037565231323242188
tot contact: 30
contact analysis time: 0.0004611015319824219
solving time: 0.8666825294494629 iter: 15
tot_time: 29.45209288597107
init time: 0.000293731689453125
contact time: 0.0039348602294921875
tot contact: 38
contact analysis time: 0.00045371055603027344
solving time: 0.9455218315124512 iter: 15
tot_time: 30.40726137161255
init time: 0.00022530555725097656
contact time: 0.003858327865600586
tot contact: 37
contact analysis time: 0.0004596710205078125
solving time: 0.9340310096740723 iter: 15
tot_time: 31.35057497024536
init time: 0.00028204917907714844
contact time: 0.003815174102783203
tot contact: 45
contact analysis time: 0.0005066394805908203
solving time: 0.9470255374908447 iter: 15
tot_time: 32.307098150253296
init time: 0.00023221969604492188
contact time: 0.003878355026245117
tot contact: 41
contact analysis time: 0.000476837158203125
solving time: 0.9452793598175049 iter: 15
tot_time: 33.26178860664368
init time: 0.00022101402282714844
contact time: 0.0037407875061035156
tot contact: 32
contact analysis time: 0.0004684925079345703
solving time: 0.8167858123779297 iter: 15
tot_time: 34.087827920913696
init time: 0.00023365020751953125
contact time: 0.003882169723510742
tot contact: 37
contact analysis time: 0.0004591941833496094
solving time: 0.9233436584472656 iter: 15
tot_time: 35.0206356048584
init time: 0.0002193450927734375
contact time: 0.0038602352142333984
tot contact: 34
contact analysis time: 0.0004341602325439453
solving time: 0.945106029510498 iter: 15
tot_time: 35.97498846054077
init time: 0.00027751922607421875
contact time: 0.003795623779296875
tot contact: 35
contact analysis time: 0.00044226646423339844
solving time: 0.9418420791625977 iter: 15
tot_time: 36.92633843421936
init time: 0.0002219676971435547
contact time: 0.003785371780395508
tot contact: 39
contact analysis time: 0.000457763671875
solving time: 0.9438133239746094 iter: 15
tot_time: 37.879371643066406
init time: 0.00029587745666503906
contact time: 0.00376129150390625
tot contact: 35
contact analysis time: 0.0005033016204833984
solving time: 0.9301035404205322 iter: 15
tot_time: 38.81886529922485
init time: 0.00022101402282714844
contact time: 0.0038633346557617188
tot contact: 27
contact analysis time: 0.0004515647888183594
solving time: 0.8821506500244141 iter: 15
tot_time: 39.710381507873535
init time: 0.00021839141845703125
contact time: 0.0039479732513427734
tot contact: 30
contact analysis time: 0.00044846534729003906
solving time: 0.9430248737335205 iter: 15
tot_time: 40.66279053688049
init time: 0.00021910667419433594
contact time: 0.0038847923278808594
tot contact: 23
contact analysis time: 0.0004742145538330078
solving time: 0.8987932205200195 iter: 15
tot_time: 41.57097244262695
init time: 0.00032258033752441406
contact time: 0.0038661956787109375
tot contact: 25
contact analysis time: 0.0004534721374511719
solving time: 0.9267244338989258 iter: 15
tot_time: 42.507261514663696
init time: 0.00028324127197265625
contact time: 0.00392603874206543
tot contact: 23
contact analysis time: 0.0005056858062744141
solving time: 0.9248876571655273 iter: 15
tot_time: 43.44174075126648
tot_time: 43.441750288009644
total_reward: [-0.04620989212614203, -0.051045026778930795, -0.049063862245701424, -0.04555719427763499, -0.042305867104589605, -0.042046247478152304, -0.04164040828424509, -0.04109133113719108, -0.04043226725454258, -0.03959938750640834, -0.03876027473468915, -0.037969473580183634, -0.03717861840202258, -0.03635159403330129, -0.03553194466303139, -0.034727524800255705, -0.03370254409235803, -0.0328167401736682, -0.031804773181141444, -0.030827704501422616, -0.029826156080288192, -0.02895437376139311, -0.028081059106566185, -0.02691096212011135, -0.026093715482119095, -0.025263670045807766, -0.02462042917094174, -0.04503161315775485, -0.04438839836558041, -0.04362705812739668, -0.04279850639942392, -0.0419958144868547, -0.04194235801700858, -0.04135436776942566, -0.023595581027881226, -0.022190701494262666]
tot contact: 23
tot contact: 25
tot contact: 23
tot contact: 30
tot contact: 27
tot contact: 35
tot contact: 39
tot contact: 35
tot contact: 34
tot contact: 37
tot contact: 32
tot contact: 41
tot contact: 45
tot contact: 37
tot contact: 38
tot contact: 30
tot contact: 25
tot contact: 32
tot contact: 34
tot contact: 41
tot contact: 36
tot contact: 36
tot contact: 35
tot contact: 33
tot contact: 38
tot contact: 32
tot contact: 33
tot contact: 35
tot contact: 34
tot contact: 28
tot contact: 34
tot contact: 33
tot contact: 32
tot contact: 30
tot contact: 30
tot contact: 32
tot contact: 26
tot contact: 30
tot contact: 31
tot contact: 29
tot contact: 28
tot contact: 29
tot contact: 25
tot contact: 25
tot contact: 29
tot contact: 26
tot contact: 23
tot contact: 26
tot contact: 29
done grad
iter:  36
[I 10/02/26 14:48:57.195 13459] [swap_chain.cpp:dump_image_buffer@164] Dumping image buffer...
init time: 0.00032138824462890625
contact time: 0.002851247787475586
tot contact: 29
contact analysis time: 0.0005388259887695312
solving time: 0.463226318359375 iter: 9
tot_time: 0.501636266708374
init time: 0.0002186298370361328
contact time: 0.003145456314086914
tot contact: 26
contact analysis time: 0.0004630088806152344
solving time: 0.45653772354125977 iter: 9
tot_time: 0.9667425155639648
init time: 0.00021648406982421875
contact time: 0.003287076950073242
tot contact: 23
contact analysis time: 0.00048279762268066406
solving time: 0.4545321464538574 iter: 9
tot_time: 1.4300611019134521
init time: 0.0002276897430419922
contact time: 0.0035181045532226562
tot contact: 26
contact analysis time: 0.0004439353942871094
solving time: 0.5551471710205078 iter: 11
tot_time: 1.994079828262329
init time: 0.00021839141845703125
contact time: 0.0036199092864990234
tot contact: 29
contact analysis time: 0.0004608631134033203
solving time: 0.7775263786315918 iter: 14
tot_time: 2.7806687355041504
init time: 0.0002205371856689453
contact time: 0.0034821033477783203
tot contact: 25
contact analysis time: 0.0004639625549316406
solving time: 0.8228006362915039 iter: 15
tot_time: 3.6124489307403564
init time: 0.000217437744140625
contact time: 0.0034134387969970703
tot contact: 25
contact analysis time: 0.00043582916259765625
solving time: 0.745558500289917 iter: 14
tot_time: 4.366902828216553
init time: 0.0002644062042236328
contact time: 0.003578662872314453
tot contact: 29
contact analysis time: 0.00044798851013183594
solving time: 0.8528163433074951 iter: 15
tot_time: 5.228789567947388
init time: 0.00022149085998535156
contact time: 0.0035407543182373047
tot contact: 28
contact analysis time: 0.0004520416259765625
solving time: 0.9241819381713867 iter: 15
tot_time: 6.162039041519165
init time: 0.0002205371856689453
contact time: 0.0036580562591552734
tot contact: 30
contact analysis time: 0.0004515647888183594
solving time: 0.9078395366668701 iter: 15
tot_time: 7.0790488719940186
init time: 0.0002269744873046875
contact time: 0.0036118030548095703
tot contact: 31
contact analysis time: 0.0004901885986328125
solving time: 0.9093568325042725 iter: 15
tot_time: 7.997657775878906
init time: 0.00021529197692871094
contact time: 0.003488779067993164
tot contact: 30
contact analysis time: 0.0004451274871826172
solving time: 0.9241030216217041 iter: 15
tot_time: 8.930633544921875
init time: 0.00027632713317871094
contact time: 0.0036287307739257812
tot contact: 26
contact analysis time: 0.00043463706970214844
solving time: 0.9324381351470947 iter: 15
tot_time: 9.872166633605957
init time: 0.0002148151397705078
contact time: 0.0037949085235595703
tot contact: 31
contact analysis time: 0.0004444122314453125
solving time: 0.9310753345489502 iter: 15
tot_time: 10.812478303909302
init time: 0.00021696090698242188
contact time: 0.0037872791290283203
tot contact: 30
contact analysis time: 0.0004456043243408203
solving time: 0.9172451496124268 iter: 15
tot_time: 11.738898038864136
init time: 0.00023055076599121094
contact time: 0.003850221633911133
tot contact: 29
contact analysis time: 0.0004470348358154297
solving time: 0.9259390830993652 iter: 15
tot_time: 12.674124002456665
init time: 0.00022649765014648438
contact time: 0.003724336624145508
tot contact: 32
contact analysis time: 0.00044608116149902344
solving time: 0.9310836791992188 iter: 15
tot_time: 13.614394664764404
init time: 0.0002796649932861328
contact time: 0.003735065460205078
tot contact: 33
contact analysis time: 0.0004341602325439453
solving time: 0.9367074966430664 iter: 15
tot_time: 14.560394287109375
init time: 0.00021409988403320312
contact time: 0.003787994384765625
tot contact: 34
contact analysis time: 0.00045609474182128906
solving time: 0.9423291683197021 iter: 15
tot_time: 15.511926651000977
init time: 0.00027871131896972656
contact time: 0.0037262439727783203
tot contact: 28
contact analysis time: 0.0004968643188476562
solving time: 0.9356443881988525 iter: 15
tot_time: 16.456825256347656
init time: 0.0002205371856689453
contact time: 0.0037729740142822266
tot contact: 34
contact analysis time: 0.0005247592926025391
solving time: 0.9470400810241699 iter: 15
tot_time: 17.413184642791748
init time: 0.00022029876708984375
contact time: 0.0038208961486816406
tot contact: 35
contact analysis time: 0.0004677772521972656
solving time: 0.9343712329864502 iter: 15
tot_time: 18.356895685195923
init time: 0.0002536773681640625
contact time: 0.00385284423828125
tot contact: 33
contact analysis time: 0.00043845176696777344
solving time: 0.9443061351776123 iter: 15
tot_time: 19.310739517211914
init time: 0.00021839141845703125
contact time: 0.003804922103881836
tot contact: 32
contact analysis time: 0.0004429817199707031
solving time: 0.9359848499298096 iter: 15
tot_time: 20.255980491638184
init time: 0.0002791881561279297
contact time: 0.003851175308227539
tot contact: 38
contact analysis time: 0.00045990943908691406
solving time: 0.9430503845214844 iter: 15
tot_time: 21.20849847793579
init time: 0.0002238750457763672
contact time: 0.003794431686401367
tot contact: 35
contact analysis time: 0.00047135353088378906
solving time: 0.9307122230529785 iter: 15
tot_time: 22.14845061302185
init time: 0.0002772808074951172
contact time: 0.003763914108276367
tot contact: 35
contact analysis time: 0.0005035400390625
solving time: 0.9299352169036865 iter: 15
tot_time: 23.087838888168335
init time: 0.00022459030151367188
contact time: 0.003808259963989258
tot contact: 36
contact analysis time: 0.0004467964172363281
solving time: 0.929173469543457 iter: 15
tot_time: 24.02636218070984
init time: 0.0002224445343017578
contact time: 0.003767728805541992
tot contact: 35
contact analysis time: 0.000457763671875
solving time: 0.9360980987548828 iter: 15
tot_time: 24.971635818481445
init time: 0.0002167224884033203
contact time: 0.003762483596801758
tot contact: 42
contact analysis time: 0.00045013427734375
solving time: 0.9374465942382812 iter: 15
tot_time: 25.9183828830719
init time: 0.0002200603485107422
contact time: 0.003597736358642578
tot contact: 35
contact analysis time: 0.00045371055603027344
solving time: 0.8848934173583984 iter: 15
tot_time: 26.81225872039795
init time: 0.00032067298889160156
contact time: 0.003650188446044922
tot contact: 31
contact analysis time: 0.00044083595275878906
solving time: 0.8844525814056396 iter: 15
tot_time: 27.70601463317871
init time: 0.00022268295288085938
contact time: 0.003681182861328125
tot contact: 27
contact analysis time: 0.00045990943908691406
solving time: 0.8421509265899658 iter: 15
tot_time: 28.557411909103394
init time: 0.0002951622009277344
contact time: 0.0037055015563964844
tot contact: 30
contact analysis time: 0.0004961490631103516
solving time: 0.8723676204681396 iter: 15
tot_time: 29.439041137695312
init time: 0.00022268295288085938
contact time: 0.003910064697265625
tot contact: 38
contact analysis time: 0.0004553794860839844
solving time: 0.932741641998291 iter: 15
tot_time: 30.38114643096924
init time: 0.00021910667419433594
contact time: 0.00390625
tot contact: 42
contact analysis time: 0.00046181678771972656
solving time: 0.93705153465271 iter: 15
tot_time: 31.32747530937195
init time: 0.00021600723266601562
contact time: 0.003912210464477539
tot contact: 42
contact analysis time: 0.0004448890686035156
solving time: 0.9447841644287109 iter: 15
tot_time: 32.281689405441284
init time: 0.0002281665802001953
contact time: 0.003761768341064453
tot contact: 38
contact analysis time: 0.00047588348388671875
solving time: 0.943988561630249 iter: 15
tot_time: 33.2349898815155
init time: 0.00030350685119628906
contact time: 0.003761768341064453
tot contact: 33
contact analysis time: 0.0004513263702392578
solving time: 0.8181507587432861 iter: 15
tot_time: 34.06279516220093
init time: 0.0002307891845703125
contact time: 0.003750324249267578
tot contact: 36
contact analysis time: 0.0004603862762451172
solving time: 0.9319868087768555 iter: 15
tot_time: 35.00402593612671
init time: 0.00028443336486816406
contact time: 0.0037775039672851562
tot contact: 36
contact analysis time: 0.0005221366882324219
solving time: 0.9386768341064453 iter: 15
tot_time: 35.952027559280396
init time: 0.00022125244140625
contact time: 0.0038030147552490234
tot contact: 34
contact analysis time: 0.00046634674072265625
solving time: 0.9381842613220215 iter: 15
tot_time: 36.899513244628906
init time: 0.00022101402282714844
contact time: 0.0038030147552490234
tot contact: 39
contact analysis time: 0.0004429817199707031
solving time: 0.9403409957885742 iter: 15
tot_time: 37.849053621292114
init time: 0.00021886825561523438
contact time: 0.0037860870361328125
tot contact: 35
contact analysis time: 0.0004673004150390625
solving time: 0.9343557357788086 iter: 15
tot_time: 38.79265594482422
init time: 0.00022125244140625
contact time: 0.0037949085235595703
tot contact: 31
contact analysis time: 0.00046181678771972656
solving time: 0.8779160976409912 iter: 15
tot_time: 39.6797776222229
init time: 0.00027298927307128906
contact time: 0.00394749641418457
tot contact: 33
contact analysis time: 0.0004456043243408203
solving time: 0.9535553455352783 iter: 15
tot_time: 40.64283537864685
init time: 0.00021886825561523438
contact time: 0.0037965774536132812
tot contact: 24
contact analysis time: 0.00046634674072265625
solving time: 0.8959929943084717 iter: 15
tot_time: 41.54811453819275
init time: 0.00028061866760253906
contact time: 0.0039014816284179688
tot contact: 24
contact analysis time: 0.00049591064453125
solving time: 0.9219427108764648 iter: 15
tot_time: 42.47950577735901
init time: 0.00022149085998535156
contact time: 0.0038547515869140625
tot contact: 24
contact analysis time: 0.0004405975341796875
solving time: 0.9222245216369629 iter: 15
tot_time: 43.41099667549133
tot_time: 43.411004066467285
total_reward: [-0.04620989212614203, -0.051045026778930795, -0.049063862245701424, -0.04555719427763499, -0.042305867104589605, -0.042046247478152304, -0.04164040828424509, -0.04109133113719108, -0.04043226725454258, -0.03959938750640834, -0.03876027473468915, -0.037969473580183634, -0.03717861840202258, -0.03635159403330129, -0.03553194466303139, -0.034727524800255705, -0.03370254409235803, -0.0328167401736682, -0.031804773181141444, -0.030827704501422616, -0.029826156080288192, -0.02895437376139311, -0.028081059106566185, -0.02691096212011135, -0.026093715482119095, -0.025263670045807766, -0.02462042917094174, -0.04503161315775485, -0.04438839836558041, -0.04362705812739668, -0.04279850639942392, -0.0419958144868547, -0.04194235801700858, -0.04135436776942566, -0.023595581027881226, -0.022190701494262666, -0.02130431223676891]
tot contact: 24
tot contact: 24
tot contact: 24
tot contact: 33
tot contact: 31
tot contact: 35
tot contact: 39
tot contact: 34
tot contact: 36
tot contact: 36
tot contact: 33
tot contact: 38
tot contact: 42
tot contact: 42
tot contact: 38
tot contact: 30
tot contact: 27
tot contact: 31
tot contact: 35
tot contact: 42
tot contact: 35
tot contact: 36
tot contact: 35
tot contact: 35
tot contact: 38
tot contact: 32
tot contact: 33
tot contact: 35
tot contact: 34
tot contact: 28
tot contact: 34
tot contact: 33
tot contact: 32
tot contact: 29
tot contact: 30
tot contact: 31
tot contact: 26
tot contact: 30
tot contact: 31
tot contact: 30
tot contact: 28
tot contact: 29
tot contact: 25
tot contact: 25
tot contact: 29
tot contact: 26
tot contact: 23
tot contact: 26
tot contact: 29
done grad
iter:  37
[I 10/02/26 14:49:43.749 13459] [swap_chain.cpp:dump_image_buffer@164] Dumping image buffer...
init time: 0.0002300739288330078
contact time: 0.002905607223510742
tot contact: 29
contact analysis time: 0.00043773651123046875
solving time: 0.411452054977417 iter: 8
tot_time: 0.45067715644836426
init time: 0.00021839141845703125
contact time: 0.003122568130493164
tot contact: 26
contact analysis time: 0.0004494190216064453
solving time: 0.45591115951538086 iter: 9
tot_time: 0.9151172637939453
init time: 0.00021982192993164062
contact time: 0.003280162811279297
tot contact: 23
contact analysis time: 0.00043702125549316406
solving time: 0.4553258419036865 iter: 9
tot_time: 1.379122018814087
init time: 0.0002224445343017578
contact time: 0.003467559814453125
tot contact: 26
contact analysis time: 0.0004525184631347656
solving time: 0.5565741062164307 iter: 11
tot_time: 1.9445769786834717
init time: 0.00021791458129882812
contact time: 0.003601551055908203
tot contact: 29
contact analysis time: 0.0004508495330810547
solving time: 0.7780542373657227 iter: 14
tot_time: 2.7317779064178467
init time: 0.0003113746643066406
contact time: 0.0034453868865966797
tot contact: 26
contact analysis time: 0.0004913806915283203
solving time: 0.8276753425598145 iter: 15
tot_time: 3.568483591079712
init time: 0.0002551078796386719
contact time: 0.0034880638122558594
tot contact: 25
contact analysis time: 0.0004372596740722656
solving time: 0.7450525760650635 iter: 14
tot_time: 4.3224852085113525
init time: 0.00021314620971679688
contact time: 0.0035066604614257812
tot contact: 29
contact analysis time: 0.00044417381286621094
solving time: 0.8515293598175049 iter: 15
tot_time: 5.18298864364624
init time: 0.00022125244140625
contact time: 0.0035066604614257812
tot contact: 27
contact analysis time: 0.00045871734619140625
solving time: 0.9210588932037354 iter: 15
tot_time: 6.113000392913818
init time: 0.0002288818359375
contact time: 0.0036039352416992188
tot contact: 30
contact analysis time: 0.0004417896270751953
solving time: 0.9090254306793213 iter: 15
tot_time: 7.031140089035034
init time: 0.00022339820861816406
contact time: 0.0036280155181884766
tot contact: 31
contact analysis time: 0.0004458427429199219
solving time: 0.909226655960083 iter: 15
tot_time: 7.949609041213989
init time: 0.00027751922607421875
contact time: 0.0036203861236572266
tot contact: 30
contact analysis time: 0.00046133995056152344
solving time: 0.9211511611938477 iter: 15
tot_time: 8.880016803741455
init time: 0.00022912025451660156
contact time: 0.003553628921508789
tot contact: 26
contact analysis time: 0.00044798851013183594
solving time: 0.9328262805938721 iter: 15
tot_time: 9.821906328201294
init time: 0.00029921531677246094
contact time: 0.003750324249267578
tot contact: 31
contact analysis time: 0.0005261898040771484
solving time: 0.927382230758667 iter: 15
tot_time: 10.758686542510986
init time: 0.0002193450927734375
contact time: 0.00383758544921875
tot contact: 30
contact analysis time: 0.00045561790466308594
solving time: 0.9182283878326416 iter: 15
tot_time: 11.686245203018188
init time: 0.00021648406982421875
contact time: 0.0038139820098876953
tot contact: 29
contact analysis time: 0.00043702125549316406
solving time: 0.926755428314209 iter: 15
tot_time: 12.622234582901001
init time: 0.0002167224884033203
contact time: 0.003763914108276367
tot contact: 33
contact analysis time: 0.0004551410675048828
solving time: 0.9265885353088379 iter: 15
tot_time: 13.55803918838501
init time: 0.0002143383026123047
contact time: 0.003746509552001953
tot contact: 33
contact analysis time: 0.0004687309265136719
solving time: 0.927985429763794 iter: 15
tot_time: 14.495254516601562
init time: 0.00028324127197265625
contact time: 0.0038449764251708984
tot contact: 34
contact analysis time: 0.00044655799865722656
solving time: 0.9283173084259033 iter: 15
tot_time: 15.432987451553345
init time: 0.00022673606872558594
contact time: 0.0036897659301757812
tot contact: 28
contact analysis time: 0.00046253204345703125
solving time: 0.9507546424865723 iter: 15
tot_time: 16.39290428161621
init time: 0.0002944469451904297
contact time: 0.0037496089935302734
tot contact: 34
contact analysis time: 0.0005133152008056641
solving time: 0.9530789852142334 iter: 15
tot_time: 17.355360507965088
init time: 0.00021910667419433594
contact time: 0.003866910934448242
tot contact: 36
contact analysis time: 0.00046062469482421875
solving time: 0.9498405456542969 iter: 15
tot_time: 18.314724445343018
init time: 0.00022077560424804688
contact time: 0.003865957260131836
tot contact: 33
contact analysis time: 0.00048065185546875
solving time: 0.9544374942779541 iter: 15
tot_time: 19.278571844100952
init time: 0.00022792816162109375
contact time: 0.0038421154022216797
tot contact: 31
contact analysis time: 0.00043702125549316406
solving time: 0.9401705265045166 iter: 15
tot_time: 20.22805619239807
init time: 0.00022983551025390625
contact time: 0.003801107406616211
tot contact: 39
contact analysis time: 0.00045800209045410156
solving time: 0.9421899318695068 iter: 15
tot_time: 21.179526329040527
init time: 0.00029277801513671875
contact time: 0.0038433074951171875
tot contact: 34
contact analysis time: 0.0004665851593017578
solving time: 0.9263787269592285 iter: 15
tot_time: 22.11532735824585
init time: 0.00021982192993164062
contact time: 0.0037899017333984375
tot contact: 35
contact analysis time: 0.0004456043243408203
solving time: 0.926689863204956 iter: 15
tot_time: 23.051256895065308
init time: 0.0002803802490234375
contact time: 0.003773212432861328
tot contact: 36
contact analysis time: 0.0005142688751220703
solving time: 0.9308295249938965 iter: 15
tot_time: 23.99147081375122
init time: 0.0002224445343017578
contact time: 0.0037589073181152344
tot contact: 34
contact analysis time: 0.0004436969757080078
solving time: 0.9321093559265137 iter: 15
tot_time: 24.932830572128296
init time: 0.0002238750457763672
contact time: 0.0037221908569335938
tot contact: 33
contact analysis time: 0.00044798851013183594
solving time: 0.9348711967468262 iter: 15
tot_time: 25.876911163330078
init time: 0.00021982192993164062
contact time: 0.0037403106689453125
tot contact: 36
contact analysis time: 0.0004420280456542969
solving time: 0.891735315322876 iter: 15
tot_time: 26.777883052825928
init time: 0.00023174285888671875
contact time: 0.0036470890045166016
tot contact: 37
contact analysis time: 0.0004508495330810547
solving time: 0.9386966228485107 iter: 15
tot_time: 27.72577404975891
init time: 0.00028777122497558594
contact time: 0.0037076473236083984
tot contact: 24
contact analysis time: 0.0004544258117675781
solving time: 0.9195029735565186 iter: 15
tot_time: 28.654552221298218
init time: 0.00022292137145996094
contact time: 0.003683805465698242
tot contact: 26
contact analysis time: 0.0004532337188720703
solving time: 0.8660900592803955 iter: 15
tot_time: 29.52971887588501
init time: 0.0003058910369873047
contact time: 0.0038411617279052734
tot contact: 39
contact analysis time: 0.0005118846893310547
solving time: 0.9785823822021484 iter: 15
tot_time: 30.51777935028076
init time: 0.00027060508728027344
contact time: 0.0038518905639648438
tot contact: 42
contact analysis time: 0.0005166530609130859
solving time: 0.9392344951629639 iter: 15
tot_time: 31.4664888381958
init time: 0.000213623046875
contact time: 0.0039348602294921875
tot contact: 38
contact analysis time: 0.00043892860412597656
solving time: 0.9340114593505859 iter: 15
tot_time: 32.40984559059143
init time: 0.00028014183044433594
contact time: 0.003848552703857422
tot contact: 37
contact analysis time: 0.00046753883361816406
solving time: 0.9402878284454346 iter: 15
tot_time: 33.35954022407532
init time: 0.00021910667419433594
contact time: 0.003723621368408203
tot contact: 34
contact analysis time: 0.0004467964172363281
solving time: 0.8106622695922852 iter: 15
tot_time: 34.17937469482422
init time: 0.00022554397583007812
contact time: 0.0038301944732666016
tot contact: 36
contact analysis time: 0.00044655799865722656
solving time: 0.9232606887817383 iter: 15
tot_time: 35.11203479766846
init time: 0.0002162456512451172
contact time: 0.0038352012634277344
tot contact: 36
contact analysis time: 0.00046443939208984375
solving time: 0.9347922801971436 iter: 15
tot_time: 36.05619168281555
init time: 0.00021886825561523438
contact time: 0.003794431686401367
tot contact: 35
contact analysis time: 0.0004317760467529297
solving time: 0.9406332969665527 iter: 15
tot_time: 37.006184101104736
init time: 0.0002276897430419922
contact time: 0.0036797523498535156
tot contact: 36
contact analysis time: 0.0005123615264892578
solving time: 0.9427835941314697 iter: 15
tot_time: 37.95818281173706
init time: 0.00021719932556152344
contact time: 0.0036683082580566406
tot contact: 35
contact analysis time: 0.0004429817199707031
solving time: 0.9244332313537598 iter: 15
tot_time: 38.89177322387695
init time: 0.0002238750457763672
contact time: 0.0037317276000976562
tot contact: 32
contact analysis time: 0.0005106925964355469
solving time: 0.8733978271484375 iter: 15
tot_time: 39.77440810203552
init time: 0.00022554397583007812
contact time: 0.003946542739868164
tot contact: 34
contact analysis time: 0.00044608116149902344
solving time: 0.9533586502075195 iter: 15
tot_time: 40.73727893829346
init time: 0.00027441978454589844
contact time: 0.0038771629333496094
tot contact: 25
contact analysis time: 0.0005097389221191406
solving time: 0.8897411823272705 iter: 15
tot_time: 41.636484146118164
init time: 0.00021457672119140625
contact time: 0.0038716793060302734
tot contact: 25
contact analysis time: 0.00043201446533203125
solving time: 0.9245424270629883 iter: 15
tot_time: 42.570361375808716
init time: 0.0002791881561279297
contact time: 0.0038297176361083984
tot contact: 24
contact analysis time: 0.0004990100860595703
solving time: 0.920767068862915 iter: 15
tot_time: 43.50056982040405
tot_time: 43.50057792663574
total_reward: [-0.04620989212614203, -0.051045026778930795, -0.049063862245701424, -0.04555719427763499, -0.042305867104589605, -0.042046247478152304, -0.04164040828424509, -0.04109133113719108, -0.04043226725454258, -0.03959938750640834, -0.03876027473468915, -0.037969473580183634, -0.03717861840202258, -0.03635159403330129, -0.03553194466303139, -0.034727524800255705, -0.03370254409235803, -0.0328167401736682, -0.031804773181141444, -0.030827704501422616, -0.029826156080288192, -0.02895437376139311, -0.028081059106566185, -0.02691096212011135, -0.026093715482119095, -0.025263670045807766, -0.02462042917094174, -0.04503161315775485, -0.04438839836558041, -0.04362705812739668, -0.04279850639942392, -0.0419958144868547, -0.04194235801700858, -0.04135436776942566, -0.023595581027881226, -0.022190701494262666, -0.02130431223676891, -0.02096927888032328]
tot contact: 24
tot contact: 25
tot contact: 25
tot contact: 34
tot contact: 32
tot contact: 35
tot contact: 36
tot contact: 35
tot contact: 36
tot contact: 36
tot contact: 34
tot contact: 37
tot contact: 38
tot contact: 42
tot contact: 39
tot contact: 26
tot contact: 24
tot contact: 37
tot contact: 36
tot contact: 33
tot contact: 34
tot contact: 36
tot contact: 35
tot contact: 34
tot contact: 39
tot contact: 31
tot contact: 33
tot contact: 36
tot contact: 34
tot contact: 28
tot contact: 34
tot contact: 33
tot contact: 33
tot contact: 29
tot contact: 30
tot contact: 31
tot contact: 26
tot contact: 30
tot contact: 31
tot contact: 30
tot contact: 27
tot contact: 29
tot contact: 25
tot contact: 26
tot contact: 29
tot contact: 26
tot contact: 23
tot contact: 26
tot contact: 29
done grad
iter:  38
[I 10/02/26 14:50:30.403 13459] [swap_chain.cpp:dump_image_buffer@164] Dumping image buffer...
init time: 0.00023984909057617188
contact time: 0.002969026565551758
tot contact: 29
contact analysis time: 0.0004513263702392578
solving time: 0.40822792053222656 iter: 8
tot_time: 0.44721269607543945
init time: 0.00021839141845703125
contact time: 0.0030868053436279297
tot contact: 26
contact analysis time: 0.0004596710205078125
solving time: 0.45894718170166016 iter: 9
tot_time: 0.9146487712860107
init time: 0.00021529197692871094
contact time: 0.003226041793823242
tot contact: 23
contact analysis time: 0.00045299530029296875
solving time: 0.4536864757537842 iter: 9
tot_time: 1.376894235610962
init time: 0.0002703666687011719
contact time: 0.003475666046142578
tot contact: 26
contact analysis time: 0.0005025863647460938
solving time: 0.5574581623077393 iter: 11
tot_time: 1.9434502124786377
init time: 0.0002818107604980469
contact time: 0.0035452842712402344
tot contact: 29
contact analysis time: 0.0004999637603759766
solving time: 0.7843368053436279 iter: 14
tot_time: 2.7368903160095215
init time: 0.00024318695068359375
contact time: 0.003461122512817383
tot contact: 26
contact analysis time: 0.00045228004455566406
solving time: 0.8317556381225586 iter: 15
tot_time: 3.5775983333587646
init time: 0.0002703666687011719
contact time: 0.0034554004669189453
tot contact: 25
contact analysis time: 0.0005013942718505859
solving time: 0.6919927597045898 iter: 13
tot_time: 4.278532981872559
init time: 0.00021767616271972656
contact time: 0.0034346580505371094
tot contact: 29
contact analysis time: 0.0005083084106445312
solving time: 0.8504095077514648 iter: 15
tot_time: 5.137885332107544
init time: 0.00022149085998535156
contact time: 0.0035533905029296875
tot contact: 27
contact analysis time: 0.00044536590576171875
solving time: 0.9194986820220947 iter: 15
tot_time: 6.06648588180542
init time: 0.00022363662719726562
contact time: 0.0036225318908691406
tot contact: 30
contact analysis time: 0.0004467964172363281
solving time: 0.9119362831115723 iter: 15
tot_time: 6.987508535385132
init time: 0.00021505355834960938
contact time: 0.0036106109619140625
tot contact: 31
contact analysis time: 0.00044083595275878906
solving time: 0.9126136302947998 iter: 15
tot_time: 7.909335374832153
init time: 0.00023651123046875
contact time: 0.0035657882690429688
tot contact: 30
contact analysis time: 0.0004780292510986328
solving time: 0.9115335941314697 iter: 15
tot_time: 8.829910516738892
init time: 0.0002739429473876953
contact time: 0.0036199092864990234
tot contact: 26
contact analysis time: 0.0004603862762451172
solving time: 0.9311206340789795 iter: 15
tot_time: 9.770334482192993
init time: 0.00025343894958496094
contact time: 0.0037479400634765625
tot contact: 32
contact analysis time: 0.0004596710205078125
solving time: 0.9268701076507568 iter: 15
tot_time: 10.706438302993774
init time: 0.00029754638671875
contact time: 0.0037534236907958984
tot contact: 30
contact analysis time: 0.0005104541778564453
solving time: 0.9209151268005371 iter: 15
tot_time: 11.63666296005249
init time: 0.00021839141845703125
contact time: 0.003770589828491211
tot contact: 30
contact analysis time: 0.0004355907440185547
solving time: 0.9215927124023438 iter: 15
tot_time: 12.567480564117432
init time: 0.00024509429931640625
contact time: 0.0037763118743896484
tot contact: 33
contact analysis time: 0.00044918060302734375
solving time: 0.9375476837158203 iter: 15
tot_time: 13.51427435874939
init time: 0.0002512931823730469
contact time: 0.0037658214569091797
tot contact: 34
contact analysis time: 0.0004410743713378906
solving time: 0.9253714084625244 iter: 15
tot_time: 14.44914984703064
init time: 0.00022125244140625
contact time: 0.0038080215454101562
tot contact: 35
contact analysis time: 0.0004899501800537109
solving time: 0.9318268299102783 iter: 15
tot_time: 15.3903329372406
init time: 0.00028705596923828125
contact time: 0.003788471221923828
tot contact: 28
contact analysis time: 0.0004761219024658203
solving time: 0.9383904933929443 iter: 15
tot_time: 16.338184356689453
init time: 0.0002224445343017578
contact time: 0.003711223602294922
tot contact: 35
contact analysis time: 0.0004634857177734375
solving time: 0.9436922073364258 iter: 15
tot_time: 17.291083335876465
init time: 0.000308990478515625
contact time: 0.0037965774536132812
tot contact: 36
contact analysis time: 0.0005300045013427734
solving time: 0.9299824237823486 iter: 15
tot_time: 18.230523109436035
init time: 0.0002219676971435547
contact time: 0.003849029541015625
tot contact: 33
contact analysis time: 0.0004642009735107422
solving time: 0.9452507495880127 iter: 15
tot_time: 19.185157299041748
init time: 0.0002193450927734375
contact time: 0.0038695335388183594
tot contact: 32
contact analysis time: 0.0004699230194091797
solving time: 0.9413275718688965 iter: 15
tot_time: 20.1358163356781
init time: 0.0002315044403076172
contact time: 0.003836393356323242
tot contact: 39
contact analysis time: 0.00045037269592285156
solving time: 0.944932222366333 iter: 15
tot_time: 21.0902419090271
init time: 0.00022220611572265625
contact time: 0.0037889480590820312
tot contact: 33
contact analysis time: 0.0004754066467285156
solving time: 0.9218947887420654 iter: 15
tot_time: 22.021364450454712
init time: 0.0003085136413574219
contact time: 0.0038475990295410156
tot contact: 37
contact analysis time: 0.00044989585876464844
solving time: 0.9287679195404053 iter: 15
tot_time: 22.959686994552612
init time: 0.0002276897430419922
contact time: 0.003736734390258789
tot contact: 35
contact analysis time: 0.0004563331604003906
solving time: 0.9310512542724609 iter: 15
tot_time: 23.899906396865845
init time: 0.0002753734588623047
contact time: 0.0036520957946777344
tot contact: 34
contact analysis time: 0.0005066394805908203
solving time: 0.9330644607543945 iter: 15
tot_time: 24.842154026031494
init time: 0.00022530555725097656
contact time: 0.003760814666748047
tot contact: 30
contact analysis time: 0.0004487037658691406
solving time: 0.9325051307678223 iter: 15
tot_time: 25.78394651412964
init time: 0.0002474784851074219
contact time: 0.003648996353149414
tot contact: 26
contact analysis time: 0.00046706199645996094
solving time: 0.8842060565948486 iter: 15
tot_time: 26.677268266677856
init time: 0.0002319812774658203
contact time: 0.0037202835083007812
tot contact: 25
contact analysis time: 0.0004475116729736328
solving time: 0.908055305480957 iter: 15
tot_time: 27.594653129577637
init time: 0.00022125244140625
contact time: 0.0037174224853515625
tot contact: 19
contact analysis time: 0.00044083595275878906
solving time: 0.9017829895019531 iter: 15
tot_time: 28.505539894104004
init time: 0.0002808570861816406
contact time: 0.0037691593170166016
tot contact: 24
contact analysis time: 0.0004508495330810547
solving time: 0.8659334182739258 iter: 15
tot_time: 29.380810737609863
init time: 0.00022530555725097656
contact time: 0.0037670135498046875
tot contact: 34
contact analysis time: 0.00043392181396484375
solving time: 0.9374003410339355 iter: 15
tot_time: 30.32752799987793
init time: 0.00028824806213378906
contact time: 0.0038406848907470703
tot contact: 37
contact analysis time: 0.0005459785461425781
solving time: 0.9257254600524902 iter: 15
tot_time: 31.26272177696228
init time: 0.0002257823944091797
contact time: 0.0039293766021728516
tot contact: 36
contact analysis time: 0.00048422813415527344
solving time: 0.9394817352294922 iter: 15
tot_time: 32.21181273460388
init time: 0.00021982192993164062
contact time: 0.0038738250732421875
tot contact: 28
contact analysis time: 0.0004725456237792969
solving time: 0.928480863571167 iter: 15
tot_time: 33.1497220993042
init time: 0.0002200603485107422
contact time: 0.003741741180419922
tot contact: 17
contact analysis time: 0.00044989585876464844
solving time: 0.7986371517181396 iter: 15
tot_time: 33.957608461380005
init time: 0.0002231597900390625
contact time: 0.0038225650787353516
tot contact: 24
contact analysis time: 0.0004639625549316406
solving time: 0.8317999839782715 iter: 14
tot_time: 34.798879861831665
init time: 0.0002396106719970703
contact time: 0.003801584243774414
tot contact: 22
contact analysis time: 0.0004935264587402344
solving time: 0.9106578826904297 iter: 15
tot_time: 35.71915078163147
init time: 0.00023221969604492188
contact time: 0.0037467479705810547
tot contact: 24
contact analysis time: 0.00047397613525390625
solving time: 0.9339561462402344 iter: 15
tot_time: 36.66236972808838
init time: 0.0002200603485107422
contact time: 0.003669261932373047
tot contact: 20
contact analysis time: 0.00046133995056152344
solving time: 0.8562045097351074 iter: 15
tot_time: 37.527732610702515
init time: 0.00022482872009277344
contact time: 0.003614187240600586
tot contact: 15
contact analysis time: 0.00046324729919433594
solving time: 0.862534761428833 iter: 15
tot_time: 38.399381160736084
init time: 0.0002803802490234375
contact time: 0.0036439895629882812
tot contact: 15
contact analysis time: 0.0004532337188720703
solving time: 0.8631613254547119 iter: 15
tot_time: 39.271844148635864
init time: 0.00023984909057617188
contact time: 0.0036780834197998047
tot contact: 16
contact analysis time: 0.0004565715789794922
solving time: 0.9187648296356201 iter: 15
tot_time: 40.19974708557129
init time: 0.0002770423889160156
contact time: 0.0035965442657470703
tot contact: 15
contact analysis time: 0.0004892349243164062
solving time: 0.8027980327606201 iter: 15
tot_time: 41.01165413856506
init time: 0.00021791458129882812
contact time: 0.0035920143127441406
tot contact: 12
contact analysis time: 0.0004534721374511719
solving time: 0.7931339740753174 iter: 15
tot_time: 41.81385850906372
init time: 0.000217437744140625
contact time: 0.003531217575073242
tot contact: 12
contact analysis time: 0.0004506111145019531
solving time: 0.7924189567565918 iter: 15
tot_time: 42.615241289138794
tot_time: 42.615248680114746
total_reward: [-0.04620989212614203, -0.051045026778930795, -0.049063862245701424, -0.04555719427763499, -0.042305867104589605, -0.042046247478152304, -0.04164040828424509, -0.04109133113719108, -0.04043226725454258, -0.03959938750640834, -0.03876027473468915, -0.037969473580183634, -0.03717861840202258, -0.03635159403330129, -0.03553194466303139, -0.034727524800255705, -0.03370254409235803, -0.0328167401736682, -0.031804773181141444, -0.030827704501422616, -0.029826156080288192, -0.02895437376139311, -0.028081059106566185, -0.02691096212011135, -0.026093715482119095, -0.025263670045807766, -0.02462042917094174, -0.04503161315775485, -0.04438839836558041, -0.04362705812739668, -0.04279850639942392, -0.0419958144868547, -0.04194235801700858, -0.04135436776942566, -0.023595581027881226, -0.022190701494262666, -0.02130431223676891, -0.02096927888032328, -0.020478592788379168]
tot contact: 12
tot contact: 12
tot contact: 15
tot contact: 16
tot contact: 15
tot contact: 15
tot contact: 20
tot contact: 24
tot contact: 22
tot contact: 24
tot contact: 17
tot contact: 28
tot contact: 36
tot contact: 37
tot contact: 34
tot contact: 24
tot contact: 19
tot contact: 25
tot contact: 26
tot contact: 30
tot contact: 34
tot contact: 35
tot contact: 37
tot contact: 33
tot contact: 39
tot contact: 32
tot contact: 33
tot contact: 36
tot contact: 35
tot contact: 28
tot contact: 35
tot contact: 34
tot contact: 33
tot contact: 30
tot contact: 30
tot contact: 32
tot contact: 26
tot contact: 30
tot contact: 31
tot contact: 30
tot contact: 27
tot contact: 29
tot contact: 25
tot contact: 26
tot contact: 29
tot contact: 26
tot contact: 23
tot contact: 26
tot contact: 29
done grad
iter:  39
[I 10/02/26 14:51:16.131 13459] [swap_chain.cpp:dump_image_buffer@164] Dumping image buffer...
init time: 0.0002815723419189453
contact time: 0.002881288528442383
tot contact: 29
contact analysis time: 0.000507354736328125
solving time: 0.46102190017700195 iter: 9
tot_time: 0.49985647201538086
init time: 0.00027489662170410156
contact time: 0.003138303756713867
tot contact: 26
contact analysis time: 0.0004661083221435547
solving time: 0.47661280632019043 iter: 9
tot_time: 0.9851155281066895
init time: 0.00021648406982421875
contact time: 0.003298521041870117
tot contact: 23
contact analysis time: 0.00044727325439453125
solving time: 0.4533076286315918 iter: 9
tot_time: 1.447119951248169
init time: 0.00021409988403320312
contact time: 0.0034203529357910156
tot contact: 26
contact analysis time: 0.0004601478576660156
solving time: 0.5568931102752686 iter: 11
tot_time: 2.0128018856048584
init time: 0.00022029876708984375
contact time: 0.003589630126953125
tot contact: 29
contact analysis time: 0.0004782676696777344
solving time: 0.7915565967559814 iter: 14
tot_time: 2.813389778137207
init time: 0.00022792816162109375
contact time: 0.0034821033477783203
tot contact: 26
contact analysis time: 0.0004565715789794922
solving time: 0.8311843872070312 iter: 15
tot_time: 3.6537625789642334
init time: 0.00021886825561523438
contact time: 0.0034644603729248047
tot contact: 25
contact analysis time: 0.0004467964172363281
solving time: 0.6932780742645264 iter: 13
tot_time: 4.355896711349487
init time: 0.0002753734588623047
contact time: 0.0035147666931152344
tot contact: 29
contact analysis time: 0.0004220008850097656
solving time: 0.8525550365447998 iter: 15
tot_time: 5.217521905899048
init time: 0.00021958351135253906
contact time: 0.0034399032592773438
tot contact: 27
contact analysis time: 0.00045680999755859375
solving time: 0.9190175533294678 iter: 15
tot_time: 6.145490407943726
init time: 0.0003020763397216797
contact time: 0.0035371780395507812
tot contact: 29
contact analysis time: 0.0005178451538085938
solving time: 0.9186785221099854 iter: 15
tot_time: 7.073370456695557
init time: 0.00022840499877929688
contact time: 0.003705739974975586
tot contact: 32
contact analysis time: 0.0004665851593017578
solving time: 0.9122719764709473 iter: 15
tot_time: 7.9950947761535645
init time: 0.00021910667419433594
contact time: 0.0036356449127197266
tot contact: 31
contact analysis time: 0.000461578369140625
solving time: 0.9198434352874756 iter: 15
tot_time: 8.924124240875244
init time: 0.0002486705780029297
contact time: 0.0037086009979248047
tot contact: 28
contact analysis time: 0.0004856586456298828
solving time: 0.8800549507141113 iter: 15
tot_time: 9.813885688781738
init time: 0.00022077560424804688
contact time: 0.003744363784790039
tot contact: 35
contact analysis time: 0.0005166530609130859
solving time: 0.8588628768920898 iter: 14
tot_time: 10.682028770446777
init time: 0.0002200603485107422
contact time: 0.0037369728088378906
tot contact: 34
contact analysis time: 0.0004601478576660156
solving time: 0.9188928604125977 iter: 15
tot_time: 11.610078573226929
init time: 0.00023508071899414062
contact time: 0.0037412643432617188
tot contact: 34
contact analysis time: 0.0005090236663818359
solving time: 0.9187676906585693 iter: 15
tot_time: 12.538236141204834
init time: 0.00022149085998535156
contact time: 0.003795623779296875
tot contact: 35
contact analysis time: 0.0004813671112060547
solving time: 0.8591632843017578 iter: 14
tot_time: 13.407169580459595
init time: 0.0002601146697998047
contact time: 0.0037860870361328125
tot contact: 33
contact analysis time: 0.0005118846893310547
solving time: 0.9144496917724609 iter: 15
tot_time: 14.331127405166626
init time: 0.0002377033233642578
contact time: 0.0036919116973876953
tot contact: 33
contact analysis time: 0.00048470497131347656
solving time: 0.9308786392211914 iter: 15
tot_time: 15.271341562271118
init time: 0.00023794174194335938
contact time: 0.0037245750427246094
tot contact: 28
contact analysis time: 0.0004677772521972656
solving time: 0.7002906799316406 iter: 12
tot_time: 15.980884313583374
init time: 0.00021529197692871094
contact time: 0.003757476806640625
tot contact: 31
contact analysis time: 0.000469207763671875
solving time: 0.8135316371917725 iter: 13
tot_time: 16.80374526977539
init time: 0.0002796649932861328
contact time: 0.0037865638732910156
tot contact: 31
contact analysis time: 0.0004787445068359375
solving time: 0.9365415573120117 iter: 15
tot_time: 17.749718189239502
init time: 0.00021529197692871094
contact time: 0.0036852359771728516
tot contact: 28
contact analysis time: 0.0004448890686035156
solving time: 0.9296948909759521 iter: 15
tot_time: 18.68856191635132
init time: 0.0002849102020263672
contact time: 0.003705739974975586
tot contact: 25
contact analysis time: 0.000499725341796875
solving time: 0.8794515132904053 iter: 14
tot_time: 19.577483654022217
init time: 0.00022220611572265625
contact time: 0.0037631988525390625
tot contact: 35
contact analysis time: 0.00043892860412597656
solving time: 0.8148539066314697 iter: 13
tot_time: 20.401503801345825
init time: 0.000225067138671875
contact time: 0.003838062286376953
tot contact: 31
contact analysis time: 0.0004639625549316406
solving time: 0.9323785305023193 iter: 15
tot_time: 21.34335970878601
init time: 0.0002200603485107422
contact time: 0.0038461685180664062
tot contact: 34
contact analysis time: 0.0004999637603759766
solving time: 0.9390661716461182 iter: 15
tot_time: 22.29189372062683
init time: 0.00022268295288085938
contact time: 0.0037691593170166016
tot contact: 33
contact analysis time: 0.00045800209045410156
solving time: 0.9283883571624756 iter: 15
tot_time: 23.22968339920044
init time: 0.00022220611572265625
contact time: 0.0037047863006591797
tot contact: 32
contact analysis time: 0.0004456043243408203
solving time: 0.9247245788574219 iter: 15
tot_time: 24.16351842880249
init time: 0.00028634071350097656
contact time: 0.003699064254760742
tot contact: 27
contact analysis time: 0.0004508495330810547
solving time: 0.904334306716919 iter: 15
tot_time: 25.07720446586609
init time: 0.0002453327178955078
contact time: 0.003644227981567383
tot contact: 26
contact analysis time: 0.00045752525329589844
solving time: 0.8808019161224365 iter: 15
tot_time: 25.96720790863037
init time: 0.0002880096435546875
contact time: 0.003559112548828125
tot contact: 32
contact analysis time: 0.0005075931549072266
solving time: 0.8814904689788818 iter: 15
tot_time: 26.857876300811768
init time: 0.0002167224884033203
contact time: 0.003721952438354492
tot contact: 26
contact analysis time: 0.0004436969757080078
solving time: 0.8719158172607422 iter: 15
tot_time: 27.73912286758423
init time: 0.00023794174194335938
contact time: 0.0037283897399902344
tot contact: 22
contact analysis time: 0.0004515647888183594
solving time: 0.8635299205780029 iter: 15
tot_time: 28.611945390701294
init time: 0.00022530555725097656
contact time: 0.003883838653564453
tot contact: 28
contact analysis time: 0.0004622936248779297
solving time: 0.87644362449646 iter: 15
tot_time: 29.497812032699585
init time: 0.00022125244140625
contact time: 0.00400090217590332
tot contact: 32
contact analysis time: 0.0004532337188720703
solving time: 0.9456005096435547 iter: 15
tot_time: 30.452884435653687
init time: 0.0002734661102294922
contact time: 0.004041433334350586
tot contact: 36
contact analysis time: 0.0004413127899169922
solving time: 0.9473145008087158 iter: 15
tot_time: 31.40985941886902
init time: 0.00022220611572265625
contact time: 0.0039598941802978516
tot contact: 43
contact analysis time: 0.0004398822784423828
solving time: 0.9608745574951172 iter: 15
tot_time: 32.38012909889221
init time: 0.0002808570861816406
contact time: 0.003827810287475586
tot contact: 29
contact analysis time: 0.0005090236663818359
solving time: 0.8119120597839355 iter: 15
tot_time: 33.20144557952881
init time: 0.0002372264862060547
contact time: 0.003926277160644531
tot contact: 26
contact analysis time: 0.0004515647888183594
solving time: 0.9210832118988037 iter: 15
tot_time: 34.132169008255005
init time: 0.00021958351135253906
contact time: 0.003852367401123047
tot contact: 25
contact analysis time: 0.0004444122314453125
solving time: 0.9416484832763672 iter: 15
tot_time: 35.08319163322449
init time: 0.00025773048400878906
contact time: 0.003980398178100586
tot contact: 21
contact analysis time: 0.00043892860412597656
solving time: 0.9300577640533447 iter: 15
tot_time: 36.02287483215332
init time: 0.00021719932556152344
contact time: 0.003911495208740234
tot contact: 17
contact analysis time: 0.00045490264892578125
solving time: 0.921668529510498 iter: 15
tot_time: 36.95400619506836
init time: 0.0002808570861816406
contact time: 0.0039942264556884766
tot contact: 17
contact analysis time: 0.00045418739318847656
solving time: 0.9238674640655518 iter: 15
tot_time: 37.88753938674927
init time: 0.00021719932556152344
contact time: 0.0038928985595703125
tot contact: 13
contact analysis time: 0.0004429817199707031
solving time: 0.8748917579650879 iter: 15
tot_time: 38.77179312705994
init time: 0.0002906322479248047
contact time: 0.003927469253540039
tot contact: 21
contact analysis time: 0.0005502700805664062
solving time: 0.9242327213287354 iter: 15
tot_time: 39.705758810043335
init time: 0.00022649765014648438
contact time: 0.0039408206939697266
tot contact: 16
contact analysis time: 0.00043272972106933594
solving time: 0.9249205589294434 iter: 15
tot_time: 40.640183448791504
init time: 0.00027751922607421875
contact time: 0.003838062286376953
tot contact: 22
contact analysis time: 0.0005140304565429688
solving time: 0.9410285949707031 iter: 15
tot_time: 41.590660095214844
init time: 0.00022292137145996094
contact time: 0.0038881301879882812
tot contact: 19
contact analysis time: 0.00045013427734375
solving time: 0.9509122371673584 iter: 15
tot_time: 42.55102753639221
tot_time: 42.55103540420532
total_reward: [-0.04620989212614203, -0.051045026778930795, -0.049063862245701424, -0.04555719427763499, -0.042305867104589605, -0.042046247478152304, -0.04164040828424509, -0.04109133113719108, -0.04043226725454258, -0.03959938750640834, -0.03876027473468915, -0.037969473580183634, -0.03717861840202258, -0.03635159403330129, -0.03553194466303139, -0.034727524800255705, -0.03370254409235803, -0.0328167401736682, -0.031804773181141444, -0.030827704501422616, -0.029826156080288192, -0.02895437376139311, -0.028081059106566185, -0.02691096212011135, -0.026093715482119095, -0.025263670045807766, -0.02462042917094174, -0.04503161315775485, -0.04438839836558041, -0.04362705812739668, -0.04279850639942392, -0.0419958144868547, -0.04194235801700858, -0.04135436776942566, -0.023595581027881226, -0.022190701494262666, -0.02130431223676891, -0.02096927888032328, -0.020478592788379168, -0.04097143586810665]
tot contact: 19
tot contact: 22
tot contact: 16
tot contact: 21
tot contact: 13
tot contact: 17
tot contact: 17
tot contact: 21
tot contact: 25
tot contact: 26
tot contact: 29
tot contact: 43
tot contact: 36
tot contact: 32
tot contact: 28
tot contact: 22
tot contact: 26
tot contact: 32
tot contact: 26
tot contact: 27
tot contact: 32
tot contact: 33
tot contact: 34
tot contact: 31
tot contact: 35
tot contact: 25
tot contact: 28
tot contact: 31
tot contact: 31
tot contact: 28
tot contact: 33
tot contact: 33
tot contact: 35
tot contact: 34
tot contact: 34
tot contact: 35
tot contact: 28
tot contact: 31
tot contact: 32
tot contact: 29
tot contact: 27
tot contact: 29
tot contact: 25
tot contact: 26
tot contact: 29
tot contact: 26
tot contact: 23
tot contact: 26
tot contact: 29
done grad
iter:  40
[I 10/02/26 14:52:01.813 13459] [swap_chain.cpp:dump_image_buffer@164] Dumping image buffer...
init time: 0.00025534629821777344
contact time: 0.0029735565185546875
tot contact: 29
contact analysis time: 0.00044846534729003906
solving time: 0.45986461639404297 iter: 9
tot_time: 0.4989502429962158
init time: 0.000270843505859375
contact time: 0.00305938720703125
tot contact: 26
contact analysis time: 0.0005114078521728516
solving time: 0.45383620262145996 iter: 9
tot_time: 0.961359977722168
init time: 0.0002181529998779297
contact time: 0.003231525421142578
tot contact: 23
contact analysis time: 0.0004546642303466797
solving time: 0.45357346534729004 iter: 9
tot_time: 1.4236445426940918
init time: 0.00024700164794921875
contact time: 0.0035147666931152344
tot contact: 26
contact analysis time: 0.0004749298095703125
solving time: 0.5553324222564697 iter: 11
tot_time: 1.9880380630493164
init time: 0.0002162456512451172
contact time: 0.003629922866821289
tot contact: 29
contact analysis time: 0.0004527568817138672
solving time: 0.8394105434417725 iter: 15
tot_time: 2.8365113735198975
init time: 0.00028133392333984375
contact time: 0.003458738327026367
tot contact: 26
contact analysis time: 0.0005664825439453125
solving time: 0.8319902420043945 iter: 15
tot_time: 3.6776273250579834
init time: 0.0003261566162109375
contact time: 0.003502368927001953
tot contact: 25
contact analysis time: 0.0005578994750976562
solving time: 0.7086074352264404 iter: 13
tot_time: 4.39552903175354
init time: 0.00023412704467773438
contact time: 0.0034835338592529297
tot contact: 29
contact analysis time: 0.00045680999755859375
solving time: 0.8501262664794922 iter: 15
tot_time: 5.254652738571167
init time: 0.0002193450927734375
contact time: 0.003439188003540039
tot contact: 27
contact analysis time: 0.0004572868347167969
solving time: 0.9194190502166748 iter: 15
tot_time: 6.182967185974121
init time: 0.0002765655517578125
contact time: 0.003628969192504883
tot contact: 29
contact analysis time: 0.0004425048828125
solving time: 0.9214105606079102 iter: 15
tot_time: 7.113603353500366
init time: 0.00022673606872558594
contact time: 0.0035920143127441406
tot contact: 32
contact analysis time: 0.0004565715789794922
solving time: 0.914696216583252 iter: 15
tot_time: 8.03735899925232
init time: 0.00022363662719726562
contact time: 0.003633737564086914
tot contact: 31
contact analysis time: 0.0004608631134033203
solving time: 0.9252007007598877 iter: 15
tot_time: 8.971763849258423
init time: 0.00022029876708984375
contact time: 0.0036382675170898438
tot contact: 28
contact analysis time: 0.0004684925079345703
solving time: 0.8790369033813477 iter: 15
tot_time: 9.860102891921997
init time: 0.00027751922607421875
contact time: 0.0037679672241210938
tot contact: 36
contact analysis time: 0.0005104541778564453
solving time: 0.8644247055053711 iter: 14
tot_time: 10.733911275863647
init time: 0.00025081634521484375
contact time: 0.003732442855834961
tot contact: 35
contact analysis time: 0.0004444122314453125
solving time: 0.9223141670227051 iter: 15
tot_time: 11.665446996688843
init time: 0.0003097057342529297
contact time: 0.0036699771881103516
tot contact: 34
contact analysis time: 0.0005497932434082031
solving time: 0.917616605758667 iter: 15
tot_time: 12.592378854751587
init time: 0.00023055076599121094
contact time: 0.003802776336669922
tot contact: 35
contact analysis time: 0.0004596710205078125
solving time: 0.8582360744476318 iter: 14
tot_time: 13.460092544555664
init time: 0.00028133392333984375
contact time: 0.0037081241607666016
tot contact: 33
contact analysis time: 0.0005354881286621094
solving time: 0.9227650165557861 iter: 15
tot_time: 14.39227032661438
init time: 0.0002837181091308594
contact time: 0.0036172866821289062
tot contact: 33
contact analysis time: 0.0005471706390380859
solving time: 0.9299235343933105 iter: 15
tot_time: 15.33158540725708
init time: 0.00024271011352539062
contact time: 0.003711223602294922
tot contact: 28
contact analysis time: 0.00048232078552246094
solving time: 0.6961517333984375 iter: 12
tot_time: 16.037031173706055
init time: 0.00022339820861816406
contact time: 0.0037157535552978516
tot contact: 31
contact analysis time: 0.00044655799865722656
solving time: 0.8304619789123535 iter: 13
tot_time: 16.87669086456299
init time: 0.0002791881561279297
contact time: 0.00372314453125
tot contact: 31
contact analysis time: 0.0004987716674804688
solving time: 0.9423060417175293 iter: 15
tot_time: 17.828264713287354
init time: 0.00021409988403320312
contact time: 0.0037310123443603516
tot contact: 27
contact analysis time: 0.0004329681396484375
solving time: 0.9386436939239502 iter: 15
tot_time: 18.776089429855347
init time: 0.0002892017364501953
contact time: 0.0037801265716552734
tot contact: 25
contact analysis time: 0.00044345855712890625
solving time: 0.8724625110626221 iter: 14
tot_time: 19.657909154891968
init time: 0.00022339820861816406
contact time: 0.003855466842651367
tot contact: 37
contact analysis time: 0.00045180320739746094
solving time: 0.8111555576324463 iter: 13
tot_time: 20.47851586341858
init time: 0.0002384185791015625
contact time: 0.0037832260131835938
tot contact: 31
contact analysis time: 0.000469207763671875
solving time: 0.9340991973876953 iter: 15
tot_time: 21.421973705291748
init time: 0.00022077560424804688
contact time: 0.003936290740966797
tot contact: 35
contact analysis time: 0.0004546642303466797
solving time: 0.9438943862915039 iter: 15
tot_time: 22.375316858291626
init time: 0.00023174285888671875
contact time: 0.003775358200073242
tot contact: 33
contact analysis time: 0.0004851818084716797
solving time: 0.9330558776855469 iter: 15
tot_time: 23.317888498306274
init time: 0.00022864341735839844
contact time: 0.003718137741088867
tot contact: 32
contact analysis time: 0.000457763671875
solving time: 0.9272749423980713 iter: 15
tot_time: 24.254400730133057
init time: 0.000225067138671875
contact time: 0.0037102699279785156
tot contact: 27
contact analysis time: 0.000457763671875
solving time: 0.9002652168273926 iter: 15
tot_time: 25.16401743888855
init time: 0.00022673606872558594
contact time: 0.003631114959716797
tot contact: 27
contact analysis time: 0.0004520416259765625
solving time: 0.8792264461517334 iter: 15
tot_time: 26.052395343780518
init time: 0.0002880096435546875
contact time: 0.0036754608154296875
tot contact: 32
contact analysis time: 0.0004734992980957031
solving time: 0.8805272579193115 iter: 15
tot_time: 26.94238591194153
init time: 0.00022101402282714844
contact time: 0.003672361373901367
tot contact: 26
contact analysis time: 0.00045871734619140625
solving time: 0.8737835884094238 iter: 15
tot_time: 27.82536792755127
init time: 0.0003008842468261719
contact time: 0.0036766529083251953
tot contact: 22
contact analysis time: 0.0005125999450683594
solving time: 0.868535041809082 iter: 15
tot_time: 28.70326042175293
init time: 0.00022864341735839844
contact time: 0.003941059112548828
tot contact: 28
contact analysis time: 0.0004673004150390625
solving time: 0.8799285888671875 iter: 15
tot_time: 29.592729330062866
init time: 0.0002205371856689453
contact time: 0.004013776779174805
tot contact: 31
contact analysis time: 0.0004475116729736328
solving time: 0.9378464221954346 iter: 15
tot_time: 30.54015827178955
init time: 0.00021576881408691406
contact time: 0.004029512405395508
tot contact: 34
contact analysis time: 0.0004417896270751953
solving time: 0.953242301940918 iter: 15
tot_time: 31.503085374832153
init time: 0.000217437744140625
contact time: 0.00394439697265625
tot contact: 43
contact analysis time: 0.0004382133483886719
solving time: 0.9686903953552246 iter: 15
tot_time: 32.48119497299194
init time: 0.0002942085266113281
contact time: 0.0038712024688720703
tot contact: 28
contact analysis time: 0.0004601478576660156
solving time: 0.8101577758789062 iter: 15
tot_time: 33.30087232589722
init time: 0.00021719932556152344
contact time: 0.0038099288940429688
tot contact: 26
contact analysis time: 0.0004413127899169922
solving time: 0.9414608478546143 iter: 15
tot_time: 34.25153183937073
init time: 0.00027823448181152344
contact time: 0.0038077831268310547
tot contact: 26
contact analysis time: 0.0005407333374023438
solving time: 0.9461193084716797 iter: 15
tot_time: 35.20714020729065
init time: 0.00022554397583007812
contact time: 0.004007577896118164
tot contact: 21
contact analysis time: 0.0004558563232421875
solving time: 0.9275331497192383 iter: 15
tot_time: 36.14428901672363
init time: 0.0002269744873046875
contact time: 0.0038633346557617188
tot contact: 17
contact analysis time: 0.00045752525329589844
solving time: 0.9198200702667236 iter: 15
tot_time: 37.0735445022583
init time: 0.00022029876708984375
contact time: 0.004042625427246094
tot contact: 17
contact analysis time: 0.0004863739013671875
solving time: 0.919985294342041 iter: 15
tot_time: 38.00317096710205
init time: 0.0002186298370361328
contact time: 0.003927707672119141
tot contact: 13
contact analysis time: 0.00045371055603027344
solving time: 0.8722944259643555 iter: 15
tot_time: 38.884886264801025
init time: 0.0002841949462890625
contact time: 0.0039806365966796875
tot contact: 21
contact analysis time: 0.00044989585876464844
solving time: 0.9240102767944336 iter: 15
tot_time: 39.81857895851135
init time: 0.0002636909484863281
contact time: 0.003880023956298828
tot contact: 16
contact analysis time: 0.0004363059997558594
solving time: 0.9159755706787109 iter: 15
tot_time: 40.744017362594604
init time: 0.00028705596923828125
contact time: 0.0038118362426757812
tot contact: 22
contact analysis time: 0.0005228519439697266
solving time: 0.9396016597747803 iter: 15
tot_time: 41.69301438331604
init time: 0.00022864341735839844
contact time: 0.003881216049194336
tot contact: 20
contact analysis time: 0.0004527568817138672
solving time: 0.9505932331085205 iter: 15
tot_time: 42.653125047683716
tot_time: 42.65313267707825
total_reward: [-0.04620989212614203, -0.051045026778930795, -0.049063862245701424, -0.04555719427763499, -0.042305867104589605, -0.042046247478152304, -0.04164040828424509, -0.04109133113719108, -0.04043226725454258, -0.03959938750640834, -0.03876027473468915, -0.037969473580183634, -0.03717861840202258, -0.03635159403330129, -0.03553194466303139, -0.034727524800255705, -0.03370254409235803, -0.0328167401736682, -0.031804773181141444, -0.030827704501422616, -0.029826156080288192, -0.02895437376139311, -0.028081059106566185, -0.02691096212011135, -0.026093715482119095, -0.025263670045807766, -0.02462042917094174, -0.04503161315775485, -0.04438839836558041, -0.04362705812739668, -0.04279850639942392, -0.0419958144868547, -0.04194235801700858, -0.04135436776942566, -0.023595581027881226, -0.022190701494262666, -0.02130431223676891, -0.02096927888032328, -0.020478592788379168, -0.04097143586810665, -0.04103583733588672]
tot contact: 20
tot contact: 22
tot contact: 16
tot contact: 21
tot contact: 13
tot contact: 17
tot contact: 17
tot contact: 21
tot contact: 26
tot contact: 26
tot contact: 28
tot contact: 43
tot contact: 34
tot contact: 31
tot contact: 28
tot contact: 22
tot contact: 26
tot contact: 32
tot contact: 27
tot contact: 27
tot contact: 32
tot contact: 33
tot contact: 35
tot contact: 31
tot contact: 37
tot contact: 25
tot contact: 27
tot contact: 31
tot contact: 31
tot contact: 28
tot contact: 33
tot contact: 33
tot contact: 35
tot contact: 34
tot contact: 35
tot contact: 36
tot contact: 28
tot contact: 31
tot contact: 32
tot contact: 29
tot contact: 27
tot contact: 29
tot contact: 25
tot contact: 26
tot contact: 29
tot contact: 26
tot contact: 23
tot contact: 26
tot contact: 29
done grad
iter:  41
[I 10/02/26 14:52:47.599 13459] [swap_chain.cpp:dump_image_buffer@164] Dumping image buffer...
init time: 0.00022459030151367188
contact time: 0.002932310104370117
tot contact: 29
contact analysis time: 0.0004398822784423828
solving time: 0.4719998836517334 iter: 9
tot_time: 0.5106513500213623
init time: 0.0002186298370361328
contact time: 0.0031495094299316406
tot contact: 26
contact analysis time: 0.0004470348358154297
solving time: 0.45929670333862305 iter: 9
tot_time: 0.978708028793335
init time: 0.0002257823944091797
contact time: 0.003324270248413086
tot contact: 23
contact analysis time: 0.0005524158477783203
solving time: 0.45406198501586914 iter: 9
tot_time: 1.441612720489502
init time: 0.00021648406982421875
contact time: 0.003498554229736328
tot contact: 26
contact analysis time: 0.00044083595275878906
solving time: 0.5588726997375488 iter: 11
tot_time: 2.0095322132110596
init time: 0.00021982192993164062
contact time: 0.0035576820373535156
tot contact: 29
contact analysis time: 0.0004513263702392578
solving time: 0.779451847076416 iter: 14
tot_time: 2.798013210296631
init time: 0.0002582073211669922
contact time: 0.003468751907348633
tot contact: 26
contact analysis time: 0.00044798851013183594
solving time: 0.8290252685546875 iter: 15
tot_time: 3.6361851692199707
init time: 0.00022792816162109375
contact time: 0.0034570693969726562
tot contact: 26
contact analysis time: 0.00045371055603027344
solving time: 0.6928722858428955 iter: 13
tot_time: 4.338069677352905
init time: 0.00022268295288085938
contact time: 0.003393888473510742
tot contact: 29
contact analysis time: 0.00043702125549316406
solving time: 0.8490307331085205 iter: 15
tot_time: 5.195969343185425
init time: 0.00022268295288085938
contact time: 0.003531217575073242
tot contact: 27
contact analysis time: 0.00045418739318847656
solving time: 0.9197127819061279 iter: 15
tot_time: 6.124670505523682
init time: 0.0002200603485107422
contact time: 0.003583669662475586
tot contact: 29
contact analysis time: 0.0004546642303466797
solving time: 0.917900800704956 iter: 15
tot_time: 7.051635503768921
init time: 0.00022864341735839844
contact time: 0.0036499500274658203
tot contact: 32
contact analysis time: 0.0004818439483642578
solving time: 0.9119951725006104 iter: 15
tot_time: 7.97290825843811
init time: 0.0002288818359375
contact time: 0.0036208629608154297
tot contact: 31
contact analysis time: 0.00047469139099121094
solving time: 0.9216420650482178 iter: 15
tot_time: 8.903719425201416
init time: 0.00022363662719726562
contact time: 0.003574371337890625
tot contact: 28
contact analysis time: 0.00044608116149902344
solving time: 0.8761894702911377 iter: 15
tot_time: 9.788944482803345
init time: 0.0002999305725097656
contact time: 0.0038368701934814453
tot contact: 36
contact analysis time: 0.00047707557678222656
solving time: 0.8645598888397217 iter: 14
tot_time: 10.662975549697876
init time: 0.00022912025451660156
contact time: 0.003818035125732422
tot contact: 35
contact analysis time: 0.00045418739318847656
solving time: 0.9464774131774902 iter: 15
tot_time: 11.618747472763062
init time: 0.0002856254577636719
contact time: 0.003666400909423828
tot contact: 34
contact analysis time: 0.0005190372467041016
solving time: 0.9272022247314453 iter: 15
tot_time: 12.55523681640625
init time: 0.0002186298370361328
contact time: 0.0037305355072021484
tot contact: 35
contact analysis time: 0.0004355907440185547
solving time: 0.8571836948394775 iter: 14
tot_time: 13.421560049057007
init time: 0.00022459030151367188
contact time: 0.0037488937377929688
tot contact: 32
contact analysis time: 0.0004391670227050781
solving time: 0.8497464656829834 iter: 14
tot_time: 14.28049635887146
init time: 0.00023627281188964844
contact time: 0.003716707229614258
tot contact: 33
contact analysis time: 0.0004439353942871094
solving time: 0.9330620765686035 iter: 15
tot_time: 15.222925424575806
init time: 0.00021839141845703125
contact time: 0.0036835670471191406
tot contact: 28
contact analysis time: 0.0004456043243408203
solving time: 0.6990160942077637 iter: 12
tot_time: 15.931180715560913
init time: 0.00022482872009277344
contact time: 0.0037965774536132812
tot contact: 31
contact analysis time: 0.0004458427429199219
solving time: 0.819420576095581 iter: 13
tot_time: 16.75990128517151
init time: 0.00028896331787109375
contact time: 0.003785848617553711
tot contact: 31
contact analysis time: 0.0004639625549316406
solving time: 0.9351918697357178 iter: 15
tot_time: 17.704643726348877
init time: 0.00022602081298828125
contact time: 0.0036950111389160156
tot contact: 27
contact analysis time: 0.00043964385986328125
solving time: 0.9375143051147461 iter: 15
tot_time: 18.651389598846436
init time: 0.000286102294921875
contact time: 0.003715038299560547
tot contact: 25
contact analysis time: 0.0005397796630859375
solving time: 0.8756911754608154 iter: 14
tot_time: 19.536521196365356
init time: 0.00021719932556152344
contact time: 0.003909587860107422
tot contact: 37
contact analysis time: 0.000446319580078125
solving time: 0.8178987503051758 iter: 13
tot_time: 20.363819360733032
init time: 0.00022792816162109375
contact time: 0.0038433074951171875
tot contact: 31
contact analysis time: 0.00045800209045410156
solving time: 0.9362823963165283 iter: 15
tot_time: 21.309590578079224
init time: 0.00022602081298828125
contact time: 0.0039386749267578125
tot contact: 35
contact analysis time: 0.00047659873962402344
solving time: 0.9430725574493408 iter: 15
tot_time: 22.262065410614014
init time: 0.0002219676971435547
contact time: 0.0037910938262939453
tot contact: 33
contact analysis time: 0.0004494190216064453
solving time: 0.9303557872772217 iter: 15
tot_time: 23.201916694641113
init time: 0.0002238750457763672
contact time: 0.003632783889770508
tot contact: 33
contact analysis time: 0.00044655799865722656
solving time: 0.9253635406494141 iter: 15
tot_time: 24.136390209197998
init time: 0.00030303001403808594
contact time: 0.0037386417388916016
tot contact: 27
contact analysis time: 0.0004930496215820312
solving time: 0.9035944938659668 iter: 15
tot_time: 25.04966926574707
init time: 0.00022649765014648438
contact time: 0.003705263137817383
tot contact: 27
contact analysis time: 0.00045299530029296875
solving time: 0.8802568912506104 iter: 15
tot_time: 25.93929696083069
init time: 0.0002791881561279297
contact time: 0.003612041473388672
tot contact: 32
contact analysis time: 0.0005478858947753906
solving time: 0.8799495697021484 iter: 15
tot_time: 26.828583478927612
init time: 0.00022220611572265625
contact time: 0.0037262439727783203
tot contact: 26
contact analysis time: 0.00044918060302734375
solving time: 0.8730413913726807 iter: 15
tot_time: 27.710879802703857
init time: 0.0002238750457763672
contact time: 0.003755331039428711
tot contact: 22
contact analysis time: 0.0004513263702392578
solving time: 0.8680953979492188 iter: 15
tot_time: 28.588271141052246
init time: 0.0002186298370361328
contact time: 0.003939628601074219
tot contact: 27
contact analysis time: 0.0005059242248535156
solving time: 0.8903646469116211 iter: 15
tot_time: 29.488102674484253
init time: 0.0002288818359375
contact time: 0.0039904117584228516
tot contact: 31
contact analysis time: 0.00045680999755859375
solving time: 0.9375433921813965 iter: 15
tot_time: 30.435054063796997
init time: 0.00027441978454589844
contact time: 0.004086732864379883
tot contact: 35
contact analysis time: 0.0004420280456542969
solving time: 0.9446039199829102 iter: 15
tot_time: 31.389369249343872
init time: 0.00022149085998535156
contact time: 0.0038766860961914062
tot contact: 44
contact analysis time: 0.00045013427734375
solving time: 0.9693045616149902 iter: 15
tot_time: 32.36799454689026
init time: 0.0002715587615966797
contact time: 0.0037720203399658203
tot contact: 28
contact analysis time: 0.0005118846893310547
solving time: 0.8097126483917236 iter: 15
tot_time: 33.187057971954346
init time: 0.00022125244140625
contact time: 0.0038595199584960938
tot contact: 26
contact analysis time: 0.00043702125549316406
solving time: 0.9431726932525635 iter: 15
tot_time: 34.13958764076233
init time: 0.0002193450927734375
contact time: 0.003835439682006836
tot contact: 25
contact analysis time: 0.00046181678771972656
solving time: 0.9383542537689209 iter: 15
tot_time: 35.08725643157959
init time: 0.00021457672119140625
contact time: 0.003925323486328125
tot contact: 21
contact analysis time: 0.00043892860412597656
solving time: 0.9262239933013916 iter: 15
tot_time: 36.02290415763855
init time: 0.00021266937255859375
contact time: 0.003963947296142578
tot contact: 17
contact analysis time: 0.0004642009735107422
solving time: 0.9187023639678955 iter: 15
tot_time: 36.951016426086426
init time: 0.0002727508544921875
contact time: 0.003973960876464844
tot contact: 17
contact analysis time: 0.00042724609375
solving time: 0.9215137958526611 iter: 15
tot_time: 37.882049560546875
init time: 0.00023031234741210938
contact time: 0.0038766860961914062
tot contact: 14
contact analysis time: 0.0004696846008300781
solving time: 0.8755457401275635 iter: 15
tot_time: 38.766968727111816
init time: 0.0002970695495605469
contact time: 0.003925323486328125
tot contact: 22
contact analysis time: 0.0005018711090087891
solving time: 0.93636155128479 iter: 15
tot_time: 39.71300172805786
init time: 0.0002288818359375
contact time: 0.0038895606994628906
tot contact: 16
contact analysis time: 0.00045037269592285156
solving time: 0.9209539890289307 iter: 15
tot_time: 40.643298625946045
init time: 0.0002799034118652344
contact time: 0.003906726837158203
tot contact: 22
contact analysis time: 0.0005528926849365234
solving time: 0.939145565032959 iter: 15
tot_time: 41.59195637702942
init time: 0.0002200603485107422
contact time: 0.0038313865661621094
tot contact: 20
contact analysis time: 0.00043702125549316406
solving time: 0.9518013000488281 iter: 15
tot_time: 42.553081035614014
tot_time: 42.55308818817139
total_reward: [-0.04620989212614203, -0.051045026778930795, -0.049063862245701424, -0.04555719427763499, -0.042305867104589605, -0.042046247478152304, -0.04164040828424509, -0.04109133113719108, -0.04043226725454258, -0.03959938750640834, -0.03876027473468915, -0.037969473580183634, -0.03717861840202258, -0.03635159403330129, -0.03553194466303139, -0.034727524800255705, -0.03370254409235803, -0.0328167401736682, -0.031804773181141444, -0.030827704501422616, -0.029826156080288192, -0.02895437376139311, -0.028081059106566185, -0.02691096212011135, -0.026093715482119095, -0.025263670045807766, -0.02462042917094174, -0.04503161315775485, -0.04438839836558041, -0.04362705812739668, -0.04279850639942392, -0.0419958144868547, -0.04194235801700858, -0.04135436776942566, -0.023595581027881226, -0.022190701494262666, -0.02130431223676891, -0.02096927888032328, -0.020478592788379168, -0.04097143586810665, -0.04103583733588672, -0.040272876502504495]
tot contact: 20
tot contact: 22
tot contact: 16
tot contact: 22
tot contact: 14
tot contact: 17
tot contact: 17
tot contact: 21
tot contact: 25
tot contact: 26
tot contact: 28
tot contact: 44
tot contact: 35
tot contact: 31
tot contact: 27
tot contact: 22
tot contact: 26
tot contact: 32
tot contact: 27
tot contact: 27
tot contact: 33
tot contact: 33
tot contact: 35
tot contact: 31
tot contact: 37
tot contact: 25
tot contact: 27
tot contact: 31
tot contact: 31
tot contact: 28
tot contact: 33
tot contact: 32
tot contact: 35
tot contact: 34
tot contact: 35
tot contact: 36
tot contact: 28
tot contact: 31
tot contact: 32
tot contact: 29
tot contact: 27
tot contact: 29
tot contact: 26
tot contact: 26
tot contact: 29
tot contact: 26
tot contact: 23
tot contact: 26
tot contact: 29
done grad
iter:  42
[I 10/02/26 14:53:33.282 13459] [swap_chain.cpp:dump_image_buffer@164] Dumping image buffer...
init time: 0.00021958351135253906
contact time: 0.002908945083618164
tot contact: 29
contact analysis time: 0.00043320655822753906
solving time: 0.4070601463317871 iter: 8
tot_time: 0.44521284103393555
init time: 0.0002193450927734375
contact time: 0.003040313720703125
tot contact: 26
contact analysis time: 0.0005350112915039062
solving time: 0.4544360637664795 iter: 9
tot_time: 0.9081850051879883
init time: 0.0002219676971435547
contact time: 0.0033180713653564453
tot contact: 23
contact analysis time: 0.00044727325439453125
solving time: 0.4579606056213379 iter: 9
tot_time: 1.3750762939453125
init time: 0.00022339820861816406
contact time: 0.0034742355346679688
tot contact: 26
contact analysis time: 0.00044608116149902344
solving time: 0.5582711696624756 iter: 11
tot_time: 1.9422187805175781
init time: 0.00021839141845703125
contact time: 0.0035424232482910156
tot contact: 29
contact analysis time: 0.0004782676696777344
solving time: 0.7868175506591797 iter: 14
tot_time: 2.737999677658081
init time: 0.00021910667419433594
contact time: 0.003477811813354492
tot contact: 26
contact analysis time: 0.0004391670227050781
solving time: 0.8290910720825195 iter: 15
tot_time: 3.5760068893432617
init time: 0.0002224445343017578
contact time: 0.0034630298614501953
tot contact: 26
contact analysis time: 0.00047659873962402344
solving time: 0.7044596672058105 iter: 13
tot_time: 4.289416551589966
init time: 0.0002727508544921875
contact time: 0.0034334659576416016
tot contact: 29
contact analysis time: 0.0005295276641845703
solving time: 0.8503899574279785 iter: 15
tot_time: 5.148961067199707
init time: 0.0002346038818359375
contact time: 0.003503561019897461
tot contact: 26
contact analysis time: 0.00048089027404785156
solving time: 0.924863338470459 iter: 15
tot_time: 6.082962274551392
init time: 0.00022554397583007812
contact time: 0.0035889148712158203
tot contact: 29
contact analysis time: 0.00045800209045410156
solving time: 0.9178059101104736 iter: 15
tot_time: 7.009926795959473
init time: 0.00023555755615234375
contact time: 0.0036280155181884766
tot contact: 31
contact analysis time: 0.0004954338073730469
solving time: 0.9210281372070312 iter: 15
tot_time: 7.940366506576538
init time: 0.00021696090698242188
contact time: 0.003662109375
tot contact: 31
contact analysis time: 0.0004475116729736328
solving time: 0.9165298938751221 iter: 15
tot_time: 8.865957736968994
init time: 0.00022673606872558594
contact time: 0.0036432743072509766
tot contact: 28
contact analysis time: 0.00045800209045410156
solving time: 0.8771834373474121 iter: 15
tot_time: 9.752287149429321
init time: 0.00021982192993164062
contact time: 0.0038275718688964844
tot contact: 35
contact analysis time: 0.00044035911560058594
solving time: 0.8620045185089111 iter: 14
tot_time: 10.623584032058716
init time: 0.00021886825561523438
contact time: 0.0037355422973632812
tot contact: 35
contact analysis time: 0.00048160552978515625
solving time: 0.9268503189086914 iter: 15
tot_time: 11.55963659286499
init time: 0.0003046989440917969
contact time: 0.0036725997924804688
tot contact: 34
contact analysis time: 0.0005445480346679688
solving time: 0.9290993213653564 iter: 15
tot_time: 12.49832010269165
init time: 0.0002455711364746094
contact time: 0.0037772655487060547
tot contact: 35
contact analysis time: 0.0004420280456542969
solving time: 0.8801121711730957 iter: 14
tot_time: 13.387680053710938
init time: 0.00023174285888671875
contact time: 0.0037910938262939453
tot contact: 32
contact analysis time: 0.0004825592041015625
solving time: 0.8823421001434326 iter: 14
tot_time: 14.279438257217407
init time: 0.00022149085998535156
contact time: 0.0037636756896972656
tot contact: 33
contact analysis time: 0.0005066394805908203
solving time: 0.9526364803314209 iter: 15
tot_time: 15.24146580696106
init time: 0.00021886825561523438
contact time: 0.00379180908203125
tot contact: 28
contact analysis time: 0.0004782676696777344
solving time: 0.7000236511230469 iter: 12
tot_time: 15.950985670089722
init time: 0.00022101402282714844
contact time: 0.0036797523498535156
tot contact: 31
contact analysis time: 0.0004394054412841797
solving time: 0.8209395408630371 iter: 13
tot_time: 16.781033754348755
init time: 0.00028252601623535156
contact time: 0.0037641525268554688
tot contact: 31
contact analysis time: 0.0004477500915527344
solving time: 0.9373648166656494 iter: 15
tot_time: 17.72787046432495
init time: 0.00023651123046875
contact time: 0.0037615299224853516
tot contact: 27
contact analysis time: 0.00045013427734375
solving time: 0.9389054775238037 iter: 15
tot_time: 18.67622137069702
init time: 0.0002803802490234375
contact time: 0.003749847412109375
tot contact: 25
contact analysis time: 0.0005106925964355469
solving time: 0.883885383605957 iter: 14
tot_time: 19.56953763961792
init time: 0.000217437744140625
contact time: 0.0038366317749023438
tot contact: 38
contact analysis time: 0.0004961490631103516
solving time: 0.8987479209899902 iter: 14
tot_time: 20.477597951889038
init time: 0.0002281665802001953
contact time: 0.0038993358612060547
tot contact: 31
contact analysis time: 0.0004715919494628906
solving time: 0.9368319511413574 iter: 15
tot_time: 21.42402195930481
init time: 0.0002353191375732422
contact time: 0.0038683414459228516
tot contact: 35
contact analysis time: 0.00048279762268066406
solving time: 0.9448502063751221 iter: 15
tot_time: 22.378459930419922
init time: 0.00023102760314941406
contact time: 0.0038874149322509766
tot contact: 33
contact analysis time: 0.0004773139953613281
solving time: 0.9294288158416748 iter: 15
tot_time: 23.317419052124023
init time: 0.0002238750457763672
contact time: 0.0037813186645507812
tot contact: 32
contact analysis time: 0.0004642009735107422
solving time: 0.9255173206329346 iter: 15
tot_time: 24.2522611618042
init time: 0.00027441978454589844
contact time: 0.0038106441497802734
tot contact: 27
contact analysis time: 0.00046253204345703125
solving time: 0.9024186134338379 iter: 15
tot_time: 25.164089918136597
init time: 0.00022339820861816406
contact time: 0.0035479068756103516
tot contact: 27
contact analysis time: 0.0004813671112060547
solving time: 0.8788795471191406 iter: 15
tot_time: 26.052047729492188
init time: 0.00028228759765625
contact time: 0.003582000732421875
tot contact: 32
contact analysis time: 0.0005400180816650391
solving time: 0.8808212280273438 iter: 15
tot_time: 26.942222595214844
init time: 0.0002167224884033203
contact time: 0.003704547882080078
tot contact: 26
contact analysis time: 0.00046563148498535156
solving time: 0.8769915103912354 iter: 15
tot_time: 27.828388214111328
init time: 0.0002779960632324219
contact time: 0.0037021636962890625
tot contact: 22
contact analysis time: 0.0005097389221191406
solving time: 0.8684601783752441 iter: 15
tot_time: 28.706083297729492
init time: 0.00024271011352539062
contact time: 0.00392460823059082
tot contact: 27
contact analysis time: 0.0004699230194091797
solving time: 0.888481855392456 iter: 15
tot_time: 29.604235649108887
init time: 0.00022292137145996094
contact time: 0.004003763198852539
tot contact: 30
contact analysis time: 0.0004544258117675781
solving time: 0.9393126964569092 iter: 15
tot_time: 30.553117990493774
init time: 0.00021958351135253906
contact time: 0.004118919372558594
tot contact: 36
contact analysis time: 0.0004990100860595703
solving time: 0.9617505073547363 iter: 15
tot_time: 31.524677753448486
init time: 0.0002181529998779297
contact time: 0.003891468048095703
tot contact: 43
contact analysis time: 0.00045180320739746094
solving time: 0.9713025093078613 iter: 15
tot_time: 32.50536036491394
init time: 0.0002884864807128906
contact time: 0.003882169723510742
tot contact: 29
contact analysis time: 0.00044035911560058594
solving time: 0.8093910217285156 iter: 15
tot_time: 33.324310064315796
init time: 0.0002224445343017578
contact time: 0.003831624984741211
tot contact: 25
contact analysis time: 0.00043845176696777344
solving time: 0.9421737194061279 iter: 15
tot_time: 34.2757830619812
init time: 0.0003132820129394531
contact time: 0.0039064884185791016
tot contact: 24
contact analysis time: 0.0005202293395996094
solving time: 0.9486267566680908 iter: 15
tot_time: 35.23405647277832
init time: 0.0002295970916748047
contact time: 0.003985166549682617
tot contact: 21
contact analysis time: 0.00044727325439453125
solving time: 0.9234662055969238 iter: 15
tot_time: 36.16707992553711
init time: 0.0002315044403076172
contact time: 0.00403285026550293
tot contact: 17
contact analysis time: 0.00046825408935546875
solving time: 0.9245879650115967 iter: 15
tot_time: 37.10116910934448
init time: 0.0002281665802001953
contact time: 0.003941059112548828
tot contact: 16
contact analysis time: 0.00045037269592285156
solving time: 0.9398512840270996 iter: 15
tot_time: 38.05051136016846
init time: 0.000225067138671875
contact time: 0.003867626190185547
tot contact: 13
contact analysis time: 0.0004551410675048828
solving time: 0.8950512409210205 iter: 15
tot_time: 38.95497226715088
init time: 0.0003199577331542969
contact time: 0.004003763198852539
tot contact: 21
contact analysis time: 0.00046253204345703125
solving time: 0.9328596591949463 iter: 15
tot_time: 39.897640228271484
init time: 0.00021886825561523438
contact time: 0.0038928985595703125
tot contact: 16
contact analysis time: 0.00043511390686035156
solving time: 0.9345839023590088 iter: 15
tot_time: 40.84161591529846
init time: 0.0002779960632324219
contact time: 0.0038683414459228516
tot contact: 22
contact analysis time: 0.0005550384521484375
solving time: 0.9377648830413818 iter: 15
tot_time: 41.7888867855072
init time: 0.0002193450927734375
contact time: 0.0038259029388427734
tot contact: 19
contact analysis time: 0.00044608116149902344
solving time: 0.9504940509796143 iter: 15
tot_time: 42.74871206283569
tot_time: 42.748722314834595
total_reward: [-0.04620989212614203, -0.051045026778930795, -0.049063862245701424, -0.04555719427763499, -0.042305867104589605, -0.042046247478152304, -0.04164040828424509, -0.04109133113719108, -0.04043226725454258, -0.03959938750640834, -0.03876027473468915, -0.037969473580183634, -0.03717861840202258, -0.03635159403330129, -0.03553194466303139, -0.034727524800255705, -0.03370254409235803, -0.0328167401736682, -0.031804773181141444, -0.030827704501422616, -0.029826156080288192, -0.02895437376139311, -0.028081059106566185, -0.02691096212011135, -0.026093715482119095, -0.025263670045807766, -0.02462042917094174, -0.04503161315775485, -0.04438839836558041, -0.04362705812739668, -0.04279850639942392, -0.0419958144868547, -0.04194235801700858, -0.04135436776942566, -0.023595581027881226, -0.022190701494262666, -0.02130431223676891, -0.02096927888032328, -0.020478592788379168, -0.04097143586810665, -0.04103583733588672, -0.040272876502504495, -0.04070689925955461]
tot contact: 19
tot contact: 22
tot contact: 16
tot contact: 21
tot contact: 13
tot contact: 16
tot contact: 17
tot contact: 21
tot contact: 24
tot contact: 25
tot contact: 29
tot contact: 43
tot contact: 36
tot contact: 30
tot contact: 27
tot contact: 22
tot contact: 26
tot contact: 32
tot contact: 27
tot contact: 27
tot contact: 32
tot contact: 33
tot contact: 35
tot contact: 31
tot contact: 38
tot contact: 25
tot contact: 27
tot contact: 31
tot contact: 31
tot contact: 28
tot contact: 33
tot contact: 32
tot contact: 35
tot contact: 34
tot contact: 35
tot contact: 35
tot contact: 28
tot contact: 31
tot contact: 31
tot contact: 29
tot contact: 26
tot contact: 29
tot contact: 26
tot contact: 26
tot contact: 29
tot contact: 26
tot contact: 23
tot contact: 26
tot contact: 29
done grad
iter:  43
[I 10/02/26 14:54:19.178 13459] [swap_chain.cpp:dump_image_buffer@164] Dumping image buffer...
init time: 0.00022149085998535156
contact time: 0.0028913021087646484
tot contact: 29
contact analysis time: 0.0004329681396484375
solving time: 0.41263294219970703 iter: 8
tot_time: 0.4510672092437744
init time: 0.0002205371856689453
contact time: 0.003094911575317383
tot contact: 26
contact analysis time: 0.0004374980926513672
solving time: 0.4635133743286133 iter: 9
tot_time: 0.9231512546539307
init time: 0.0002760887145996094
contact time: 0.0032172203063964844
tot contact: 23
contact analysis time: 0.00051116943359375
solving time: 0.45470309257507324 iter: 9
tot_time: 1.3866043090820312
init time: 0.0002257823944091797
contact time: 0.003537893295288086
tot contact: 26
contact analysis time: 0.00044345855712890625
solving time: 0.5582830905914307 iter: 11
tot_time: 1.9540657997131348
init time: 0.000225067138671875
contact time: 0.0036029815673828125
tot contact: 29
contact analysis time: 0.0004515647888183594
solving time: 0.7816483974456787 iter: 14
tot_time: 2.7447047233581543
init time: 0.0002276897430419922
contact time: 0.0034983158111572266
tot contact: 25
contact analysis time: 0.0004420280456542969
solving time: 0.8257541656494141 iter: 15
tot_time: 3.5795063972473145
init time: 0.00022482872009277344
contact time: 0.0034723281860351562
tot contact: 26
contact analysis time: 0.0004456043243408203
solving time: 0.6920816898345947 iter: 13
tot_time: 4.2805681228637695
init time: 0.0002224445343017578
contact time: 0.0034482479095458984
tot contact: 29
contact analysis time: 0.00043129920959472656
solving time: 0.8498356342315674 iter: 15
tot_time: 5.139301061630249
init time: 0.00023174285888671875
contact time: 0.0035331249237060547
tot contact: 26
contact analysis time: 0.0004601478576660156
solving time: 0.9230136871337891 iter: 15
tot_time: 6.071378707885742
init time: 0.00021600723266601562
contact time: 0.003598451614379883
tot contact: 29
contact analysis time: 0.0004737377166748047
solving time: 0.9199042320251465 iter: 15
tot_time: 7.000639915466309
init time: 0.00021910667419433594
contact time: 0.00365447998046875
tot contact: 31
contact analysis time: 0.00043511390686035156
solving time: 0.9122939109802246 iter: 15
tot_time: 7.922054290771484
init time: 0.0002334117889404297
contact time: 0.003687620162963867
tot contact: 31
contact analysis time: 0.00043392181396484375
solving time: 0.9179506301879883 iter: 15
tot_time: 8.849263191223145
init time: 0.0002257823944091797
contact time: 0.0036134719848632812
tot contact: 28
contact analysis time: 0.0004534721374511719
solving time: 0.8805193901062012 iter: 15
tot_time: 9.738881826400757
init time: 0.00028252601623535156
contact time: 0.0037953853607177734
tot contact: 35
contact analysis time: 0.0004520416259765625
solving time: 0.8571076393127441 iter: 14
tot_time: 10.605303049087524
init time: 0.0002269744873046875
contact time: 0.0037720203399658203
tot contact: 35
contact analysis time: 0.00044608116149902344
solving time: 0.9206790924072266 iter: 15
tot_time: 11.535284757614136
init time: 0.00024318695068359375
contact time: 0.0037031173706054688
tot contact: 33
contact analysis time: 0.00047206878662109375
solving time: 0.9310579299926758 iter: 15
tot_time: 12.475659608840942
init time: 0.0002758502960205078
contact time: 0.003699779510498047
tot contact: 36
contact analysis time: 0.0005021095275878906
solving time: 0.8636934757232666 iter: 14
tot_time: 13.34868860244751
init time: 0.0002765655517578125
contact time: 0.003703594207763672
tot contact: 32
contact analysis time: 0.000530242919921875
solving time: 0.8533370494842529 iter: 14
tot_time: 14.211319923400879
init time: 0.00022840499877929688
contact time: 0.0037436485290527344
tot contact: 33
contact analysis time: 0.00048470497131347656
solving time: 0.9303004741668701 iter: 15
tot_time: 15.150921106338501
init time: 0.000286102294921875
contact time: 0.0037450790405273438
tot contact: 28
contact analysis time: 0.00044798851013183594
solving time: 0.6983509063720703 iter: 12
tot_time: 15.858692646026611
init time: 0.0002219676971435547
contact time: 0.0037620067596435547
tot contact: 31
contact analysis time: 0.0004341602325439453
solving time: 0.8235220909118652 iter: 13
tot_time: 16.69145679473877
init time: 0.0002911090850830078
contact time: 0.0038421154022216797
tot contact: 31
contact analysis time: 0.0004947185516357422
solving time: 0.9387032985687256 iter: 15
tot_time: 17.63976001739502
init time: 0.00022602081298828125
contact time: 0.003694295883178711
tot contact: 27
contact analysis time: 0.0004601478576660156
solving time: 0.9403254985809326 iter: 15
tot_time: 18.589367389678955
init time: 0.0002779960632324219
contact time: 0.0038254261016845703
tot contact: 25
contact analysis time: 0.0004930496215820312
solving time: 0.8817646503448486 iter: 14
tot_time: 19.4805748462677
init time: 0.00021767616271972656
contact time: 0.0038192272186279297
tot contact: 38
contact analysis time: 0.000461578369140625
solving time: 0.8866407871246338 iter: 14
tot_time: 20.376631498336792
init time: 0.00029158592224121094
contact time: 0.0038251876831054688
tot contact: 31
contact analysis time: 0.0005438327789306641
solving time: 0.9329648017883301 iter: 15
tot_time: 21.31903886795044
init time: 0.0002231597900390625
contact time: 0.0039021968841552734
tot contact: 35
contact analysis time: 0.00046944618225097656
solving time: 0.94382643699646 iter: 15
tot_time: 22.272337913513184
init time: 0.0002205371856689453
contact time: 0.003698110580444336
tot contact: 33
contact analysis time: 0.00045990943908691406
solving time: 0.932009220123291 iter: 15
tot_time: 23.21351408958435
init time: 0.00021982192993164062
contact time: 0.0037670135498046875
tot contact: 32
contact analysis time: 0.00045561790466308594
solving time: 0.9275264739990234 iter: 15
tot_time: 24.150251150131226
init time: 0.00021696090698242188
contact time: 0.003676891326904297
tot contact: 27
contact analysis time: 0.0004611015319824219
solving time: 0.9012770652770996 iter: 15
tot_time: 25.060691833496094
init time: 0.0002758502960205078
contact time: 0.0035805702209472656
tot contact: 27
contact analysis time: 0.0004322528839111328
solving time: 0.8901853561401367 iter: 15
tot_time: 25.96001172065735
init time: 0.00022292137145996094
contact time: 0.003554821014404297
tot contact: 32
contact analysis time: 0.00046443939208984375
solving time: 0.8807570934295654 iter: 15
tot_time: 26.849841117858887
init time: 0.00027632713317871094
contact time: 0.003652334213256836
tot contact: 26
contact analysis time: 0.000514984130859375
solving time: 0.8740315437316895 iter: 15
tot_time: 27.73314666748047
init time: 0.00022149085998535156
contact time: 0.0037240982055664062
tot contact: 22
contact analysis time: 0.0004839897155761719
solving time: 0.8664569854736328 iter: 15
tot_time: 28.608906269073486
init time: 0.00022125244140625
contact time: 0.0039017200469970703
tot contact: 27
contact analysis time: 0.00047206878662109375
solving time: 0.8890540599822998 iter: 15
tot_time: 29.507359504699707
init time: 0.0002338886260986328
contact time: 0.0040111541748046875
tot contact: 29
contact analysis time: 0.0004611015319824219
solving time: 0.9375619888305664 iter: 15
tot_time: 30.454493522644043
init time: 0.00022530555725097656
contact time: 0.003996372222900391
tot contact: 34
contact analysis time: 0.00044226646423339844
solving time: 0.9594967365264893 iter: 15
tot_time: 31.423448085784912
init time: 0.0002770423889160156
contact time: 0.00390625
tot contact: 43
contact analysis time: 0.00042819976806640625
solving time: 0.9743564128875732 iter: 15
tot_time: 32.40729594230652
init time: 0.0002155303955078125
contact time: 0.003790616989135742
tot contact: 29
contact analysis time: 0.00044608116149902344
solving time: 0.8137505054473877 iter: 15
tot_time: 33.23028922080994
init time: 0.00027489662170410156
contact time: 0.0038144588470458984
tot contact: 23
contact analysis time: 0.0004973411560058594
solving time: 0.9221310615539551 iter: 15
tot_time: 34.16178774833679
init time: 0.00021791458129882812
contact time: 0.004001617431640625
tot contact: 24
contact analysis time: 0.00045180320739746094
solving time: 0.935577392578125 iter: 15
tot_time: 35.106980085372925
init time: 0.0002200603485107422
contact time: 0.0039026737213134766
tot contact: 21
contact analysis time: 0.0004374980926513672
solving time: 0.9224317073822021 iter: 15
tot_time: 36.03880167007446
init time: 0.00022172927856445312
contact time: 0.004002809524536133
tot contact: 17
contact analysis time: 0.00044798851013183594
solving time: 0.9283194541931152 iter: 15
tot_time: 36.97659778594971
init time: 0.0002224445343017578
contact time: 0.003960609436035156
tot contact: 16
contact analysis time: 0.00045108795166015625
solving time: 0.9292845726013184 iter: 15
tot_time: 37.91537666320801
init time: 0.00028586387634277344
contact time: 0.003962993621826172
tot contact: 13
contact analysis time: 0.0004677772521972656
solving time: 0.8800778388977051 iter: 15
tot_time: 38.804996728897095
init time: 0.00022149085998535156
contact time: 0.00388336181640625
tot contact: 21
contact analysis time: 0.0004470348358154297
solving time: 0.9424712657928467 iter: 15
tot_time: 39.75683379173279
init time: 0.0003108978271484375
contact time: 0.0038220882415771484
tot contact: 16
contact analysis time: 0.0004956722259521484
solving time: 0.935614824295044 iter: 15
tot_time: 40.701878786087036
init time: 0.00022459030151367188
contact time: 0.0039081573486328125
tot contact: 22
contact analysis time: 0.00043964385986328125
solving time: 0.9388117790222168 iter: 15
tot_time: 41.65005803108215
init time: 0.0002791881561279297
contact time: 0.0037851333618164062
tot contact: 19
contact analysis time: 0.0005283355712890625
solving time: 0.9673526287078857 iter: 15
tot_time: 42.626911878585815
tot_time: 42.62692046165466
total_reward: [-0.04620989212614203, -0.051045026778930795, -0.049063862245701424, -0.04555719427763499, -0.042305867104589605, -0.042046247478152304, -0.04164040828424509, -0.04109133113719108, -0.04043226725454258, -0.03959938750640834, -0.03876027473468915, -0.037969473580183634, -0.03717861840202258, -0.03635159403330129, -0.03553194466303139, -0.034727524800255705, -0.03370254409235803, -0.0328167401736682, -0.031804773181141444, -0.030827704501422616, -0.029826156080288192, -0.02895437376139311, -0.028081059106566185, -0.02691096212011135, -0.026093715482119095, -0.025263670045807766, -0.02462042917094174, -0.04503161315775485, -0.04438839836558041, -0.04362705812739668, -0.04279850639942392, -0.0419958144868547, -0.04194235801700858, -0.04135436776942566, -0.023595581027881226, -0.022190701494262666, -0.02130431223676891, -0.02096927888032328, -0.020478592788379168, -0.04097143586810665, -0.04103583733588672, -0.040272876502504495, -0.04070689925955461, -0.04048611844959578]
tot contact: 19
tot contact: 22
tot contact: 16
tot contact: 21
tot contact: 13
tot contact: 16
tot contact: 17
tot contact: 21
tot contact: 24
tot contact: 23
tot contact: 29
tot contact: 43
tot contact: 34
tot contact: 29
tot contact: 27
tot contact: 22
tot contact: 26
tot contact: 32
tot contact: 27
tot contact: 27
tot contact: 32
tot contact: 33
tot contact: 35
tot contact: 31
tot contact: 38
tot contact: 25
tot contact: 27
tot contact: 31
tot contact: 31
tot contact: 28
tot contact: 33
tot contact: 32
tot contact: 36
tot contact: 33
tot contact: 35
tot contact: 35
tot contact: 28
tot contact: 31
tot contact: 31
tot contact: 29
tot contact: 26
tot contact: 29
tot contact: 26
tot contact: 25
tot contact: 29
tot contact: 26
tot contact: 23
tot contact: 26
tot contact: 29
done grad
iter:  44
[I 10/02/26 14:55:04.956 13459] [swap_chain.cpp:dump_image_buffer@164] Dumping image buffer...
init time: 0.00023674964904785156
contact time: 0.0029087066650390625
tot contact: 29
contact analysis time: 0.0004570484161376953
solving time: 0.4850037097930908 iter: 9
tot_time: 0.5240621566772461
init time: 0.00022792816162109375
contact time: 0.0030388832092285156
tot contact: 26
contact analysis time: 0.00043702125549316406
solving time: 0.45506906509399414 iter: 9
tot_time: 0.9876987934112549
init time: 0.0002548694610595703
contact time: 0.0032401084899902344
tot contact: 23
contact analysis time: 0.00046706199645996094
solving time: 0.458024263381958 iter: 9
tot_time: 1.4548118114471436
init time: 0.00021648406982421875
contact time: 0.0034286975860595703
tot contact: 26
contact analysis time: 0.00044226646423339844
solving time: 0.557823657989502 iter: 11
tot_time: 2.021497964859009
init time: 0.0002205371856689453
contact time: 0.003597736358642578
tot contact: 29
contact analysis time: 0.00043773651123046875
solving time: 0.7774865627288818 iter: 14
tot_time: 2.8080410957336426
init time: 0.00027441978454589844
contact time: 0.0034024715423583984
tot contact: 25
contact analysis time: 0.0005028247833251953
solving time: 0.8287613391876221 iter: 15
tot_time: 3.645766019821167
init time: 0.00022530555725097656
contact time: 0.0034542083740234375
tot contact: 26
contact analysis time: 0.000446319580078125
solving time: 0.6942343711853027 iter: 13
tot_time: 4.3489320278167725
init time: 0.00028228759765625
contact time: 0.0035147666931152344
tot contact: 29
contact analysis time: 0.0004439353942871094
solving time: 0.8437254428863525 iter: 15
tot_time: 5.202010631561279
init time: 0.00021982192993164062
contact time: 0.003433704376220703
tot contact: 26
contact analysis time: 0.00045490264892578125
solving time: 0.9272799491882324 iter: 15
tot_time: 6.138183116912842
init time: 0.0003237724304199219
contact time: 0.0036079883575439453
tot contact: 29
contact analysis time: 0.0005321502685546875
solving time: 0.9239590167999268 iter: 15
tot_time: 7.071375608444214
init time: 0.00021910667419433594
contact time: 0.0036191940307617188
tot contact: 32
contact analysis time: 0.00046753883361816406
solving time: 0.9127318859100342 iter: 15
tot_time: 7.993160247802734
init time: 0.0002384185791015625
contact time: 0.0036034584045410156
tot contact: 31
contact analysis time: 0.00044846534729003906
solving time: 0.9209933280944824 iter: 15
tot_time: 8.923294305801392
init time: 0.00021648406982421875
contact time: 0.003589630126953125
tot contact: 28
contact analysis time: 0.0004603862762451172
solving time: 0.8775002956390381 iter: 15
tot_time: 9.809877872467041
init time: 0.0002219676971435547
contact time: 0.003747224807739258
tot contact: 36
contact analysis time: 0.0004372596740722656
solving time: 0.8576772212982178 iter: 14
tot_time: 10.67690110206604
init time: 0.0002155303955078125
contact time: 0.0037865638732910156
tot contact: 35
contact analysis time: 0.0004458427429199219
solving time: 0.9557757377624512 iter: 15
tot_time: 11.641894817352295
init time: 0.0002791881561279297
contact time: 0.0036835670471191406
tot contact: 33
contact analysis time: 0.000499725341796875
solving time: 0.940030574798584 iter: 15
tot_time: 12.591159582138062
init time: 0.0002231597900390625
contact time: 0.003778219223022461
tot contact: 36
contact analysis time: 0.000446319580078125
solving time: 0.8525927066802979 iter: 14
tot_time: 13.453005075454712
init time: 0.00031185150146484375
contact time: 0.003754138946533203
tot contact: 32
contact analysis time: 0.0004436969757080078
solving time: 0.863325834274292 iter: 14
tot_time: 14.325865745544434
init time: 0.00022101402282714844
contact time: 0.0037648677825927734
tot contact: 32
contact analysis time: 0.00045299530029296875
solving time: 0.9284763336181641 iter: 15
tot_time: 15.263505697250366
init time: 0.00022554397583007812
contact time: 0.0037021636962890625
tot contact: 28
contact analysis time: 0.00044274330139160156
solving time: 0.6990242004394531 iter: 12
tot_time: 15.971927165985107
init time: 0.00021791458129882812
contact time: 0.0037071704864501953
tot contact: 31
contact analysis time: 0.0004420280456542969
solving time: 0.8177621364593506 iter: 13
tot_time: 16.79883122444153
init time: 0.00021886825561523438
contact time: 0.0038263797760009766
tot contact: 31
contact analysis time: 0.00045943260192871094
solving time: 0.9383015632629395 iter: 15
tot_time: 17.746492385864258
init time: 0.0002200603485107422
contact time: 0.0038118362426757812
tot contact: 27
contact analysis time: 0.0004382133483886719
solving time: 0.9403378963470459 iter: 15
tot_time: 18.696027278900146
init time: 0.00021767616271972656
contact time: 0.0037827491760253906
tot contact: 25
contact analysis time: 0.00043511390686035156
solving time: 0.8706791400909424 iter: 14
tot_time: 19.57590937614441
init time: 0.00021958351135253906
contact time: 0.003825664520263672
tot contact: 38
contact analysis time: 0.0004277229309082031
solving time: 0.885383129119873 iter: 14
tot_time: 20.470556020736694
init time: 0.00022721290588378906
contact time: 0.003903627395629883
tot contact: 31
contact analysis time: 0.0004558563232421875
solving time: 0.9421360492706299 iter: 15
tot_time: 21.422104835510254
init time: 0.00028252601623535156
contact time: 0.003865480422973633
tot contact: 36
contact analysis time: 0.0004994869232177734
solving time: 0.9554641246795654 iter: 15
tot_time: 22.387086391448975
init time: 0.00024056434631347656
contact time: 0.003681182861328125
tot contact: 33
contact analysis time: 0.0004436969757080078
solving time: 0.9336309432983398 iter: 15
tot_time: 23.32988691329956
init time: 0.00022149085998535156
contact time: 0.003771543502807617
tot contact: 32
contact analysis time: 0.0004715919494628906
solving time: 0.9238724708557129 iter: 15
tot_time: 24.263094902038574
init time: 0.00022530555725097656
contact time: 0.0036935806274414062
tot contact: 27
contact analysis time: 0.0004420280456542969
solving time: 0.9092330932617188 iter: 15
tot_time: 25.181504249572754
init time: 0.00022363662719726562
contact time: 0.0036590099334716797
tot contact: 27
contact analysis time: 0.0004439353942871094
solving time: 0.9000048637390137 iter: 15
tot_time: 26.090607404708862
init time: 0.00028204917907714844
contact time: 0.0036306381225585938
tot contact: 32
contact analysis time: 0.00043773651123046875
solving time: 0.8803536891937256 iter: 15
tot_time: 26.98025155067444
init time: 0.00023508071899414062
contact time: 0.0036706924438476562
tot contact: 26
contact analysis time: 0.00046443939208984375
solving time: 0.8730511665344238 iter: 15
tot_time: 27.86255669593811
init time: 0.0002777576446533203
contact time: 0.0036699771881103516
tot contact: 22
contact analysis time: 0.0004935264587402344
solving time: 0.8748359680175781 iter: 15
tot_time: 28.746623754501343
init time: 0.00022077560424804688
contact time: 0.0039033889770507812
tot contact: 27
contact analysis time: 0.000438690185546875
solving time: 0.8788409233093262 iter: 15
tot_time: 29.63488459587097
init time: 0.00021767616271972656
contact time: 0.003998756408691406
tot contact: 27
contact analysis time: 0.00044846534729003906
solving time: 0.9341292381286621 iter: 15
tot_time: 30.578487873077393
init time: 0.00022459030151367188
contact time: 0.004021406173706055
tot contact: 34
contact analysis time: 0.00044155120849609375
solving time: 0.9597551822662354 iter: 15
tot_time: 31.547786712646484
init time: 0.0002186298370361328
contact time: 0.003920316696166992
tot contact: 43
contact analysis time: 0.00048828125
solving time: 0.971581220626831 iter: 15
tot_time: 32.52871751785278
init time: 0.0002753734588623047
contact time: 0.0038323402404785156
tot contact: 30
contact analysis time: 0.0004394054412841797
solving time: 0.81752610206604 iter: 15
tot_time: 33.35569357872009
init time: 0.00022792816162109375
contact time: 0.0038595199584960938
tot contact: 24
contact analysis time: 0.00045108795166015625
solving time: 0.9342408180236816 iter: 15
tot_time: 34.299246072769165
init time: 0.0002884864807128906
contact time: 0.003913164138793945
tot contact: 24
contact analysis time: 0.0004968643188476562
solving time: 0.9443464279174805 iter: 15
tot_time: 35.253079652786255
init time: 0.0002262592315673828
contact time: 0.0040433406829833984
tot contact: 21
contact analysis time: 0.00047206878662109375
solving time: 0.9351656436920166 iter: 15
tot_time: 36.197879791259766
init time: 0.00022220611572265625
contact time: 0.0039556026458740234
tot contact: 17
contact analysis time: 0.00045299530029296875
solving time: 0.9282374382019043 iter: 15
tot_time: 37.1356155872345
init time: 0.00021505355834960938
contact time: 0.003935575485229492
tot contact: 15
contact analysis time: 0.0004379749298095703
solving time: 0.9229538440704346 iter: 15
tot_time: 38.06800556182861
init time: 0.00022745132446289062
contact time: 0.003851175308227539
tot contact: 13
contact analysis time: 0.00047707557678222656
solving time: 0.8802385330200195 iter: 15
tot_time: 38.957664489746094
init time: 0.0002803802490234375
contact time: 0.003991603851318359
tot contact: 22
contact analysis time: 0.0004425048828125
solving time: 0.9511613845825195 iter: 15
tot_time: 39.918490409851074
init time: 0.0002205371856689453
contact time: 0.0038213729858398438
tot contact: 16
contact analysis time: 0.0004475116729736328
solving time: 0.9428863525390625 iter: 15
tot_time: 40.870635747909546
init time: 0.00028443336486816406
contact time: 0.003828763961791992
tot contact: 22
contact analysis time: 0.0005099773406982422
solving time: 0.9333832263946533 iter: 15
tot_time: 41.81359839439392
init time: 0.0002231597900390625
contact time: 0.0038204193115234375
tot contact: 19
contact analysis time: 0.0004405975341796875
solving time: 0.9449770450592041 iter: 15
tot_time: 42.767876863479614
tot_time: 42.76788544654846
total_reward: [-0.04620989212614203, -0.051045026778930795, -0.049063862245701424, -0.04555719427763499, -0.042305867104589605, -0.042046247478152304, -0.04164040828424509, -0.04109133113719108, -0.04043226725454258, -0.03959938750640834, -0.03876027473468915, -0.037969473580183634, -0.03717861840202258, -0.03635159403330129, -0.03553194466303139, -0.034727524800255705, -0.03370254409235803, -0.0328167401736682, -0.031804773181141444, -0.030827704501422616, -0.029826156080288192, -0.02895437376139311, -0.028081059106566185, -0.02691096212011135, -0.026093715482119095, -0.025263670045807766, -0.02462042917094174, -0.04503161315775485, -0.04438839836558041, -0.04362705812739668, -0.04279850639942392, -0.0419958144868547, -0.04194235801700858, -0.04135436776942566, -0.023595581027881226, -0.022190701494262666, -0.02130431223676891, -0.02096927888032328, -0.020478592788379168, -0.04097143586810665, -0.04103583733588672, -0.040272876502504495, -0.04070689925955461, -0.04048611844959578, -0.040294573101152156]
tot contact: 19
tot contact: 22
tot contact: 16
tot contact: 22
tot contact: 13
tot contact: 15
tot contact: 17
tot contact: 21
tot contact: 24
tot contact: 24
tot contact: 30
tot contact: 43
tot contact: 34
tot contact: 27
tot contact: 27
tot contact: 22
tot contact: 26
tot contact: 32
tot contact: 27
tot contact: 27
tot contact: 32
tot contact: 33
tot contact: 36
tot contact: 31
tot contact: 38
tot contact: 25
tot contact: 27
tot contact: 31
tot contact: 31
tot contact: 28
tot contact: 32
tot contact: 32
tot contact: 36
tot contact: 33
tot contact: 35
tot contact: 36
tot contact: 28
tot contact: 31
tot contact: 32
tot contact: 29
tot contact: 26
tot contact: 29
tot contact: 26
tot contact: 25
tot contact: 29
tot contact: 26
tot contact: 23
tot contact: 26
tot contact: 29
done grad
iter:  45
[I 10/02/26 14:55:50.867 13459] [swap_chain.cpp:dump_image_buffer@164] Dumping image buffer...
init time: 0.00023293495178222656
contact time: 0.0029184818267822266
tot contact: 29
contact analysis time: 0.0004699230194091797
solving time: 0.4112105369567871 iter: 8
tot_time: 0.45276832580566406
init time: 0.00021600723266601562
contact time: 0.0030722618103027344
tot contact: 26
contact analysis time: 0.00046133995056152344
solving time: 0.45708155632019043 iter: 9
tot_time: 0.9183535575866699
init time: 0.00022268295288085938
contact time: 0.0032529830932617188
tot contact: 23
contact analysis time: 0.00044989585876464844
solving time: 0.4578249454498291 iter: 9
tot_time: 1.3848764896392822
init time: 0.00022029876708984375
contact time: 0.0034723281860351562
tot contact: 26
contact analysis time: 0.0004258155822753906
solving time: 0.5648131370544434 iter: 11
tot_time: 1.9586758613586426
init time: 0.00021600723266601562
contact time: 0.0035262107849121094
tot contact: 29
contact analysis time: 0.00043845176696777344
solving time: 0.7862725257873535 iter: 14
tot_time: 2.753980875015259
init time: 0.00027871131896972656
contact time: 0.0034601688385009766
tot contact: 25
contact analysis time: 0.00045371055603027344
solving time: 0.8327677249908447 iter: 15
tot_time: 3.5958902835845947
init time: 0.00022411346435546875
contact time: 0.0034112930297851562
tot contact: 26
contact analysis time: 0.0004477500915527344
solving time: 0.6920962333679199 iter: 13
tot_time: 4.296849727630615
init time: 0.00022101402282714844
contact time: 0.0035157203674316406
tot contact: 29
contact analysis time: 0.00045299530029296875
solving time: 0.8429837226867676 iter: 15
tot_time: 5.148934841156006
init time: 0.00022602081298828125
contact time: 0.003528118133544922
tot contact: 26
contact analysis time: 0.0004456043243408203
solving time: 0.9231343269348145 iter: 15
tot_time: 6.081034898757935
init time: 0.0002396106719970703
contact time: 0.003629446029663086
tot contact: 29
contact analysis time: 0.00044465065002441406
solving time: 0.9244003295898438 iter: 15
tot_time: 7.0146753787994385
init time: 0.00022983551025390625
contact time: 0.0036008358001708984
tot contact: 32
contact analysis time: 0.00045299530029296875
solving time: 0.9097967147827148 iter: 15
tot_time: 7.933529376983643
init time: 0.00029087066650390625
contact time: 0.0036673545837402344
tot contact: 31
contact analysis time: 0.0004467964172363281
solving time: 0.9217038154602051 iter: 15
tot_time: 8.86443567276001
init time: 0.00021719932556152344
contact time: 0.0037109851837158203
tot contact: 28
contact analysis time: 0.0004458427429199219
solving time: 0.877666711807251 iter: 15
tot_time: 9.751338958740234
init time: 0.00022602081298828125
contact time: 0.003828763961791992
tot contact: 37
contact analysis time: 0.0004763603210449219
solving time: 0.8657824993133545 iter: 14
tot_time: 10.62654185295105
init time: 0.000225067138671875
contact time: 0.0038361549377441406
tot contact: 35
contact analysis time: 0.00045609474182128906
solving time: 0.9246964454650879 iter: 15
tot_time: 11.560477018356323
init time: 0.00022268295288085938
contact time: 0.003753662109375
tot contact: 33
contact analysis time: 0.00044846534729003906
solving time: 0.9582557678222656 iter: 15
tot_time: 12.527987480163574
init time: 0.0002486705780029297
contact time: 0.0037865638732910156
tot contact: 35
contact analysis time: 0.0004813671112060547
solving time: 0.8707625865936279 iter: 14
tot_time: 13.408281564712524
init time: 0.0002779960632324219
contact time: 0.003672361373901367
tot contact: 32
contact analysis time: 0.0005154609680175781
solving time: 0.8698709011077881 iter: 14
tot_time: 14.287321090698242
init time: 0.0002689361572265625
contact time: 0.0037755966186523438
tot contact: 32
contact analysis time: 0.00043892860412597656
solving time: 0.9283690452575684 iter: 15
tot_time: 15.225095510482788
init time: 0.000225067138671875
contact time: 0.003677845001220703
tot contact: 28
contact analysis time: 0.00045228004455566406
solving time: 0.6980259418487549 iter: 12
tot_time: 15.932251214981079
init time: 0.00024509429931640625
contact time: 0.003772258758544922
tot contact: 31
contact analysis time: 0.0004756450653076172
solving time: 0.8190474510192871 iter: 13
tot_time: 16.76065158843994
init time: 0.0002276897430419922
contact time: 0.003779172897338867
tot contact: 31
contact analysis time: 0.00045490264892578125
solving time: 0.9371325969696045 iter: 15
tot_time: 17.70708441734314
init time: 0.00028705596923828125
contact time: 0.0037794113159179688
tot contact: 27
contact analysis time: 0.000507354736328125
solving time: 0.9376296997070312 iter: 15
tot_time: 18.65407133102417
init time: 0.00022554397583007812
contact time: 0.003856658935546875
tot contact: 25
contact analysis time: 0.00044465065002441406
solving time: 0.8799245357513428 iter: 14
tot_time: 19.543397903442383
init time: 0.00022864341735839844
contact time: 0.0038776397705078125
tot contact: 38
contact analysis time: 0.0004458427429199219
solving time: 0.8850789070129395 iter: 14
tot_time: 20.437857627868652
init time: 0.00022840499877929688
contact time: 0.003884553909301758
tot contact: 31
contact analysis time: 0.000476837158203125
solving time: 0.9436233043670654 iter: 15
tot_time: 21.390998363494873
init time: 0.00026416778564453125
contact time: 0.0039010047912597656
tot contact: 36
contact analysis time: 0.00045490264892578125
solving time: 0.947476863861084 iter: 15
tot_time: 22.34803867340088
init time: 0.0002193450927734375
contact time: 0.0037305355072021484
tot contact: 33
contact analysis time: 0.00044417381286621094
solving time: 0.9301362037658691 iter: 15
tot_time: 23.287347078323364
init time: 0.00022649765014648438
contact time: 0.003653287887573242
tot contact: 32
contact analysis time: 0.0004436969757080078
solving time: 0.9244875907897949 iter: 15
tot_time: 24.220900535583496
init time: 0.00028443336486816406
contact time: 0.003728628158569336
tot contact: 27
contact analysis time: 0.0004801750183105469
solving time: 0.9005947113037109 iter: 15
tot_time: 25.13092541694641
init time: 0.0002593994140625
contact time: 0.003656148910522461
tot contact: 27
contact analysis time: 0.0004909038543701172
solving time: 0.8896479606628418 iter: 15
tot_time: 26.030016899108887
init time: 0.0002856254577636719
contact time: 0.0035851001739501953
tot contact: 32
contact analysis time: 0.0005047321319580078
solving time: 0.8810222148895264 iter: 15
tot_time: 26.920249223709106
init time: 0.0002238750457763672
contact time: 0.003720998764038086
tot contact: 25
contact analysis time: 0.00043320655822753906
solving time: 0.8742451667785645 iter: 15
tot_time: 27.803680658340454
init time: 0.0002231597900390625
contact time: 0.0036814212799072266
tot contact: 20
contact analysis time: 0.0004515647888183594
solving time: 0.8698816299438477 iter: 15
tot_time: 28.68277382850647
init time: 0.00021505355834960938
contact time: 0.0038509368896484375
tot contact: 26
contact analysis time: 0.0004363059997558594
solving time: 0.8864133358001709 iter: 15
tot_time: 29.57850432395935
init time: 0.0002238750457763672
contact time: 0.003989696502685547
tot contact: 28
contact analysis time: 0.000476837158203125
solving time: 0.9509320259094238 iter: 15
tot_time: 30.538922548294067
init time: 0.0003159046173095703
contact time: 0.004045009613037109
tot contact: 33
contact analysis time: 0.00045609474182128906
solving time: 0.9461143016815186 iter: 15
tot_time: 31.494820594787598
init time: 0.00025391578674316406
contact time: 0.0039217472076416016
tot contact: 44
contact analysis time: 0.0004756450653076172
solving time: 0.9755239486694336 iter: 15
tot_time: 32.47994303703308
init time: 0.00027370452880859375
contact time: 0.0037827491760253906
tot contact: 30
contact analysis time: 0.0004951953887939453
solving time: 0.8146617412567139 iter: 15
tot_time: 33.303964138031006
init time: 0.00021600723266601562
contact time: 0.003944873809814453
tot contact: 24
contact analysis time: 0.00046753883361816406
solving time: 0.9369170665740967 iter: 15
tot_time: 34.25028896331787
init time: 0.00021886825561523438
contact time: 0.004006624221801758
tot contact: 24
contact analysis time: 0.00046443939208984375
solving time: 0.9326021671295166 iter: 15
tot_time: 35.19240593910217
init time: 0.000240325927734375
contact time: 0.003996133804321289
tot contact: 20
contact analysis time: 0.0004639625549316406
solving time: 0.9132695198059082 iter: 15
tot_time: 36.11520481109619
init time: 0.0002493858337402344
contact time: 0.003975629806518555
tot contact: 17
contact analysis time: 0.00045609474182128906
solving time: 0.9264967441558838 iter: 15
tot_time: 37.05124258995056
init time: 0.0002777576446533203
contact time: 0.0039331912994384766
tot contact: 16
contact analysis time: 0.00044846534729003906
solving time: 0.9345455169677734 iter: 15
tot_time: 37.99531388282776
init time: 0.00021982192993164062
contact time: 0.0038602352142333984
tot contact: 14
contact analysis time: 0.0004374980926513672
solving time: 0.8863863945007324 iter: 15
tot_time: 38.89100241661072
init time: 0.0002760887145996094
contact time: 0.0038466453552246094
tot contact: 22
contact analysis time: 0.0005247592926025391
solving time: 0.9424359798431396 iter: 15
tot_time: 39.842894554138184
init time: 0.00026297569274902344
contact time: 0.0039408206939697266
tot contact: 18
contact analysis time: 0.0004813671112060547
solving time: 0.942293643951416 iter: 15
tot_time: 40.795106649398804
init time: 0.0002186298370361328
contact time: 0.0038383007049560547
tot contact: 21
contact analysis time: 0.00045800209045410156
solving time: 0.9222285747528076 iter: 15
tot_time: 41.72660708427429
init time: 0.00022125244140625
contact time: 0.003805875778198242
tot contact: 17
contact analysis time: 0.0004436969757080078
solving time: 0.9423954486846924 iter: 15
tot_time: 42.678364276885986
tot_time: 42.67837166786194
total_reward: [-0.04620989212614203, -0.051045026778930795, -0.049063862245701424, -0.04555719427763499, -0.042305867104589605, -0.042046247478152304, -0.04164040828424509, -0.04109133113719108, -0.04043226725454258, -0.03959938750640834, -0.03876027473468915, -0.037969473580183634, -0.03717861840202258, -0.03635159403330129, -0.03553194466303139, -0.034727524800255705, -0.03370254409235803, -0.0328167401736682, -0.031804773181141444, -0.030827704501422616, -0.029826156080288192, -0.02895437376139311, -0.028081059106566185, -0.02691096212011135, -0.026093715482119095, -0.025263670045807766, -0.02462042917094174, -0.04503161315775485, -0.04438839836558041, -0.04362705812739668, -0.04279850639942392, -0.0419958144868547, -0.04194235801700858, -0.04135436776942566, -0.023595581027881226, -0.022190701494262666, -0.02130431223676891, -0.02096927888032328, -0.020478592788379168, -0.04097143586810665, -0.04103583733588672, -0.040272876502504495, -0.04070689925955461, -0.04048611844959578, -0.040294573101152156, -0.03983135987401207]
tot contact: 17
tot contact: 21
tot contact: 18
tot contact: 22
tot contact: 14
tot contact: 16
tot contact: 17
tot contact: 20
tot contact: 24
tot contact: 24
tot contact: 30
tot contact: 44
tot contact: 33
tot contact: 28
tot contact: 26
tot contact: 20
tot contact: 25
tot contact: 32
tot contact: 27
tot contact: 27
tot contact: 32
tot contact: 33
tot contact: 36
tot contact: 31
tot contact: 38
tot contact: 25
tot contact: 27
tot contact: 31
tot contact: 31
tot contact: 28
tot contact: 32
tot contact: 32
tot contact: 35
tot contact: 33
tot contact: 35
tot contact: 37
tot contact: 28
tot contact: 31
tot contact: 32
tot contact: 29
tot contact: 26
tot contact: 29
tot contact: 26
tot contact: 25
tot contact: 29
tot contact: 26
tot contact: 23
tot contact: 26
tot contact: 29
done grad
iter:  46
[I 10/02/26 14:56:36.686 13459] [swap_chain.cpp:dump_image_buffer@164] Dumping image buffer...
init time: 0.0002288818359375
contact time: 0.0028803348541259766
tot contact: 29
contact analysis time: 0.000453948974609375
solving time: 0.41048693656921387 iter: 8
tot_time: 0.4493544101715088
init time: 0.00023031234741210938
contact time: 0.0030944347381591797
tot contact: 26
contact analysis time: 0.0004451274871826172
solving time: 0.4543287754058838 iter: 9
tot_time: 0.9123871326446533
init time: 0.000217437744140625
contact time: 0.003221750259399414
tot contact: 23
contact analysis time: 0.00046753883361816406
solving time: 0.453571081161499 iter: 9
tot_time: 1.3745698928833008
init time: 0.00028133392333984375
contact time: 0.003417491912841797
tot contact: 26
contact analysis time: 0.0005068778991699219
solving time: 0.5589919090270996 iter: 11
tot_time: 1.9426140785217285
init time: 0.00021886825561523438
contact time: 0.003561258316040039
tot contact: 29
contact analysis time: 0.0004401206970214844
solving time: 0.778576135635376 iter: 14
tot_time: 2.7302916049957275
init time: 0.0002186298370361328
contact time: 0.003556489944458008
tot contact: 25
contact analysis time: 0.0004379749298095703
solving time: 0.8272640705108643 iter: 15
tot_time: 3.566546678543091
init time: 0.00023508071899414062
contact time: 0.0035088062286376953
tot contact: 26
contact analysis time: 0.0005083084106445312
solving time: 0.6975641250610352 iter: 13
tot_time: 4.273308038711548
init time: 0.00022220611572265625
contact time: 0.0034027099609375
tot contact: 30
contact analysis time: 0.0004563331604003906
solving time: 0.8404860496520996 iter: 15
tot_time: 5.122629642486572
init time: 0.0002925395965576172
contact time: 0.003556966781616211
tot contact: 26
contact analysis time: 0.0004432201385498047
solving time: 0.9225809574127197 iter: 15
tot_time: 6.0543577671051025
init time: 0.00022268295288085938
contact time: 0.003549814224243164
tot contact: 29
contact analysis time: 0.0004382133483886719
solving time: 0.9203095436096191 iter: 15
tot_time: 6.983655214309692
init time: 0.00027561187744140625
contact time: 0.003552675247192383
tot contact: 32
contact analysis time: 0.0005342960357666016
solving time: 0.913318395614624 iter: 15
tot_time: 7.906163930892944
init time: 0.00022172927856445312
contact time: 0.003690481185913086
tot contact: 31
contact analysis time: 0.0004296302795410156
solving time: 0.9186229705810547 iter: 15
tot_time: 8.833943128585815
init time: 0.0002338886260986328
contact time: 0.003618001937866211
tot contact: 28
contact analysis time: 0.0004565715789794922
solving time: 0.8791928291320801 iter: 15
tot_time: 9.722290515899658
init time: 0.00023674964904785156
contact time: 0.0038022994995117188
tot contact: 37
contact analysis time: 0.00047397613525390625
solving time: 0.8616504669189453 iter: 14
tot_time: 10.593290567398071
init time: 0.00022602081298828125
contact time: 0.0037605762481689453
tot contact: 35
contact analysis time: 0.0005064010620117188
solving time: 0.9213011264801025 iter: 15
tot_time: 11.523956775665283
init time: 0.00023508071899414062
contact time: 0.003757476806640625
tot contact: 33
contact analysis time: 0.0004439353942871094
solving time: 0.9295165538787842 iter: 15
tot_time: 12.462969541549683
init time: 0.00022649765014648438
contact time: 0.003769397735595703
tot contact: 35
contact analysis time: 0.00045752525329589844
solving time: 0.8693673610687256 iter: 14
tot_time: 13.34156608581543
init time: 0.00022149085998535156
contact time: 0.003729104995727539
tot contact: 32
contact analysis time: 0.0004353523254394531
solving time: 0.8629028797149658 iter: 14
tot_time: 14.21370816230774
init time: 0.0002243518829345703
contact time: 0.003857135772705078
tot contact: 32
contact analysis time: 0.0005316734313964844
solving time: 0.9359519481658936 iter: 15
tot_time: 15.159136295318604
init time: 0.00021409988403320312
contact time: 0.003803730010986328
tot contact: 28
contact analysis time: 0.00044727325439453125
solving time: 0.7152254581451416 iter: 12
tot_time: 15.883617162704468
init time: 0.0002715587615966797
contact time: 0.0037763118743896484
tot contact: 31
contact analysis time: 0.0004913806915283203
solving time: 0.8199565410614014 iter: 13
tot_time: 16.712791681289673
init time: 0.00021958351135253906
contact time: 0.0038557052612304688
tot contact: 31
contact analysis time: 0.00043487548828125
solving time: 0.9371740818023682 iter: 15
tot_time: 17.659278869628906
init time: 0.00022268295288085938
contact time: 0.0037353038787841797
tot contact: 27
contact analysis time: 0.00044798851013183594
solving time: 0.937553882598877 iter: 15
tot_time: 18.606112480163574
init time: 0.0002830028533935547
contact time: 0.0038733482360839844
tot contact: 27
contact analysis time: 0.0004582405090332031
solving time: 0.878054141998291 iter: 14
tot_time: 19.49360752105713
init time: 0.00023794174194335938
contact time: 0.0038559436798095703
tot contact: 37
contact analysis time: 0.00046324729919433594
solving time: 0.8776800632476807 iter: 14
tot_time: 20.380723237991333
init time: 0.00022721290588378906
contact time: 0.0039010047912597656
tot contact: 30
contact analysis time: 0.0004646778106689453
solving time: 0.941265344619751 iter: 15
tot_time: 21.33149218559265
init time: 0.00021958351135253906
contact time: 0.003951311111450195
tot contact: 36
contact analysis time: 0.0004525184631347656
solving time: 0.9459428787231445 iter: 15
tot_time: 22.28693985939026
init time: 0.00022745132446289062
contact time: 0.0037810802459716797
tot contact: 33
contact analysis time: 0.0004665851593017578
solving time: 0.9289765357971191 iter: 15
tot_time: 23.22523856163025
init time: 0.00022077560424804688
contact time: 0.003726959228515625
tot contact: 32
contact analysis time: 0.00043392181396484375
solving time: 0.922706127166748 iter: 15
tot_time: 24.157161235809326
init time: 0.0002810955047607422
contact time: 0.0036780834197998047
tot contact: 27
contact analysis time: 0.00045490264892578125
solving time: 0.9015734195709229 iter: 15
tot_time: 25.068036556243896
init time: 0.0002269744873046875
contact time: 0.0035653114318847656
tot contact: 27
contact analysis time: 0.00045871734619140625
solving time: 0.8888568878173828 iter: 15
tot_time: 25.966025352478027
init time: 0.00027441978454589844
contact time: 0.0035762786865234375
tot contact: 32
contact analysis time: 0.0005028247833251953
solving time: 0.8802917003631592 iter: 15
tot_time: 26.855477333068848
init time: 0.0002205371856689453
contact time: 0.0037550926208496094
tot contact: 26
contact analysis time: 0.0004417896270751953
solving time: 0.8742187023162842 iter: 15
tot_time: 27.739081621170044
init time: 0.00022292137145996094
contact time: 0.0037546157836914062
tot contact: 20
contact analysis time: 0.0004353523254394531
solving time: 0.8739326000213623 iter: 15
tot_time: 28.622397422790527
init time: 0.00022101402282714844
contact time: 0.0039081573486328125
tot contact: 26
contact analysis time: 0.0004525184631347656
solving time: 0.8858058452606201 iter: 15
tot_time: 29.51764941215515
init time: 0.00021910667419433594
contact time: 0.003989219665527344
tot contact: 28
contact analysis time: 0.00045013427734375
solving time: 0.948549747467041 iter: 15
tot_time: 30.475613832473755
init time: 0.00028014183044433594
contact time: 0.004011392593383789
tot contact: 33
contact analysis time: 0.0004913806915283203
solving time: 0.9411556720733643 iter: 15
tot_time: 31.426443815231323
init time: 0.00022149085998535156
contact time: 0.003929853439331055
tot contact: 43
contact analysis time: 0.0004763603210449219
solving time: 0.989532470703125 iter: 15
tot_time: 32.425472259521484
init time: 0.00028586387634277344
contact time: 0.0037412643432617188
tot contact: 31
contact analysis time: 0.0005130767822265625
solving time: 0.8122525215148926 iter: 15
tot_time: 33.24709391593933
init time: 0.0002167224884033203
contact time: 0.003908634185791016
tot contact: 24
contact analysis time: 0.00043773651123046875
solving time: 0.9478697776794434 iter: 15
tot_time: 34.20443296432495
init time: 0.0002155303955078125
contact time: 0.003960609436035156
tot contact: 24
contact analysis time: 0.00044918060302734375
solving time: 0.932441234588623 iter: 15
tot_time: 35.146263122558594
init time: 0.00022125244140625
contact time: 0.00405573844909668
tot contact: 21
contact analysis time: 0.00044608116149902344
solving time: 0.9200623035430908 iter: 15
tot_time: 36.07585692405701
init time: 0.00022983551025390625
contact time: 0.003939151763916016
tot contact: 17
contact analysis time: 0.00046753883361816406
solving time: 0.936833381652832 iter: 15
tot_time: 37.022177934646606
init time: 0.0003223419189453125
contact time: 0.0039691925048828125
tot contact: 15
contact analysis time: 0.00045180320739746094
solving time: 0.9243245124816895 iter: 15
tot_time: 37.956175327301025
init time: 0.00022339820861816406
contact time: 0.0038399696350097656
tot contact: 13
contact analysis time: 0.0004451274871826172
solving time: 0.8773109912872314 iter: 15
tot_time: 38.842782735824585
init time: 0.00031828880310058594
contact time: 0.003899812698364258
tot contact: 22
contact analysis time: 0.0005435943603515625
solving time: 0.9410250186920166 iter: 15
tot_time: 39.793437004089355
init time: 0.00021910667419433594
contact time: 0.003912210464477539
tot contact: 17
contact analysis time: 0.00048732757568359375
solving time: 0.935706615447998 iter: 15
tot_time: 40.73880743980408
init time: 0.00022983551025390625
contact time: 0.003894329071044922
tot contact: 21
contact analysis time: 0.00045418739318847656
solving time: 0.9186265468597412 iter: 15
tot_time: 41.66684627532959
init time: 0.00023698806762695312
contact time: 0.003801107406616211
tot contact: 17
contact analysis time: 0.0004425048828125
solving time: 0.9405338764190674 iter: 15
tot_time: 42.616801261901855
tot_time: 42.61680817604065
total_reward: [-0.04620989212614203, -0.051045026778930795, -0.049063862245701424, -0.04555719427763499, -0.042305867104589605, -0.042046247478152304, -0.04164040828424509, -0.04109133113719108, -0.04043226725454258, -0.03959938750640834, -0.03876027473468915, -0.037969473580183634, -0.03717861840202258, -0.03635159403330129, -0.03553194466303139, -0.034727524800255705, -0.03370254409235803, -0.0328167401736682, -0.031804773181141444, -0.030827704501422616, -0.029826156080288192, -0.02895437376139311, -0.028081059106566185, -0.02691096212011135, -0.026093715482119095, -0.025263670045807766, -0.02462042917094174, -0.04503161315775485, -0.04438839836558041, -0.04362705812739668, -0.04279850639942392, -0.0419958144868547, -0.04194235801700858, -0.04135436776942566, -0.023595581027881226, -0.022190701494262666, -0.02130431223676891, -0.02096927888032328, -0.020478592788379168, -0.04097143586810665, -0.04103583733588672, -0.040272876502504495, -0.04070689925955461, -0.04048611844959578, -0.040294573101152156, -0.03983135987401207, -0.04010806103063826]
tot contact: 17
tot contact: 21
tot contact: 17
tot contact: 22
tot contact: 13
tot contact: 15
tot contact: 17
tot contact: 21
tot contact: 24
tot contact: 24
tot contact: 31
tot contact: 43
tot contact: 33
tot contact: 28
tot contact: 26
tot contact: 20
tot contact: 26
tot contact: 32
tot contact: 27
tot contact: 27
tot contact: 32
tot contact: 33
tot contact: 36
tot contact: 30
tot contact: 37
tot contact: 27
tot contact: 27
tot contact: 31
tot contact: 31
tot contact: 28
tot contact: 32
tot contact: 32
tot contact: 35
tot contact: 33
tot contact: 35
tot contact: 37
tot contact: 28
tot contact: 31
tot contact: 32
tot contact: 29
tot contact: 26
tot contact: 30
tot contact: 26
tot contact: 25
tot contact: 29
tot contact: 26
tot contact: 23
tot contact: 26
tot contact: 29
done grad
iter:  47
[I 10/02/26 14:57:22.442 13459] [swap_chain.cpp:dump_image_buffer@164] Dumping image buffer...
init time: 0.0002315044403076172
contact time: 0.0028820037841796875
tot contact: 29
contact analysis time: 0.0005064010620117188
solving time: 0.40709638595581055 iter: 8
tot_time: 0.4464747905731201
init time: 0.00022935867309570312
contact time: 0.0030336380004882812
tot contact: 26
contact analysis time: 0.00044655799865722656
solving time: 0.45621514320373535 iter: 9
tot_time: 0.9111723899841309
init time: 0.00027370452880859375
contact time: 0.003208160400390625
tot contact: 23
contact analysis time: 0.0004987716674804688
solving time: 0.4535214900970459 iter: 9
tot_time: 1.373370885848999
init time: 0.00021886825561523438
contact time: 0.0034677982330322266
tot contact: 26
contact analysis time: 0.00045228004455566406
solving time: 0.5555708408355713 iter: 11
tot_time: 1.9377930164337158
init time: 0.00022101402282714844
contact time: 0.003615856170654297
tot contact: 29
contact analysis time: 0.0005097389221191406
solving time: 0.7790591716766357 iter: 14
tot_time: 2.7261343002319336
init time: 0.0002434253692626953
contact time: 0.003461599349975586
tot contact: 25
contact analysis time: 0.00044465065002441406
solving time: 0.8303561210632324 iter: 15
tot_time: 3.5655243396759033
init time: 0.00029349327087402344
contact time: 0.003429889678955078
tot contact: 26
contact analysis time: 0.00051116943359375
solving time: 0.6953451633453369 iter: 13
tot_time: 4.270029306411743
init time: 0.0002760887145996094
contact time: 0.0033867359161376953
tot contact: 30
contact analysis time: 0.0004978179931640625
solving time: 0.8376631736755371 iter: 15
tot_time: 5.1166253089904785
init time: 0.00025081634521484375
contact time: 0.0035359859466552734
tot contact: 26
contact analysis time: 0.0004482269287109375
solving time: 0.924248218536377 iter: 15
tot_time: 6.049977779388428
init time: 0.00022411346435546875
contact time: 0.0036301612854003906
tot contact: 29
contact analysis time: 0.00044846534729003906
solving time: 0.9180853366851807 iter: 15
tot_time: 6.977308988571167
init time: 0.00023293495178222656
contact time: 0.0036423206329345703
tot contact: 32
contact analysis time: 0.0004534721374511719
solving time: 0.924248456954956 iter: 15
tot_time: 7.910897731781006
init time: 0.0002219676971435547
contact time: 0.0035588741302490234
tot contact: 31
contact analysis time: 0.00043654441833496094
solving time: 0.9213593006134033 iter: 15
tot_time: 8.841359376907349
init time: 0.00022172927856445312
contact time: 0.0036139488220214844
tot contact: 28
contact analysis time: 0.00047850608825683594
solving time: 0.8774142265319824 iter: 15
tot_time: 9.727802515029907
init time: 0.00028514862060546875
contact time: 0.0038306713104248047
tot contact: 37
contact analysis time: 0.0004467964172363281
solving time: 0.8600795269012451 iter: 14
tot_time: 10.597217082977295
init time: 0.0002307891845703125
contact time: 0.0037796497344970703
tot contact: 35
contact analysis time: 0.0004799365997314453
solving time: 0.921234130859375 iter: 15
tot_time: 11.527767419815063
init time: 0.0002193450927734375
contact time: 0.0037736892700195312
tot contact: 34
contact analysis time: 0.0004470348358154297
solving time: 0.9315392971038818 iter: 15
tot_time: 12.468698263168335
init time: 0.00022339820861816406
contact time: 0.003755807876586914
tot contact: 35
contact analysis time: 0.00047135353088378906
solving time: 0.866687536239624 iter: 14
tot_time: 13.344654560089111
init time: 0.00022029876708984375
contact time: 0.0038061141967773438
tot contact: 32
contact analysis time: 0.0004360675811767578
solving time: 0.8620853424072266 iter: 14
tot_time: 14.21604585647583
init time: 0.0002186298370361328
contact time: 0.003800630569458008
tot contact: 32
contact analysis time: 0.0005102157592773438
solving time: 0.93461012840271 iter: 15
tot_time: 15.15992784500122
init time: 0.00022125244140625
contact time: 0.0038268566131591797
tot contact: 28
contact analysis time: 0.00043964385986328125
solving time: 0.7071166038513184 iter: 12
tot_time: 15.876346349716187
init time: 0.0002777576446533203
contact time: 0.003799915313720703
tot contact: 31
contact analysis time: 0.0005087852478027344
solving time: 0.8210296630859375 iter: 13
tot_time: 16.70675754547119
init time: 0.0002770423889160156
contact time: 0.0037937164306640625
tot contact: 31
contact analysis time: 0.0005326271057128906
solving time: 0.9433627128601074 iter: 15
tot_time: 17.659512042999268
init time: 0.00022554397583007812
contact time: 0.0037195682525634766
tot contact: 27
contact analysis time: 0.00045371055603027344
solving time: 0.9376120567321777 iter: 15
tot_time: 18.606293439865112
init time: 0.0002930164337158203
contact time: 0.003820657730102539
tot contact: 27
contact analysis time: 0.0004448890686035156
solving time: 0.8768141269683838 iter: 14
tot_time: 19.49251365661621
init time: 0.0002231597900390625
contact time: 0.003865480422973633
tot contact: 37
contact analysis time: 0.00046539306640625
solving time: 0.8819160461425781 iter: 14
tot_time: 20.38384199142456
init time: 0.00021696090698242188
contact time: 0.003892183303833008
tot contact: 30
contact analysis time: 0.0005109310150146484
solving time: 0.9346580505371094 iter: 15
tot_time: 21.328028678894043
init time: 0.00021147727966308594
contact time: 0.0039370059967041016
tot contact: 37
contact analysis time: 0.0004394054412841797
solving time: 0.946136474609375 iter: 15
tot_time: 22.28364133834839
init time: 0.00021839141845703125
contact time: 0.003810405731201172
tot contact: 33
contact analysis time: 0.0004398822784423828
solving time: 0.9307329654693604 iter: 15
tot_time: 23.223644256591797
init time: 0.00021505355834960938
contact time: 0.0036051273345947266
tot contact: 32
contact analysis time: 0.0004456043243408203
solving time: 0.9388291835784912 iter: 15
tot_time: 24.171707153320312
init time: 0.00028443336486816406
contact time: 0.003738880157470703
tot contact: 27
contact analysis time: 0.00045490264892578125
solving time: 0.9042830467224121 iter: 15
tot_time: 25.08538246154785
init time: 0.00022459030151367188
contact time: 0.0035660266876220703
tot contact: 27
contact analysis time: 0.00043392181396484375
solving time: 0.8858470916748047 iter: 15
tot_time: 25.98016357421875
init time: 0.00027179718017578125
contact time: 0.003575563430786133
tot contact: 33
contact analysis time: 0.0005602836608886719
solving time: 0.8803532123565674 iter: 15
tot_time: 26.869728088378906
init time: 0.0002257823944091797
contact time: 0.0037729740142822266
tot contact: 26
contact analysis time: 0.00047469139099121094
solving time: 0.877629280090332 iter: 15
tot_time: 27.75667929649353
init time: 0.00022983551025390625
contact time: 0.0036826133728027344
tot contact: 20
contact analysis time: 0.00044536590576171875
solving time: 0.8670713901519775 iter: 15
tot_time: 28.63291096687317
init time: 0.00022530555725097656
contact time: 0.003907203674316406
tot contact: 24
contact analysis time: 0.0004608631134033203
solving time: 0.8871593475341797 iter: 15
tot_time: 29.529533624649048
init time: 0.000217437744140625
contact time: 0.004082441329956055
tot contact: 28
contact analysis time: 0.0004436969757080078
solving time: 0.9465627670288086 iter: 15
tot_time: 30.485732555389404
init time: 0.00027251243591308594
contact time: 0.0040051937103271484
tot contact: 33
contact analysis time: 0.00043463706970214844
solving time: 0.9410390853881836 iter: 15
tot_time: 31.43637752532959
init time: 0.00021982192993164062
contact time: 0.0038840770721435547
tot contact: 42
contact analysis time: 0.0004417896270751953
solving time: 0.9714436531066895 iter: 15
tot_time: 32.41723012924194
init time: 0.00028634071350097656
contact time: 0.003760814666748047
tot contact: 31
contact analysis time: 0.0005011558532714844
solving time: 0.8123266696929932 iter: 15
tot_time: 33.23904848098755
init time: 0.00021719932556152344
contact time: 0.0039179325103759766
tot contact: 24
contact analysis time: 0.00044608116149902344
solving time: 0.9503676891326904 iter: 15
tot_time: 34.19882917404175
init time: 0.0002791881561279297
contact time: 0.003935098648071289
tot contact: 24
contact analysis time: 0.0005371570587158203
solving time: 0.9314765930175781 iter: 15
tot_time: 35.139912605285645
init time: 0.00022101402282714844
contact time: 0.004096031188964844
tot contact: 21
contact analysis time: 0.000438690185546875
solving time: 0.9136569499969482 iter: 15
tot_time: 36.06325626373291
init time: 0.00022673606872558594
contact time: 0.0039441585540771484
tot contact: 17
contact analysis time: 0.0004546642303466797
solving time: 0.9229025840759277 iter: 15
tot_time: 36.99562096595764
init time: 0.00021600723266601562
contact time: 0.003953456878662109
tot contact: 15
contact analysis time: 0.0004405975341796875
solving time: 0.9195408821105957 iter: 15
tot_time: 37.92457127571106
init time: 0.00022268295288085938
contact time: 0.0038874149322509766
tot contact: 13
contact analysis time: 0.0004398822784423828
solving time: 0.8780694007873535 iter: 15
tot_time: 38.81200194358826
init time: 0.00029349327087402344
contact time: 0.0040438175201416016
tot contact: 24
contact analysis time: 0.00045800209045410156
solving time: 0.9448754787445068 iter: 15
tot_time: 39.76658582687378
init time: 0.00022482872009277344
contact time: 0.003895282745361328
tot contact: 16
contact analysis time: 0.00045180320739746094
solving time: 0.9283742904663086 iter: 15
tot_time: 40.704437494277954
init time: 0.00028228759765625
contact time: 0.003895998001098633
tot contact: 22
contact analysis time: 0.0005083084106445312
solving time: 0.9224584102630615 iter: 15
tot_time: 41.636396408081055
init time: 0.00022792816162109375
contact time: 0.0038475990295410156
tot contact: 17
contact analysis time: 0.0004413127899169922
solving time: 0.94175124168396 iter: 15
tot_time: 42.587449073791504
tot_time: 42.58745718002319
total_reward: [-0.04620989212614203, -0.051045026778930795, -0.049063862245701424, -0.04555719427763499, -0.042305867104589605, -0.042046247478152304, -0.04164040828424509, -0.04109133113719108, -0.04043226725454258, -0.03959938750640834, -0.03876027473468915, -0.037969473580183634, -0.03717861840202258, -0.03635159403330129, -0.03553194466303139, -0.034727524800255705, -0.03370254409235803, -0.0328167401736682, -0.031804773181141444, -0.030827704501422616, -0.029826156080288192, -0.02895437376139311, -0.028081059106566185, -0.02691096212011135, -0.026093715482119095, -0.025263670045807766, -0.02462042917094174, -0.04503161315775485, -0.04438839836558041, -0.04362705812739668, -0.04279850639942392, -0.0419958144868547, -0.04194235801700858, -0.04135436776942566, -0.023595581027881226, -0.022190701494262666, -0.02130431223676891, -0.02096927888032328, -0.020478592788379168, -0.04097143586810665, -0.04103583733588672, -0.040272876502504495, -0.04070689925955461, -0.04048611844959578, -0.040294573101152156, -0.03983135987401207, -0.04010806103063826, -0.04013372070646619]
tot contact: 17
tot contact: 22
tot contact: 16
tot contact: 24
tot contact: 13
tot contact: 15
tot contact: 17
tot contact: 21
tot contact: 24
tot contact: 24
tot contact: 31
tot contact: 42
tot contact: 33
tot contact: 28
tot contact: 24
tot contact: 20
tot contact: 26
tot contact: 33
tot contact: 27
tot contact: 27
tot contact: 32
tot contact: 33
tot contact: 37
tot contact: 30
tot contact: 37
tot contact: 27
tot contact: 27
tot contact: 31
tot contact: 31
tot contact: 28
tot contact: 32
tot contact: 32
tot contact: 35
tot contact: 34
tot contact: 35
tot contact: 37
tot contact: 28
tot contact: 31
tot contact: 32
tot contact: 29
tot contact: 26
tot contact: 30
tot contact: 26
tot contact: 25
tot contact: 29
tot contact: 26
tot contact: 23
tot contact: 26
tot contact: 29
done grad
iter:  48
[I 10/02/26 14:58:08.167 13459] [swap_chain.cpp:dump_image_buffer@164] Dumping image buffer...
init time: 0.0002593994140625
contact time: 0.0029027462005615234
tot contact: 29
contact analysis time: 0.0004551410675048828
solving time: 0.4064188003540039 iter: 8
tot_time: 0.4449334144592285
init time: 0.0002243518829345703
contact time: 0.0030710697174072266
tot contact: 26
contact analysis time: 0.0005140304565429688
solving time: 0.45456647872924805 iter: 9
tot_time: 0.9080755710601807
init time: 0.00023293495178222656
contact time: 0.0032656192779541016
tot contact: 23
contact analysis time: 0.0004429817199707031
solving time: 0.45345044136047363 iter: 9
tot_time: 1.3702735900878906
init time: 0.00022101402282714844
contact time: 0.003434896469116211
tot contact: 26
contact analysis time: 0.00045609474182128906
solving time: 0.5550665855407715 iter: 11
tot_time: 1.9342575073242188
init time: 0.00022029876708984375
contact time: 0.003577709197998047
tot contact: 29
contact analysis time: 0.0004687309265136719
solving time: 0.7797091007232666 iter: 14
tot_time: 2.7229232788085938
init time: 0.00022339820861816406
contact time: 0.003492593765258789
tot contact: 25
contact analysis time: 0.0004584789276123047
solving time: 0.8701057434082031 iter: 15
tot_time: 3.602109670639038
init time: 0.0002353191375732422
contact time: 0.003464937210083008
tot contact: 26
contact analysis time: 0.0004611015319824219
solving time: 0.6925313472747803 iter: 13
tot_time: 4.303587913513184
init time: 0.0002884864807128906
contact time: 0.003428220748901367
tot contact: 30
contact analysis time: 0.0005135536193847656
solving time: 0.8370096683502197 iter: 15
tot_time: 5.149827003479004
init time: 0.00021600723266601562
contact time: 0.0035309791564941406
tot contact: 26
contact analysis time: 0.00044608116149902344
solving time: 0.9253668785095215 iter: 15
tot_time: 6.084147691726685
init time: 0.00028443336486816406
contact time: 0.003664255142211914
tot contact: 29
contact analysis time: 0.00046563148498535156
solving time: 0.9189035892486572 iter: 15
tot_time: 7.012362718582153
init time: 0.00021338462829589844
contact time: 0.0035927295684814453
tot contact: 32
contact analysis time: 0.0004649162292480469
solving time: 0.9062142372131348 iter: 15
tot_time: 7.92759370803833
init time: 0.0002269744873046875
contact time: 0.0035974979400634766
tot contact: 31
contact analysis time: 0.0004665851593017578
solving time: 0.9165811538696289 iter: 15
tot_time: 8.853399753570557
init time: 0.00021219253540039062
contact time: 0.0035953521728515625
tot contact: 28
contact analysis time: 0.0004703998565673828
solving time: 0.8757281303405762 iter: 15
tot_time: 9.738106489181519
init time: 0.00027370452880859375
contact time: 0.0038378238677978516
tot contact: 37
contact analysis time: 0.0004673004150390625
solving time: 0.8605728149414062 iter: 14
tot_time: 10.608054876327515
init time: 0.00023436546325683594
contact time: 0.0037631988525390625
tot contact: 35
contact analysis time: 0.0005373954772949219
solving time: 0.9226760864257812 iter: 15
tot_time: 11.540051698684692
init time: 0.0002193450927734375
contact time: 0.0036177635192871094
tot contact: 34
contact analysis time: 0.00045990943908691406
solving time: 0.9533815383911133 iter: 15
tot_time: 12.502580404281616
init time: 0.00026416778564453125
contact time: 0.0037660598754882812
tot contact: 34
contact analysis time: 0.0005156993865966797
solving time: 0.9369325637817383 iter: 15
tot_time: 13.448797941207886
init time: 0.00026297569274902344
contact time: 0.003735065460205078
tot contact: 32
contact analysis time: 0.0005028247833251953
solving time: 0.7882664203643799 iter: 13
tot_time: 14.246323823928833
init time: 0.0002117156982421875
contact time: 0.0037240982055664062
tot contact: 32
contact analysis time: 0.0004949569702148438
solving time: 0.9372482299804688 iter: 15
tot_time: 15.192835092544556
init time: 0.0002269744873046875
contact time: 0.0037908554077148438
tot contact: 28
contact analysis time: 0.00045680999755859375
solving time: 0.7076163291931152 iter: 12
tot_time: 15.909989833831787
init time: 0.0002243518829345703
contact time: 0.003728151321411133
tot contact: 31
contact analysis time: 0.0004582405090332031
solving time: 0.820214033126831 iter: 13
tot_time: 16.73939299583435
init time: 0.0002143383026123047
contact time: 0.003815174102783203
tot contact: 31
contact analysis time: 0.00043892860412597656
solving time: 0.9398279190063477 iter: 15
tot_time: 17.688533067703247
init time: 0.0002257823944091797
contact time: 0.003712892532348633
tot contact: 27
contact analysis time: 0.0004367828369140625
solving time: 0.9367973804473877 iter: 15
tot_time: 18.63459849357605
init time: 0.0002803802490234375
contact time: 0.0037047863006591797
tot contact: 27
contact analysis time: 0.0005297660827636719
solving time: 0.8768856525421143 iter: 14
tot_time: 19.52087688446045
init time: 0.0002186298370361328
contact time: 0.0038003921508789062
tot contact: 37
contact analysis time: 0.0004513263702392578
solving time: 0.8951644897460938 iter: 14
tot_time: 20.42532992362976
init time: 0.00022268295288085938
contact time: 0.0037720203399658203
tot contact: 30
contact analysis time: 0.00043082237243652344
solving time: 0.9381494522094727 iter: 15
tot_time: 21.372870445251465
init time: 0.000244140625
contact time: 0.0038824081420898438
tot contact: 37
contact analysis time: 0.00045108795166015625
solving time: 0.9474570751190186 iter: 15
tot_time: 22.329671144485474
init time: 0.0002143383026123047
contact time: 0.003697633743286133
tot contact: 33
contact analysis time: 0.00042748451232910156
solving time: 0.9277527332305908 iter: 15
tot_time: 23.266663074493408
init time: 0.00021719932556152344
contact time: 0.0036673545837402344
tot contact: 32
contact analysis time: 0.0004630088806152344
solving time: 0.9350612163543701 iter: 15
tot_time: 24.21085834503174
init time: 0.0002193450927734375
contact time: 0.0035860538482666016
tot contact: 27
contact analysis time: 0.0004677772521972656
solving time: 0.9034063816070557 iter: 15
tot_time: 25.123439073562622
init time: 0.0002231597900390625
contact time: 0.0036568641662597656
tot contact: 27
contact analysis time: 0.00047659873962402344
solving time: 0.8893871307373047 iter: 15
tot_time: 26.02203607559204
init time: 0.00022530555725097656
contact time: 0.003632068634033203
tot contact: 33
contact analysis time: 0.00046372413635253906
solving time: 0.8778104782104492 iter: 15
tot_time: 26.909079790115356
init time: 0.0002357959747314453
contact time: 0.0037529468536376953
tot contact: 25
contact analysis time: 0.00044226646423339844
solving time: 0.8756082057952881 iter: 15
tot_time: 27.79395580291748
init time: 0.00022649765014648438
contact time: 0.0036683082580566406
tot contact: 20
contact analysis time: 0.0004630088806152344
solving time: 0.8765616416931152 iter: 15
tot_time: 28.679793119430542
init time: 0.00021767616271972656
contact time: 0.0038967132568359375
tot contact: 23
contact analysis time: 0.00048089027404785156
solving time: 0.8914699554443359 iter: 15
tot_time: 29.58063554763794
init time: 0.00023221969604492188
contact time: 0.004009246826171875
tot contact: 28
contact analysis time: 0.0004444122314453125
solving time: 0.9490776062011719 iter: 15
tot_time: 30.53939962387085
init time: 0.00022745132446289062
contact time: 0.0040400028228759766
tot contact: 33
contact analysis time: 0.0004622936248779297
solving time: 0.9456288814544678 iter: 15
tot_time: 31.494576692581177
init time: 0.00028252601623535156
contact time: 0.003934621810913086
tot contact: 42
contact analysis time: 0.00042748451232910156
solving time: 0.9739267826080322 iter: 15
tot_time: 32.47806000709534
init time: 0.00024175643920898438
contact time: 0.0037298202514648438
tot contact: 30
contact analysis time: 0.00045299530029296875
solving time: 0.8131351470947266 iter: 15
tot_time: 33.30038046836853
init time: 0.00026726722717285156
contact time: 0.003932952880859375
tot contact: 23
contact analysis time: 0.0005304813385009766
solving time: 0.9493393898010254 iter: 15
tot_time: 34.25922966003418
init time: 0.00022172927856445312
contact time: 0.004067897796630859
tot contact: 24
contact analysis time: 0.0004885196685791016
solving time: 0.932544469833374 iter: 15
tot_time: 35.20145320892334
init time: 0.0002269744873046875
contact time: 0.0040493011474609375
tot contact: 22
contact analysis time: 0.0004940032958984375
solving time: 0.9236528873443604 iter: 15
tot_time: 36.134867668151855
init time: 0.00024890899658203125
contact time: 0.003951072692871094
tot contact: 17
contact analysis time: 0.0004737377166748047
solving time: 0.92763352394104 iter: 15
tot_time: 37.07202434539795
init time: 0.0002582073211669922
contact time: 0.003889799118041992
tot contact: 16
contact analysis time: 0.00045871734619140625
solving time: 0.9302122592926025 iter: 15
tot_time: 38.011685371398926
init time: 0.0002810955047607422
contact time: 0.0038182735443115234
tot contact: 13
contact analysis time: 0.00045752525329589844
solving time: 0.8777954578399658 iter: 15
tot_time: 38.89899492263794
init time: 0.0002276897430419922
contact time: 0.003983736038208008
tot contact: 23
contact analysis time: 0.0004487037658691406
solving time: 0.9364545345306396 iter: 15
tot_time: 39.84489297866821
init time: 0.0002827644348144531
contact time: 0.0038957595825195312
tot contact: 15
contact analysis time: 0.0005338191986083984
solving time: 0.9331605434417725 iter: 15
tot_time: 40.787508726119995
init time: 0.0002219676971435547
contact time: 0.00396728515625
tot contact: 21
contact analysis time: 0.00045013427734375
solving time: 0.9256129264831543 iter: 15
tot_time: 41.722535610198975
init time: 0.00022935867309570312
contact time: 0.0037369728088378906
tot contact: 17
contact analysis time: 0.00045871734619140625
solving time: 0.9395058155059814 iter: 15
tot_time: 42.67124629020691
tot_time: 42.67125344276428
total_reward: [-0.04620989212614203, -0.051045026778930795, -0.049063862245701424, -0.04555719427763499, -0.042305867104589605, -0.042046247478152304, -0.04164040828424509, -0.04109133113719108, -0.04043226725454258, -0.03959938750640834, -0.03876027473468915, -0.037969473580183634, -0.03717861840202258, -0.03635159403330129, -0.03553194466303139, -0.034727524800255705, -0.03370254409235803, -0.0328167401736682, -0.031804773181141444, -0.030827704501422616, -0.029826156080288192, -0.02895437376139311, -0.028081059106566185, -0.02691096212011135, -0.026093715482119095, -0.025263670045807766, -0.02462042917094174, -0.04503161315775485, -0.04438839836558041, -0.04362705812739668, -0.04279850639942392, -0.0419958144868547, -0.04194235801700858, -0.04135436776942566, -0.023595581027881226, -0.022190701494262666, -0.02130431223676891, -0.02096927888032328, -0.020478592788379168, -0.04097143586810665, -0.04103583733588672, -0.040272876502504495, -0.04070689925955461, -0.04048611844959578, -0.040294573101152156, -0.03983135987401207, -0.04010806103063826, -0.04013372070646619, -0.0401844835595053]
tot contact: 17
tot contact: 21
tot contact: 15
tot contact: 23
tot contact: 13
tot contact: 16
tot contact: 17
tot contact: 22
tot contact: 24
tot contact: 23
tot contact: 30
tot contact: 42
tot contact: 33
tot contact: 28
tot contact: 23
tot contact: 20
tot contact: 25
tot contact: 33
tot contact: 27
tot contact: 27
tot contact: 32
tot contact: 33
tot contact: 37
tot contact: 30
tot contact: 37
tot contact: 27
tot contact: 27
tot contact: 31
tot contact: 31
tot contact: 28
tot contact: 32
tot contact: 32
tot contact: 34
tot contact: 34
tot contact: 35
tot contact: 37
tot contact: 28
tot contact: 31
tot contact: 32
tot contact: 29
tot contact: 26
tot contact: 30
tot contact: 26
tot contact: 25
tot contact: 29
tot contact: 26
tot contact: 23
tot contact: 26
tot contact: 29
done grad
iter:  49
[I 10/02/26 14:58:53.981 13459] [swap_chain.cpp:dump_image_buffer@164] Dumping image buffer...
init time: 0.0003204345703125
contact time: 0.0028717517852783203
tot contact: 29
contact analysis time: 0.0005049705505371094
solving time: 0.45975661277770996 iter: 9
tot_time: 0.49828624725341797
init time: 0.00022339820861816406
contact time: 0.0030989646911621094
tot contact: 26
contact analysis time: 0.00045037269592285156
solving time: 0.4781341552734375 iter: 9
tot_time: 0.984978437423706
init time: 0.0002658367156982422
contact time: 0.003173351287841797
tot contact: 23
contact analysis time: 0.000499725341796875
solving time: 0.45426297187805176 iter: 9
tot_time: 1.4479749202728271
init time: 0.00021886825561523438
contact time: 0.003505706787109375
tot contact: 26
contact analysis time: 0.00045871734619140625
solving time: 0.556499719619751 iter: 11
tot_time: 2.0133965015411377
init time: 0.00022411346435546875
contact time: 0.0036411285400390625
tot contact: 29
contact analysis time: 0.000537872314453125
solving time: 0.7791943550109863 iter: 14
tot_time: 2.8018198013305664
init time: 0.0002186298370361328
contact time: 0.003429412841796875
tot contact: 25
contact analysis time: 0.00046634674072265625
solving time: 0.8275172710418701 iter: 15
tot_time: 3.6382365226745605
init time: 0.0002765655517578125
contact time: 0.003412485122680664
tot contact: 26
contact analysis time: 0.0004963874816894531
solving time: 0.6935644149780273 iter: 13
tot_time: 4.340766906738281
init time: 0.00021529197692871094
contact time: 0.0034987926483154297
tot contact: 30
contact analysis time: 0.0004825592041015625
solving time: 0.8370716571807861 iter: 15
tot_time: 5.186826229095459
init time: 0.0002167224884033203
contact time: 0.0035605430603027344
tot contact: 27
contact analysis time: 0.00044345855712890625
solving time: 0.9210941791534424 iter: 15
tot_time: 6.116982936859131
init time: 0.00022149085998535156
contact time: 0.0035653114318847656
tot contact: 29
contact analysis time: 0.0004496574401855469
solving time: 0.9266600608825684 iter: 15
tot_time: 7.052591323852539
init time: 0.000278472900390625
contact time: 0.0036966800689697266
tot contact: 32
contact analysis time: 0.00048065185546875
solving time: 0.9157905578613281 iter: 15
tot_time: 7.977659225463867
init time: 0.000286102294921875
contact time: 0.0036382675170898438
tot contact: 31
contact analysis time: 0.0005331039428710938
solving time: 0.9214210510253906 iter: 15
tot_time: 8.908534526824951
init time: 0.00022459030151367188
contact time: 0.0036041736602783203
tot contact: 28
contact analysis time: 0.0004544258117675781
solving time: 0.8870868682861328 iter: 15
tot_time: 9.80487060546875
init time: 0.00022649765014648438
contact time: 0.003902435302734375
tot contact: 37
contact analysis time: 0.00046372413635253906
solving time: 0.9289393424987793 iter: 15
tot_time: 10.743345022201538
init time: 0.0002162456512451172
contact time: 0.0037505626678466797
tot contact: 35
contact analysis time: 0.0004513263702392578
solving time: 0.9255070686340332 iter: 15
tot_time: 11.678033828735352
init time: 0.00028634071350097656
contact time: 0.003679990768432617
tot contact: 34
contact analysis time: 0.00054168701171875
solving time: 0.9512844085693359 iter: 15
tot_time: 12.638674259185791
init time: 0.00021791458129882812
contact time: 0.0037932395935058594
tot contact: 34
contact analysis time: 0.0005261898040771484
solving time: 0.9379661083221436 iter: 15
tot_time: 13.58590292930603
init time: 0.00022220611572265625
contact time: 0.003822803497314453
tot contact: 31
contact analysis time: 0.0004775524139404297
solving time: 0.8231537342071533 iter: 13
tot_time: 14.418658256530762
init time: 0.0003154277801513672
contact time: 0.0037736892700195312
tot contact: 32
contact analysis time: 0.0005261898040771484
solving time: 0.9475438594818115 iter: 15
tot_time: 15.375587701797485
init time: 0.00022077560424804688
contact time: 0.0037527084350585938
tot contact: 28
contact analysis time: 0.0004458427429199219
solving time: 0.7041671276092529 iter: 12
tot_time: 16.08913016319275
init time: 0.00022530555725097656
contact time: 0.0038149356842041016
tot contact: 31
contact analysis time: 0.0004570484161376953
solving time: 0.8194975852966309 iter: 13
tot_time: 16.9180588722229
init time: 0.00030159950256347656
contact time: 0.0038022994995117188
tot contact: 31
contact analysis time: 0.00046515464782714844
solving time: 0.9379088878631592 iter: 15
tot_time: 17.865473985671997
init time: 0.00021767616271972656
contact time: 0.0036895275115966797
tot contact: 27
contact analysis time: 0.0004677772521972656
solving time: 0.9404585361480713 iter: 15
tot_time: 18.81518840789795
init time: 0.00027751922607421875
contact time: 0.003734111785888672
tot contact: 27
contact analysis time: 0.0005254745483398438
solving time: 0.8798246383666992 iter: 14
tot_time: 19.704354524612427
init time: 0.0002193450927734375
contact time: 0.003836393356323242
tot contact: 37
contact analysis time: 0.00046372413635253906
solving time: 0.8970136642456055 iter: 14
tot_time: 20.610743522644043
init time: 0.00023889541625976562
contact time: 0.0039215087890625
tot contact: 30
contact analysis time: 0.000507354736328125
solving time: 0.9416522979736328 iter: 15
tot_time: 21.562209129333496
init time: 0.00026345252990722656
contact time: 0.004013776779174805
tot contact: 37
contact analysis time: 0.00047326087951660156
solving time: 0.9462177753448486 iter: 15
tot_time: 22.518083810806274
init time: 0.0002238750457763672
contact time: 0.003743410110473633
tot contact: 33
contact analysis time: 0.0004801750183105469
solving time: 0.929779052734375 iter: 15
tot_time: 23.457226991653442
init time: 0.00023126602172851562
contact time: 0.0037064552307128906
tot contact: 32
contact analysis time: 0.0004639625549316406
solving time: 0.9320957660675049 iter: 15
tot_time: 24.39851689338684
init time: 0.0002658367156982422
contact time: 0.003618478775024414
tot contact: 27
contact analysis time: 0.0004582405090332031
solving time: 0.929541826248169 iter: 15
tot_time: 25.337327480316162
init time: 0.00024628639221191406
contact time: 0.0036377906799316406
tot contact: 27
contact analysis time: 0.0004825592041015625
solving time: 0.8986947536468506 iter: 15
tot_time: 26.24557614326477
init time: 0.00029540061950683594
contact time: 0.003683328628540039
tot contact: 33
contact analysis time: 0.0005481243133544922
solving time: 0.879218339920044 iter: 15
tot_time: 27.13424849510193
init time: 0.00021910667419433594
contact time: 0.0038115978240966797
tot contact: 25
contact analysis time: 0.0004940032958984375
solving time: 0.8785288333892822 iter: 15
tot_time: 28.022191047668457
init time: 0.0003173351287841797
contact time: 0.0037174224853515625
tot contact: 19
contact analysis time: 0.0004787445068359375
solving time: 0.8772623538970947 iter: 15
tot_time: 28.908855199813843
init time: 0.00021219253540039062
contact time: 0.003957986831665039
tot contact: 23
contact analysis time: 0.0004553794860839844
solving time: 0.8918499946594238 iter: 15
tot_time: 29.810252904891968
init time: 0.00022101402282714844
contact time: 0.004006624221801758
tot contact: 29
contact analysis time: 0.0004608631134033203
solving time: 0.9837644100189209 iter: 15
tot_time: 30.803585290908813
init time: 0.00028252601623535156
contact time: 0.004017829895019531
tot contact: 33
contact analysis time: 0.0004782676696777344
solving time: 0.9593913555145264 iter: 15
tot_time: 31.772732257843018
init time: 0.00022029876708984375
contact time: 0.0038611888885498047
tot contact: 42
contact analysis time: 0.00046133995056152344
solving time: 0.972780704498291 iter: 15
tot_time: 32.754923582077026
init time: 0.00027561187744140625
contact time: 0.0038001537322998047
tot contact: 30
contact analysis time: 0.0004990100860595703
solving time: 0.811434268951416 iter: 15
tot_time: 33.57577204704285
init time: 0.0002238750457763672
contact time: 0.0039827823638916016
tot contact: 22
contact analysis time: 0.0004506111145019531
solving time: 0.9299371242523193 iter: 15
tot_time: 34.51521968841553
init time: 0.00021767616271972656
contact time: 0.004044055938720703
tot contact: 24
contact analysis time: 0.0004534721374511719
solving time: 0.9358518123626709 iter: 15
tot_time: 35.4605975151062
init time: 0.00023055076599121094
contact time: 0.004065752029418945
tot contact: 22
contact analysis time: 0.00048804283142089844
solving time: 0.9224827289581299 iter: 15
tot_time: 36.39295482635498
init time: 0.00022149085998535156
contact time: 0.00390934944152832
tot contact: 17
contact analysis time: 0.00045180320739746094
solving time: 0.9236092567443848 iter: 15
tot_time: 37.32591724395752
init time: 0.0002880096435546875
contact time: 0.003846406936645508
tot contact: 15
contact analysis time: 0.0004372596740722656
solving time: 0.9204299449920654 iter: 15
tot_time: 38.255781173706055
init time: 0.000217437744140625
contact time: 0.0037839412689208984
tot contact: 13
contact analysis time: 0.00044608116149902344
solving time: 0.8782117366790771 iter: 15
tot_time: 39.1431622505188
init time: 0.00027298927307128906
contact time: 0.003973484039306641
tot contact: 24
contact analysis time: 0.0005276203155517578
solving time: 0.9363217353820801 iter: 15
tot_time: 40.089041233062744
init time: 0.00022268295288085938
contact time: 0.0039844512939453125
tot contact: 17
contact analysis time: 0.00046181678771972656
solving time: 0.9477205276489258 iter: 15
tot_time: 41.046226024627686
init time: 0.0002446174621582031
contact time: 0.0038874149322509766
tot contact: 21
contact analysis time: 0.00047278404235839844
solving time: 0.938096284866333 iter: 15
tot_time: 41.99379920959473
init time: 0.0002243518829345703
contact time: 0.003829479217529297
tot contact: 18
contact analysis time: 0.0004558563232421875
solving time: 0.9441595077514648 iter: 15
tot_time: 42.94735860824585
tot_time: 42.947365522384644
total_reward: [-0.04620989212614203, -0.051045026778930795, -0.049063862245701424, -0.04555719427763499, -0.042305867104589605, -0.042046247478152304, -0.04164040828424509, -0.04109133113719108, -0.04043226725454258, -0.03959938750640834, -0.03876027473468915, -0.037969473580183634, -0.03717861840202258, -0.03635159403330129, -0.03553194466303139, -0.034727524800255705, -0.03370254409235803, -0.0328167401736682, -0.031804773181141444, -0.030827704501422616, -0.029826156080288192, -0.02895437376139311, -0.028081059106566185, -0.02691096212011135, -0.026093715482119095, -0.025263670045807766, -0.02462042917094174, -0.04503161315775485, -0.04438839836558041, -0.04362705812739668, -0.04279850639942392, -0.0419958144868547, -0.04194235801700858, -0.04135436776942566, -0.023595581027881226, -0.022190701494262666, -0.02130431223676891, -0.02096927888032328, -0.020478592788379168, -0.04097143586810665, -0.04103583733588672, -0.040272876502504495, -0.04070689925955461, -0.04048611844959578, -0.040294573101152156, -0.03983135987401207, -0.04010806103063826, -0.04013372070646619, -0.0401844835595053, -0.039937778428981635]
tot contact: 18
tot contact: 21
tot contact: 17
tot contact: 24
tot contact: 13
tot contact: 15
tot contact: 17
tot contact: 22
tot contact: 24
tot contact: 22
tot contact: 30
tot contact: 42
tot contact: 33
tot contact: 29
tot contact: 23
tot contact: 19
tot contact: 25
tot contact: 33
tot contact: 27
tot contact: 27
tot contact: 32
tot contact: 33
tot contact: 37
tot contact: 30
tot contact: 37
tot contact: 27
tot contact: 27
tot contact: 31
tot contact: 31
tot contact: 28
tot contact: 32
tot contact: 31
tot contact: 34
tot contact: 34
tot contact: 35
tot contact: 37
tot contact: 28
tot contact: 31
tot contact: 32
tot contact: 29
tot contact: 27
tot contact: 30
tot contact: 26
tot contact: 25
tot contact: 29
tot contact: 26
tot contact: 23
tot contact: 26
tot contact: 29
done grad
